alias,canonical,alias_count,canonical_count_in_pf,alias_years,canonical_years,shared_events,shared_event_ids_sample,alias_event_ids_sample,canonical_event_ids_sample,score,reasons
Jer,Jack Jer,1,1,2010,2010,1,1268445253,1268445253,1268445253,10,"suffix_match,token_subset,shared_events=1,rare_alias,canon_more_common"
Hellberg,Magnus Hellberg,1,18,2005,2004..2012 (8 yrs),1,1102576153,1102576153,"1089373321,1102576153,1125936037,1135116604,1139778550",10,"suffix_match,token_subset,shared_events=1,rare_alias,canon_more_common"
Daniel,Hannés Daniel,2,14,"2003,2006",2003..2010 (7 yrs),1,1135116604,"1035277529,1135116604","1064330873,1102576153,1135116604,1183729267,1194517448",10,"suffix_match,token_subset,shared_events=1,rare_alias,canon_more_common"
Pelko,Ale Pelko,1,10,2003,2006..2018 (8 yrs),0,,1035277529,"1135116604,1149763452,1183729267,1194517448,1199106237",9,"suffix_match,token_subset,rare_alias,canon_more_common"
Smirnov,Alex Smirnov,1,1,2003,2006,0,,1035277529,1137942486,9,"suffix_match,token_subset,rare_alias,canon_more_common"
Smirnov,Alexander Smirnov,1,15,2003,2004..2014 (9 yrs),0,,1035277529,"1069929277,1102576153,1135116604,1161871029,1163784775",9,"suffix_match,token_subset,rare_alias,canon_more_common"
Schmidt,Anne Schmidt,1,7,2003,"2010,2011,2012,2013,2014",0,,1035277529,"1282224512,1298627369,1337617980,1349043745,1354752474",9,"suffix_match,token_subset,rare_alias,canon_more_common"
Fritsch,Antonio Fritsch,1,27,2003,2006..2015 (10 yrs),0,,1035277529,"1135116604,1149763452,1183729267,1194517448,1199106237",9,"suffix_match,token_subset,rare_alias,canon_more_common"
Donnat,Arnaud Donnat,1,10,2003,"2002,2003,2004,2005,2006",0,,1035277529,"1030830356,1050745947,1064849293,1089373321,1103724325",9,"suffix_match,token_subset,rare_alias,canon_more_common"
Zahner,Beni Zahner,1,1,2003,2001,0,,1035277529,981560223,9,"suffix_match,token_subset,rare_alias,canon_more_common"
Ben Alston,Big Ben Alston,1,1,2012,2008,0,,1323272493,1218721346,9,"suffix_match,token_subset,rare_alias,canon_more_common"
Reyer,Chris Reyer,1,1,2003,2003,0,,1035277529,1042821772,9,"suffix_match,token_subset,rare_alias,canon_more_common"
Dubuis,Christian Dubuis,1,8,2001,"2000,2001,2002,2011",0,,996678489,"1004370976,1030830356,1299019355,957778745,981560223",9,"suffix_match,token_subset,rare_alias,canon_more_common"
Reyer,Christopher Reyer,1,1,2003,2001,0,,1035277529,1001076203,9,"suffix_match,token_subset,rare_alias,canon_more_common"
Louis,Denton Louis,1,6,2023,"2007,2008",0,,1686926080,"1163784775,1181021804,1208408135",9,"suffix_match,token_subset,rare_alias,canon_more_common"
Rutz,Dominik Rutz,1,3,2003,"2010,2011",0,,1035277529,"1280907422,1282224512,1299019355",9,"suffix_match,token_subset,rare_alias,canon_more_common"
Schmidt,Eric Schmidt,1,1,2003,2000,0,,1035277529,948198763,9,"suffix_match,token_subset,rare_alias,canon_more_common"
Lindner,Eurik Lindner,1,38,2003,2003..2025 (19 yrs),0,,1035277529,"1064330873,1069929277,1079605499,1089373321,1102576153",9,"suffix_match,token_subset,rare_alias,canon_more_common"
Tellenbach,Grischa Tellenbach,1,127,2003,2002..2025 (23 yrs),0,,1035277529,"1030830356,1042821772,1050745947,1064849293,1080138513",9,"suffix_match,token_subset,rare_alias,canon_more_common"
Roy,Guillaume Perrault Roy,1,1,2004,2021,0,,1079444598,1628025574,9,"suffix_match,token_subset,rare_alias,canon_more_common"
Hellberg,Hakan Hellberg,1,47,2005,2004..2015 (12 yrs),0,,1102576153,"1079605499,1089373321,1125936037,1135116604,1137942486",9,"suffix_match,token_subset,rare_alias,canon_more_common"
Freller,Hanz Freller,1,5,2003,"2000,2001,2003",0,,1035277529,"1038895913,1042821772,947196813,996293200",9,"suffix_match,token_subset,rare_alias,canon_more_common"
Thomas,Heather Thomas,1,6,2006,"2003,2004,2008,2009",0,,1137942486,"1058378281,1069929277,1189977929,1216849705,1235253768",9,"suffix_match,token_subset,rare_alias,canon_more_common"
Simon,Hendrik Simon,1,7,2002,"2009,2011,2012,2013,2014,2018",0,,1025084282,"1226679678,1298627369,1328094862,1349043745,1354752474",9,"suffix_match,token_subset,rare_alias,canon_more_common"
Lindner,Henning Lindner,1,1,2003,2022,0,,1035277529,1565425638,9,"suffix_match,token_subset,rare_alias,canon_more_common"
Pelko,Irena Pelko,1,1,2003,2018,0,,1035277529,1518200935,9,"suffix_match,token_subset,rare_alias,canon_more_common"
Korff,Johannes Korff,1,9,2003,"2010,2011,2012,2013,2014",0,,1035277529,"1256202918,1282224512,1293877917,1294262550,1298627369",9,"suffix_match,token_subset,rare_alias,canon_more_common"
Crain,Joseph Crain,1,1,2003,2003,0,,1035277529,1042821772,9,"suffix_match,token_subset,rare_alias,canon_more_common"
Meneboo,Jules Meneboo,1,6,2003,"2004,2005,2007,2009,2010",0,,1035277529,"1090569022,1103724325,1177512537,1241011525,1277805979",9,"suffix_match,token_subset,rare_alias,canon_more_common"
Nora,Locher Nora,1,1,2003,2004,0,,1064849293,1079605499,9,"suffix_match,token_subset,rare_alias,canon_more_common"
Lacaze,Ludovic Lacaze,1,18,2003,2000..2011 (12 yrs),0,,1035277529,"1001076203,1030830356,1050745947,1090569022,1125936037",9,"suffix_match,token_subset,rare_alias,canon_more_common"
Brunet,Marc Brunet,1,27,2003,2004..2013 (10 yrs),0,,1035277529,"1069929277,1090569022,1103724325,1135116604,1148374547",9,"suffix_match,token_subset,rare_alias,canon_more_common"
Brunet,Marco Brunet,1,7,2003,"2004,2006,2011",0,,1035277529,"1080138513,1134914723,1143027870,1143195910,1160579826",9,"suffix_match,token_subset,rare_alias,canon_more_common"
Roy,Marielou Roy,1,1,2004,2011,0,,1079444598,1293877677,9,"suffix_match,token_subset,rare_alias,canon_more_common"
Simon,Mark Simon,1,1,2002,2023,0,,1025084282,1697391704,9,"suffix_match,token_subset,rare_alias,canon_more_common"
Schmidt,Mathias Lino Schmidt,1,1,2003,2010,0,,1035277529,1260368810,9,"suffix_match,token_subset,rare_alias,canon_more_common"
Schmidt,Mathias Schmidt,1,2,2003,"2006,2012",0,,1035277529,"1137942486,1323272493",9,"suffix_match,token_subset,rare_alias,canon_more_common"
Baker,Matt Baker,1,8,2003,"1998,2000,2001,2002",0,,1035277529,"1028233308,884112176,941418343,979089216,996293200",9,"suffix_match,token_subset,rare_alias,canon_more_common"
Baker,Matthew Baker,1,1,2003,2003,0,,1035277529,1042821772,9,"suffix_match,token_subset,rare_alias,canon_more_common"
Schmidt,Matthias Lino Schmidt,1,43,2003,2000..2023 (16 yrs),0,,1035277529,"1042821772,1052775366,1070734498,1079444598,1089373321",9,"suffix_match,token_subset,rare_alias,canon_more_common"
De Zeeuw,Nicolas De Zeeuw,1,25,2003,2001..2014 (11 yrs),0,,1035277529,"1001076203,1089373321,1090569022,1103724325,1125936037",9,"suffix_match,token_subset,rare_alias,canon_more_common"
Michal,Ostrowski Michal,1,1,2002,2007,0,,1018812342,1185458086,9,"suffix_match,token_subset,rare_alias,canon_more_common"
Dorner,Peter Dorner,1,1,2001,2003,0,,996678489,1041241196,9,"suffix_match,token_subset,rare_alias,canon_more_common"
Roger,Pierre-Alexandre ROGER,1,1,2005,2019,0,,1126086921,1547720079,9,"suffix_match,token_subset,rare_alias,canon_more_common"
Thomas,Russell Thomas,1,2,2006,"2013,2014",0,,1137942486,"1349043745,1389730147",9,"suffix_match,token_subset,rare_alias,canon_more_common"
Thomas,Ryan Thomas,1,19,2006,"2003,2008,2009,2010,2014,2015",0,,1137942486,"1049457912,1216058526,1245793403,1252110023,1268407783",9,"suffix_match,token_subset,rare_alias,canon_more_common"
Weiss,Sabrina Weiss,1,2,2001,2000,0,,996678489,948198763,9,"suffix_match,token_subset,rare_alias,canon_more_common"
Smirnov,Sasha Smirnov,1,3,2003,"2008,2009",0,,1035277529,"1194517448,1226679678,1232474501",9,"suffix_match,token_subset,rare_alias,canon_more_common"
Matthias,Schmidt Matthias,1,4,2008,"2004,2017,2023",0,,1195677906,"1079605499,1089373321,1499025778,1678957450",9,"suffix_match,token_subset,rare_alias,canon_more_common"
Fritsch,Theodore Fritsch,1,81,2003,2001..2022 (19 yrs),0,,1035277529,"1011291051,1021665982,1031334528,1039550946,1049457912",9,"suffix_match,token_subset,rare_alias,canon_more_common"
Tyrpekl,Tomas Tyrpekl,1,5,2001,"1999,2000,2001,2003",0,,996678489,"1000071985,1042821772,942013549,944242404,981560223",9,"suffix_match,token_subset,rare_alias,canon_more_common"
Fritsch,Toni Fritsch,1,3,2003,"2007,2010,2012",0,,1035277529,"1195773772,1282224512,1319622692",9,"suffix_match,token_subset,rare_alias,canon_more_common"
Fritsch,Tony Fritsch,1,1,2003,2004,0,,1035277529,1089373321,9,"suffix_match,token_subset,rare_alias,canon_more_common"
Wigger,Torbin Wigger,1,5,2000,"1984,1999,2001,2011",0,,948198763,"1298627369,2001984001,912467534,917278465,980502839",9,"suffix_match,token_subset,rare_alias,canon_more_common"
Rousseau,Vincent Rousseau,1,34,2003,2002..2012 (11 yrs),0,,1035277529,"1030830356,1064849293,1080138513,1089373321,1090569022",9,"suffix_match,token_subset,rare_alias,canon_more_common"
John,Jari John,2,10,"2006,2010","2011,2016,2017,2018,2019,2022",0,,"1157398732,1268445253","1298627369,1449259560,1460640850,1487797845,1499025778",9,"suffix_match,token_subset,rare_alias,canon_more_common"
Hanna,Mickiewicz Hanna,2,3,2003,"2004,2008",0,,"1041241196,1064849293","1079605499,1219405634",9,"suffix_match,token_subset,rare_alias,canon_more_common"
Arthur,Arthur Ledain,1,74,2005,2003..2018 (16 yrs),1,1103297805,1103297805,"1050745947,1064849293,1080138513,1089373321,1103297805",8,"prefix_match,token_subset,shared_events=1,rare_alias,canon_more_common"
Brayan Bosa,Brayan Bosa Bedoya,1,12,2023,"2009,2012,2023",1,1678957450,1678957450,"1258513500,1346947092,1678957450",8,"prefix_match,token_subset,shared_events=1,rare_alias,canon_more_common"
Jack,Jack Jer,1,1,2010,2010,1,1268445253,1268445253,1268445253,8,"prefix_match,token_subset,shared_events=1,rare_alias,canon_more_common"
Thomas,Thomas Foerster,1,11,2006,2002..2010 (7 yrs),1,1137942486,1137942486,"1028800969,1064330873,1135116604,1137942486,1149763452",8,"prefix_match,token_subset,shared_events=1,rare_alias,canon_more_common"
Daniel,Daniel Meyer,2,5,"2003,2006",2006,1,1135116604,"1035277529,1135116604","1135116604,1149763452,1161167528",8,"prefix_match,token_subset,shared_events=1,rare_alias,canon_more_common"
David,David Beyers,2,9,"2003,2006","2005,2006,2007,2009,2019,2024",1,1149881200,"1050745947,1149881200","1109356644,1149881200,1182542776,1252110023,1552865692",8,"prefix_match,token_subset,shared_events=1,rare_alias,canon_more_common"
David,David Clavens,2,55,"2003,2006",2004..2014 (10 yrs),1,1149881200,"1050745947,1149881200","1069929277,1109356644,1137347261,1143155263,1143172220",8,"prefix_match,token_subset,shared_events=1,rare_alias,canon_more_common"
Luka,Luka-Jean François Bélanger,2,2,"2007,2010","2007,2010",1,1170456736,"1170456736,1268445253","1170456736,1252451527",8,"prefix_match,token_subset,shared_events=1,rare_alias,canon_more_common"
Smirnov,Aleksander Smirnov,1,0,2003,,0,,1035277529,,8,"suffix_match,token_subset,rare_alias"
Frank,Asher Frank,1,0,2010,,0,,1268445253,,8,"suffix_match,token_subset,rare_alias"
Kobe,Bostjan Kobe,1,0,2003,,0,,1035277529,,8,"suffix_match,token_subset,rare_alias"
Send,Daniel Send,1,0,2003,,0,,1035277529,,8,"suffix_match,token_subset,rare_alias"
Karim,Daouk Karim,1,0,2002,,0,,1030830356,,8,"suffix_match,token_subset,rare_alias"
Simon,Henrik Simon,1,0,2002,,0,,1025084282,,8,"suffix_match,token_subset,rare_alias"
Heyes,Jono Heyes,1,0,2003,,0,,1035277529,,8,"suffix_match,token_subset,rare_alias"
Roy,Marilou Roy,1,0,2004,,0,,1079444598,,8,"suffix_match,token_subset,rare_alias"
Rousseau,Marion Rousseau,1,0,2003,,0,,1035277529,,8,"suffix_match,token_subset,rare_alias"
Schmidt,Matze Schmidt,1,0,2003,,0,,1035277529,,8,"suffix_match,token_subset,rare_alias"
Copi,Oton Copi,1,0,2003,,0,,1035277529,,8,"suffix_match,token_subset,rare_alias"
Hanak,Philipp Hanak,1,0,2003,,0,,1035277529,,8,"suffix_match,token_subset,rare_alias"
Thomas,Russ Thomas,1,0,2006,,0,,1137942486,,8,"suffix_match,token_subset,rare_alias"
Jack,Steffen Jack,1,0,2010,,0,,1268445253,,8,"suffix_match,token_subset,rare_alias"
Weiss,Thomas Weiss,1,0,2001,,0,,996678489,,8,"suffix_match,token_subset,rare_alias"
Simon,Voss Simon,1,0,2002,,0,,1025084282,,8,"suffix_match,token_subset,rare_alias"
David,Chabannes David,2,0,"2003,2006",,0,,"1050745947,1149881200",,8,"suffix_match,token_subset,rare_alias"
David,Evan David,2,0,"2003,2006",,0,,"1050745947,1149881200",,8,"suffix_match,token_subset,rare_alias"
Daniel,Hanneé Daniel,2,0,"2003,2006",,0,,"1035277529,1135116604",,8,"suffix_match,token_subset,rare_alias"
David,Juan David,2,1,"2003,2006",2023,0,,"1050745947,1149881200",1678957450,8,"suffix_match,token_subset,rare_alias"
David,Kaufmann David,2,1,"2003,2006",2004,0,,"1050745947,1149881200",1079605499,8,"suffix_match,token_subset,rare_alias"
Nina,Mader Nina,2,1,"2002,2003",2004,0,,"1025084282,1064849293",1079605499,8,"suffix_match,token_subset,rare_alias"
Jakob,Mai Jakob,2,1,"2004,2008",2004,0,,"1079444598,1195677906",1079605499,8,"suffix_match,token_subset,rare_alias"
Jakob,Wagner Jakob,2,1,"2004,2008",2004,0,,"1079444598,1195677906",1079605499,8,"suffix_match,token_subset,rare_alias"
Jean,Jean Galabrun,43,2,2000..2025 (16 yrs),"2019,2022",2,"1547720079,1647508742","1011291051,1039550946,1049457912,1131659634,1135116604","1547720079,1647508742",7,"prefix_match,token_subset,shared_events=2"
Abram,Abram Santana,1,3,2002,"2007,2008,2010",0,,1018812342,"1163784775,1194517448,1265745512",7,"prefix_match,token_subset,rare_alias,canon_more_common"
Alex,Alex Bartsch,1,3,2025,"2010,2011,2014",0,,1739036206,"1260368810,1293877677,1391189882",7,"prefix_match,token_subset,rare_alias,canon_more_common"
Alex,Alex Bernstein,1,4,2025,2008,0,,1739036206,1193783964,7,"prefix_match,token_subset,rare_alias,canon_more_common"
Alex,Alex Bélanger,1,1,2025,2005,0,,1739036206,1107290435,7,"prefix_match,token_subset,rare_alias,canon_more_common"
Alex,Alex Davidson,1,1,2025,2008,0,,1739036206,1212769063,7,"prefix_match,token_subset,rare_alias,canon_more_common"
Alex,Alex Dworetzky,1,38,2025,2007..2017 (9 yrs),0,,1739036206,"1163784775,1193783964,1194517448,1265745512,1293877677",7,"prefix_match,token_subset,rare_alias,canon_more_common"
Alex,Alex Faber,1,7,2025,"2000,2001,2002,2003",0,,1739036206,"1016457376,1044624680,947026077,953918475,984694623",7,"prefix_match,token_subset,rare_alias,canon_more_common"
Alex,Alex Grammer,1,2,2025,2005,0,,1739036206,1125004188,7,"prefix_match,token_subset,rare_alias,canon_more_common"
Alex,Alex Heerman,1,2,2025,"2003,2006",0,,1739036206,"1044624680,1155788760",7,"prefix_match,token_subset,rare_alias,canon_more_common"
Alex,Alex Lopez,1,5,2025,2012,0,,1739036206,"1346947092,1346948712",7,"prefix_match,token_subset,rare_alias,canon_more_common"
Alex,Alex Michelewski,1,10,2025,1999..2013 (8 yrs),0,,1739036206,"1042821772,1070734498,1194517448,1235653935,1349043745",7,"prefix_match,token_subset,rare_alias,canon_more_common"
Alex,Alex Salgado,1,1,2025,2003,0,,1739036206,1049457912,7,"prefix_match,token_subset,rare_alias,canon_more_common"
Alex,Alex Segalowsky,1,1,2025,2003,0,,1739036206,1058877971,7,"prefix_match,token_subset,rare_alias,canon_more_common"
Alex,Alex Shocki,1,2,2025,"2003,2006",0,,1739036206,"1042821772,1135116604",7,"prefix_match,token_subset,rare_alias,canon_more_common"
Alex,Alex Smirnov,1,1,2025,2006,0,,1739036206,1137942486,7,"prefix_match,token_subset,rare_alias,canon_more_common"
Alex,Alex Spears,1,8,2025,"1998,1999,2002,2003,2004,2008",0,,1739036206,"1028218784,1058378281,1069929277,1216849705,876336655",7,"prefix_match,token_subset,rare_alias,canon_more_common"
Alex,Alex Starks,1,1,2025,1999,0,,1739036206,903632480,7,"prefix_match,token_subset,rare_alias,canon_more_common"
Alex,Alex Strassman,1,4,2025,"2004,2005,2007",0,,1739036206,"1069929277,1075781798,1102576153,1163784775",7,"prefix_match,token_subset,rare_alias,canon_more_common"
Alex,Alex Urano,1,1,2025,2006,0,,1739036206,1135116604,7,"prefix_match,token_subset,rare_alias,canon_more_common"
Alex,Alex Vannier,1,2,2025,2006,0,,1739036206,"1143027870,1149763452",7,"prefix_match,token_subset,rare_alias,canon_more_common"
Alex,Alex Venis,1,3,2025,"2014,2015,2024",0,,1739036206,"1391189882,1417735560,1706036811",7,"prefix_match,token_subset,rare_alias,canon_more_common"
Alex,Alex Verget,1,2,2025,2006,0,,1739036206,1148241486,7,"prefix_match,token_subset,rare_alias,canon_more_common"
Alex,Alex Watkins,1,1,2025,2008,0,,1739036206,1193783964,7,"prefix_match,token_subset,rare_alias,canon_more_common"
Alex,Alex Zeke Ibardaloza,1,2,2025,2006,0,,1739036206,1157942368,7,"prefix_match,token_subset,rare_alias,canon_more_common"
Alex,Alex Zerbe,1,9,2025,"1999,2000,2001,2002,2003",0,,1739036206,"1013283071,1036298726,910551956,915561090,941418343",7,"prefix_match,token_subset,rare_alias,canon_more_common"
André,André Calado Coroado,1,2,2008,"2024,2025",0,,1195677906,"1709070838,1740419380",7,"prefix_match,token_subset,rare_alias,canon_more_common"
André,André Lemaire,1,10,2008,1998..2011 (8 yrs),0,,1195677906,"1069929277,1113344236,1143155263,1180496320,1245199707",7,"prefix_match,token_subset,rare_alias,canon_more_common"
André,André Volksdorf,1,4,2008,"2009,2010,2011,2012",0,,1195677906,"1257621700,1282224512,1298627369,1337617980",7,"prefix_match,token_subset,rare_alias,canon_more_common"
Augustin,Augustin Tiffaud,1,6,2005,2006,0,,1103297805,1134914723,7,"prefix_match,token_subset,rare_alias,canon_more_common"
Augustin,Augustin Tiffou,1,22,2005,"2005,2006,2007,2008,2009",0,,1103297805,"1103724325,1125936037,1135116604,1137942486,1143027870",7,"prefix_match,token_subset,rare_alias,canon_more_common"
Ben,Ben Appold,1,2,2016,2010,0,,1449259560,1267718326,7,"prefix_match,token_subset,rare_alias,canon_more_common"
Ben,Ben Babyak,1,8,2016,"2014,2017,2019,2024,2025",0,,1449259560,"1405875596,1502929111,1555631351,1721320739,1750356087",7,"prefix_match,token_subset,rare_alias,canon_more_common"
Ben,Ben Barrows,1,12,2016,2003..2023 (9 yrs),0,,1449259560,"1044624680,1125004188,1155788760,1163784775,1539024211",7,"prefix_match,token_subset,rare_alias,canon_more_common"
Ben,Ben Benulis,1,10,2016,"2007,2008,2009,2010",0,,1449259560,"1163784775,1173467292,1176844933,1216849705,1235253768",7,"prefix_match,token_subset,rare_alias,canon_more_common"
Ben,Ben Cochrane,1,8,2016,1997..2012 (7 yrs),0,,1449259560,"1102576153,1337309613,857881519,886044392,919703711",7,"prefix_match,token_subset,rare_alias,canon_more_common"
Ben,Ben Elynn,1,2,2016,2002,0,,1449259560,1035817350,7,"prefix_match,token_subset,rare_alias,canon_more_common"
Ben,Ben Enwright,1,1,2016,2006,0,,1449259560,1138601883,7,"prefix_match,token_subset,rare_alias,canon_more_common"
Ben,Ben Hutchinson,1,2,2016,1998,0,,1449259560,"876336655,876356874",7,"prefix_match,token_subset,rare_alias,canon_more_common"
Ben,Ben Johnson,1,2,2016,"2014,2016",0,,1449259560,"1386623061,1458772302",7,"prefix_match,token_subset,rare_alias,canon_more_common"
Ben,Ben Kellman,1,19,2016,2001..2023 (7 yrs),0,,1449259560,"1021665982,1031334528,1049457912,1069929277,1109356644",7,"prefix_match,token_subset,rare_alias,canon_more_common"
Ben,Ben Little,1,5,2016,"1997,1999,2004,2012",0,,1449259560,"1069929277,1337623340,857876517,910551956",7,"prefix_match,token_subset,rare_alias,canon_more_common"
Ben,Ben Rochon,1,1,2016,2004,0,,1449259560,1069929277,7,"prefix_match,token_subset,rare_alias,canon_more_common"
Ben,Ben Roscoe,1,3,2016,"2007,2008",0,,1449259560,"1163784775,1194517448",7,"prefix_match,token_subset,rare_alias,canon_more_common"
Ben,Ben Scarborough,1,8,2016,"2001,2002,2003",0,,1449259560,"1016457376,1021665982,1044624680,1049457912,981129410",7,"prefix_match,token_subset,rare_alias,canon_more_common"
Ben,Ben Schmaltz,1,2,2016,"2003,2007",0,,1449259560,"1036298726,1176318174",7,"prefix_match,token_subset,rare_alias,canon_more_common"
Ben,Ben Skaggs,1,4,2016,"2007,2008",0,,1449259560,"1163784775,1200725314",7,"prefix_match,token_subset,rare_alias,canon_more_common"
Ben,Ben Valentine,1,1,2016,2005,0,,1449259560,1125004188,7,"prefix_match,token_subset,rare_alias,canon_more_common"
Ben,Ben West,1,1,2016,1999,0,,1449259560,919703711,7,"prefix_match,token_subset,rare_alias,canon_more_common"
Ben,Ben Zylbeberg,1,1,2016,2001,0,,1449259560,981129410,7,"prefix_match,token_subset,rare_alias,canon_more_common"
Carlos,CARLOS RAMIREZ,1,12,2010,"2018,2019",0,,1268445253,"1515176008,1527557123,1537994275,1549597969,1568692191",7,"prefix_match,token_subset,rare_alias,canon_more_common"
Carlos,Carlos Acosta,1,4,2010,"2012,2013,2015,2023",0,,1268445253,"1339389008,1353380057,1423020874,1678957450",7,"prefix_match,token_subset,rare_alias,canon_more_common"
Carlos,Carlos Blaumann,1,4,2010,"2010,2011",0,,1268445253,"1286381599,1301675662,1311699287",7,"prefix_match,token_subset,rare_alias,canon_more_common"
Carlos,Carlos Funes,1,2,2010,"2015,2023",0,,1268445253,"1430582557,1699593640",7,"prefix_match,token_subset,rare_alias,canon_more_common"
Carlos,Carlos Maldonado,1,2,2010,2010,0,,1268445253,1286381599,7,"prefix_match,token_subset,rare_alias,canon_more_common"
Carlos,Carlos Marquez,1,18,2010,"2009,2010,2011,2012,2013",0,,1268445253,"1226679678,1251952403,1258513500,1267469140,1282224512",7,"prefix_match,token_subset,rare_alias,canon_more_common"
Carlos,Carlos Medina,1,6,2010,"2013,2015,2019",0,,1268445253,"1366240051,1368559562,1423020874,1430582557,1435784719",7,"prefix_match,token_subset,rare_alias,canon_more_common"
Carlos,Carlos Terraza,1,6,2010,"2007,2012",0,,1268445253,"1183654670,1346948712",7,"prefix_match,token_subset,rare_alias,canon_more_common"
Charles,Charles Baldwin,1,1,2004,1997,0,,1069791565,857876215,7,"prefix_match,token_subset,rare_alias,canon_more_common"
Charles,Charles Dukes,1,1,2004,2004,0,,1069791565,1075781798,7,"prefix_match,token_subset,rare_alias,canon_more_common"
Charles,Charles Dupuy,1,17,2004,"2003,2004,2005,2006,2007,2009",0,,1069791565,"1064849293,1069929277,1080138513,1089373321,1103724325",7,"prefix_match,token_subset,rare_alias,canon_more_common"
Colton,Colton Ramstrom,1,1,1998,2016,0,,876336655,1458772302,7,"prefix_match,token_subset,rare_alias,canon_more_common"
Cyril,Cyril Kabache,1,8,2025,"2001,2002,2003,2004,2021",0,,1741024635,"1001076203,1030830356,1064849293,1080138513,1623054449",7,"prefix_match,token_subset,rare_alias,canon_more_common"
Diego,Diego Chávez,1,22,2010,"2009,2010,2011,2012,2013,2015",0,,1268445253,"1251952403,1258513500,1265745512,1267469140,1284182261",7,"prefix_match,token_subset,rare_alias,canon_more_common"
Diego,Diego La Manna,1,1,2010,2001,0,,1268445253,972427576,7,"prefix_match,token_subset,rare_alias,canon_more_common"
Diego,Diego Velazquez,1,7,2010,"2012,2023",0,,1268445253,"1346947092,1346948712,1678957450",7,"prefix_match,token_subset,rare_alias,canon_more_common"
Dorner,Dorner Peter,1,1,2001,2002,0,,996678489,1024091202,7,"prefix_match,token_subset,rare_alias,canon_more_common"
Drew,Drew Martin,1,38,2008,2002..2025 (16 yrs),0,,1216058526,"1021665982,1049457912,1069929277,1109356644,1143172220",7,"prefix_match,token_subset,rare_alias,canon_more_common"
Edwin,EDWIN JARAMILLO,1,2,2010,"2012,2014",0,,1268445253,"1346947092,1399929003",7,"prefix_match,token_subset,rare_alias,canon_more_common"
Edwin,Edwin Tishner,1,1,2010,2000,0,,1268445253,953918475,7,"prefix_match,token_subset,rare_alias,canon_more_common"
Edwin,Edwin Veltman,1,38,2010,1997..2025 (18 yrs),0,,1268445253,"1012638214,1013283071,1102227996,1135116604,1164845982",7,"prefix_match,token_subset,rare_alias,canon_more_common"
Franck,Franck Gautherot,1,1,2005,2000,0,,1103297805,948198763,7,"prefix_match,token_subset,rare_alias,canon_more_common"
Franck,Franck Rémy,1,32,2005,2001..2009 (9 yrs),0,,1103297805,"1001076203,1029347412,1030830356,1050745947,1064849293",7,"prefix_match,token_subset,rare_alias,canon_more_common"
Frank,Frank Diaz,1,2,2010,"2023,2024",0,,1268445253,"1699593640,1713276656",7,"prefix_match,token_subset,rare_alias,canon_more_common"
Frank,Frank Gutowski,1,2,2010,"1997,1999",0,,1268445253,"857881898,917741782",7,"prefix_match,token_subset,rare_alias,canon_more_common"
Frank,Frank Mingst,1,1,2010,2000,0,,1268445253,967817818,7,"prefix_match,token_subset,rare_alias,canon_more_common"
Gilles,Gilles Demers,1,22,2010,2005..2011 (7 yrs),0,,1268445253,"1107290435,1149881200,1163784775,1170456736,1179874637",7,"prefix_match,token_subset,rare_alias,canon_more_common"
Grischa,Grischa Tellenbach,1,127,2005,2002..2025 (23 yrs),0,,1103297805,"1030830356,1042821772,1050745947,1064849293,1080138513",7,"prefix_match,token_subset,rare_alias,canon_more_common"
Jack,Jack Bissell,1,1,2010,2001,0,,1268445253,980969461,7,"prefix_match,token_subset,rare_alias,canon_more_common"
Jack,Jack Harris,1,31,2010,2005..2014 (9 yrs),0,,1268445253,"1102576153,1163784775,1189467124,1193783964,1195585401",7,"prefix_match,token_subset,rare_alias,canon_more_common"
Jack,Jack Keller,1,3,2010,"2003,2004,2006",0,,1268445253,"1049457912,1075781798,1143172220",7,"prefix_match,token_subset,rare_alias,canon_more_common"
Jack,Jack Lentz,1,41,2010,1990..2016 (18 yrs),0,,1268445253,"1021665982,1031334528,1049457912,1057175925,1069929277",7,"prefix_match,token_subset,rare_alias,canon_more_common"
Jack,Jack Ognistoff,1,1,2010,2001,0,,1268445253,990905420,7,"prefix_match,token_subset,rare_alias,canon_more_common"
Jack,Jack Schoolcraft,1,7,2010,"1983,1984,1985,1997,1999",0,,1268445253,"2001983002,2001984001,2001985001,857876870,916977484",7,"prefix_match,token_subset,rare_alias,canon_more_common"
Jake,Jake Cave,1,1,2010,2000,0,,1268445253,947196813,7,"prefix_match,token_subset,rare_alias,canon_more_common"
Jake,Jake DeClercq,1,7,2010,"2009,2010,2011,2013",0,,1268445253,"1229435305,1232474501,1264098849,1265745512,1295120951",7,"prefix_match,token_subset,rare_alias,canon_more_common"
Jake,Jake Dodd,1,8,2010,"2015,2017,2018,2019",0,,1268445253,"1421271111,1427144456,1485967222,1489248474,1492354286",7,"prefix_match,token_subset,rare_alias,canon_more_common"
Jake,Jake Hargrove,1,1,2010,2011,0,,1268445253,1299532552,7,"prefix_match,token_subset,rare_alias,canon_more_common"
Jake,Jake Leong,1,23,2010,1997..2012 (11 yrs),0,,1268445253,"1013283071,1035277529,1069929277,1113344236,1143155263",7,"prefix_match,token_subset,rare_alias,canon_more_common"
Jake,Jake Milofsky,1,10,2010,"2000,2001,2002,2003,2006",0,,1268445253,"1011324897,1018925821,1030830356,1043430155,1049457912",7,"prefix_match,token_subset,rare_alias,canon_more_common"
Jake,Jake Wren,1,8,2010,"2007,2009,2013",0,,1268445253,"1163784775,1173467292,1176318174,1233299407,1358271250",7,"prefix_match,token_subset,rare_alias,canon_more_common"
Jason,Jason Ausmus,1,1,2004,2008,0,,1094201584,1193783964,7,"prefix_match,token_subset,rare_alias,canon_more_common"
Jason,Jason Bohlin,1,2,2004,"2007,2008",0,,1094201584,"1182542776,1220466807",7,"prefix_match,token_subset,rare_alias,canon_more_common"
Jason,Jason Buster,1,1,2004,2000,0,,1094201584,955745735,7,"prefix_match,token_subset,rare_alias,canon_more_common"
Jason,Jason Davis,1,1,2004,1999,0,,1094201584,910551956,7,"prefix_match,token_subset,rare_alias,canon_more_common"
Jason,Jason Donnelly,1,4,2004,"1998,1999",0,,1094201584,"901687367,920579000,929217368",7,"prefix_match,token_subset,rare_alias,canon_more_common"
Jason,Jason Engstrom,1,1,2004,1998,0,,1094201584,899077904,7,"prefix_match,token_subset,rare_alias,canon_more_common"
Jason,Jason Hall,1,2,2004,2001,0,,1094201584,979089216,7,"prefix_match,token_subset,rare_alias,canon_more_common"
Jason,Jason Hicks,1,2,2004,"2016,2017",0,,1094201584,"1458772302,1471686537",7,"prefix_match,token_subset,rare_alias,canon_more_common"
Jason,Jason Kingsley,1,1,2004,1997,0,,1094201584,860356126,7,"prefix_match,token_subset,rare_alias,canon_more_common"
Jason,Jason Langis,1,11,2004,"1997,1998,1999,2000,2001",0,,1094201584,"857880964,857881898,876336655,910551956,915561090",7,"prefix_match,token_subset,rare_alias,canon_more_common"
Jason,Jason Peppin,1,5,2004,"1997,1998",0,,1094201584,"857876215,877061793,888294869",7,"prefix_match,token_subset,rare_alias,canon_more_common"
Jason,Jason Phillips,1,3,2004,"1997,1998",0,,1094201584,"857880964,881872990",7,"prefix_match,token_subset,rare_alias,canon_more_common"
Jason,Jason Stover,1,2,2004,"1997,1999",0,,1094201584,"857880964,915561090",7,"prefix_match,token_subset,rare_alias,canon_more_common"
Jason,Jason Varvaro,1,12,2004,"2003,2005,2006,2024,2025",0,,1094201584,"1031334528,1105087209,1135116604,1706036811,1721320739",7,"prefix_match,token_subset,rare_alias,canon_more_common"
Jason,Jason Wong,1,2,2004,2002,0,,1094201584,1028233308,7,"prefix_match,token_subset,rare_alias,canon_more_common"
Josh,Josh Bast,1,3,2010,2003,0,,1268445253,1058378281,7,"prefix_match,token_subset,rare_alias,canon_more_common"
Josh,Josh Benham,1,16,2010,"2001,2002,2003,2004,2005,2006",0,,1268445253,"1021665982,1032472601,1046985067,1049457912,1058877971",7,"prefix_match,token_subset,rare_alias,canon_more_common"
Josh,Josh Bernstein,1,1,2010,2003,0,,1268445253,1032472601,7,"prefix_match,token_subset,rare_alias,canon_more_common"
Josh,Josh Bowen,1,1,2010,1998,0,,1268445253,892446131,7,"prefix_match,token_subset,rare_alias,canon_more_common"
Josh,Josh DeClercq,1,7,2010,"2009,2010,2011,2017",0,,1268445253,"1229435305,1252451527,1264098849,1265745512,1299532552",7,"prefix_match,token_subset,rare_alias,canon_more_common"
Josh,Josh Gayhart,1,13,2010,"2019,2020,2021,2022,2023,2025",0,,1268445253,"1529239199,1552865692,1555631351,1596587110,1625854837",7,"prefix_match,token_subset,rare_alias,canon_more_common"
Josh,Josh Lackey,1,1,2010,2007,0,,1268445253,1172931308,7,"prefix_match,token_subset,rare_alias,canon_more_common"
Josh,Josh Owens,1,3,2010,2002,0,,1268445253,1016457376,7,"prefix_match,token_subset,rare_alias,canon_more_common"
Josh,Josh Penney,1,5,2010,"1997,1999,2007,2008",0,,1268445253,"1163784775,1164845982,1203102773,857879540,916193231",7,"prefix_match,token_subset,rare_alias,canon_more_common"
Josh,Josh Turnya,1,1,2010,1997,0,,1268445253,857880964,7,"prefix_match,token_subset,rare_alias,canon_more_common"
Josh,Josh Vorvel,1,3,2010,"1999,2000",0,,1268445253,"917741782,941418343",7,"prefix_match,token_subset,rare_alias,canon_more_common"
Julien,Julien Appolonio,1,25,2006,2005..2017 (12 yrs),0,,1148374547,"1097686137,1105087209,1137942486,1154685554,1183729267",7,"prefix_match,token_subset,rare_alias,canon_more_common"
Julien,Julien Coblence,1,22,2006,"2011,2012,2013,2014,2016,2017",0,,1148374547,"1294262550,1299019355,1300316952,1316280393,1323272493",7,"prefix_match,token_subset,rare_alias,canon_more_common"
Julien,Julien Cote,1,2,2006,"2007,2008",0,,1148374547,"1163784775,1206161350",7,"prefix_match,token_subset,rare_alias,canon_more_common"
Julien,Julien Guil Romiti,1,1,2006,2008,0,,1148374547,1222687523,7,"prefix_match,token_subset,rare_alias,canon_more_common"
Julien,Julien Recasens,1,1,2006,2008,0,,1148374547,1199106237,7,"prefix_match,token_subset,rare_alias,canon_more_common"
Julien,Julien Romiti,1,11,2006,"2006,2007,2010,2011,2012",0,,1148374547,"1149763452,1177512537,1183729267,1256202918,1269266785",7,"prefix_match,token_subset,rare_alias,canon_more_common"
Julien,Julien Tremblay,1,1,2006,2008,0,,1148374547,1204006435,7,"prefix_match,token_subset,rare_alias,canon_more_common"
Kamil,Kamil Burzyński,1,2,2023,2007,0,,1694170899,1189345008,7,"prefix_match,token_subset,rare_alias,canon_more_common"
Kamil,Kamil Hucał,1,4,2023,2007,0,,1694170899,1189345008,7,"prefix_match,token_subset,rare_alias,canon_more_common"
Kamil,Kamil Wysocki,1,27,2023,2004..2011 (8 yrs),0,,1694170899,"1074511718,1090437706,1102443443,1126086921,1127155729",7,"prefix_match,token_subset,rare_alias,canon_more_common"
Karim,Karim Daouk,1,65,2002,2003..2025 (19 yrs),0,,1030830356,"1064849293,1069791565,1097686137,1102576153,1104851808",7,"prefix_match,token_subset,rare_alias,canon_more_common"
Karim,Karim Mraz,1,3,2002,"2006,2007",0,,1030830356,"1149763452,1183729267",7,"prefix_match,token_subset,rare_alias,canon_more_common"
Karl,Karl Allen,1,1,2010,2003,0,,1260368810,1038895913,7,"prefix_match,token_subset,rare_alias,canon_more_common"
Karl,Karl Damke,1,3,2010,"2009,2010,2011",0,,1260368810,"1257621700,1282224512,1298627369",7,"prefix_match,token_subset,rare_alias,canon_more_common"
Karl,Karl Murr,1,1,2010,2001,0,,1260368810,996293200,7,"prefix_match,token_subset,rare_alias,canon_more_common"
Konrad,Konrad Chlebny,1,9,2023,"2010,2011,2012",0,,1694170899,"1282912320,1288096032,1297811412,1316280393,1323272493",7,"prefix_match,token_subset,rare_alias,canon_more_common"
Kris,Kris Johnson,1,1,2025,1997,0,,1739036206,865043841,7,"prefix_match,token_subset,rare_alias,canon_more_common"
Louis,Louis Marchadier,1,3,2023,"2012,2017",0,,1686926080,"1329132977,1487797845,1499168069",7,"prefix_match,token_subset,rare_alias,canon_more_common"
Luc,Luc Legeault,1,39,2010,1997..2020 (15 yrs),0,,1268445253,"1069929277,1107290435,1163784775,1164845982,1170456736",7,"prefix_match,token_subset,rare_alias,canon_more_common"
Luke,Luke Anderson,1,1,2002,2000,0,,1025084282,959353403,7,"prefix_match,token_subset,rare_alias,canon_more_common"
Luke,Luke Legault,1,8,2002,"2010,2011,2013,2014,2015",0,,1025084282,"1265745512,1293877677,1301837824,1362598500,1391189882",7,"prefix_match,token_subset,rare_alias,canon_more_common"
Michal,MICHAL VELEBA,1,1,2002,2023,0,,1018812342,1699709080,7,"prefix_match,token_subset,rare_alias,canon_more_common"
Matthias,Matthias Blau,1,4,2008,"2006,2019",0,,1195677906,"1135116604,1157398732,1547415984",7,"prefix_match,token_subset,rare_alias,canon_more_common"
Matthias,Matthias Feulner,1,1,2008,2013,0,,1195677906,1349043745,7,"prefix_match,token_subset,rare_alias,canon_more_common"
Matthias,Matthias Lino Schmidt,1,43,2008,2000..2023 (16 yrs),0,,1195677906,"1042821772,1052775366,1070734498,1079444598,1089373321",7,"prefix_match,token_subset,rare_alias,canon_more_common"
Michal,Michal Benda,1,2,2002,2008,0,,1018812342,1228946926,7,"prefix_match,token_subset,rare_alias,canon_more_common"
Michal,Michal Biarda,1,24,2002,"2006,2008,2009,2010,2011",0,,1018812342,"1135116604,1194517448,1226679678,1251990500,1269266785",7,"prefix_match,token_subset,rare_alias,canon_more_common"
Michal,Michal Danek,1,8,2002,"2003,2004,2005",0,,1018812342,"1035277529,1042821772,1089373321,1092073845,1102576153",7,"prefix_match,token_subset,rare_alias,canon_more_common"
Michal,Michal Hadaś,1,1,2002,2005,0,,1018812342,1127155729,7,"prefix_match,token_subset,rare_alias,canon_more_common"
Michal,Michal Jalowiecki,1,8,2002,"2010,2011",0,,1018812342,"1278603677,1288096032,1297811412",7,"prefix_match,token_subset,rare_alias,canon_more_common"
Michal,Michal Klimczak,1,20,2002,2010..2025 (10 yrs),0,,1018812342,"1267199851,1293877917,1297811412,1391189882,1487797845",7,"prefix_match,token_subset,rare_alias,canon_more_common"
Michal,Michal Marko,1,1,2002,2009,0,,1018812342,1255335697,7,"prefix_match,token_subset,rare_alias,canon_more_common"
Michal,Michal Minár,1,5,2002,"2008,2010",0,,1018812342,"1194517448,1269266785",7,"prefix_match,token_subset,rare_alias,canon_more_common"
Michal,Michal Miszkiel,1,3,2002,"2006,2007,2008",0,,1018812342,"1158263300,1185458086,1224962900",7,"prefix_match,token_subset,rare_alias,canon_more_common"
Michal,Michal Ostrowski,1,32,2002,2004..2015 (11 yrs),0,,1018812342,"1089373321,1102576153,1158263300,1194517448,1226679678",7,"prefix_match,token_subset,rare_alias,canon_more_common"
Michal,Michal Rog,1,36,2002,2006..2024 (15 yrs),0,,1018812342,"1135116604,1158263300,1194517448,1267199851,1278603677",7,"prefix_match,token_subset,rare_alias,canon_more_common"
Michal,Michal Sauren,1,1,2002,2003,0,,1018812342,1042821772,7,"prefix_match,token_subset,rare_alias,canon_more_common"
Michal,Michal Černý,1,1,2002,2006,0,,1018812342,1137937282,7,"prefix_match,token_subset,rare_alias,canon_more_common"
Michał,Michał Pietryńczak,1,1,2023,2009,0,,1694170899,1248864536,7,"prefix_match,token_subset,rare_alias,canon_more_common"
Michał,Michał Przybyłowicz,1,1,2023,2008,0,,1694170899,1219405634,7,"prefix_match,token_subset,rare_alias,canon_more_common"
Michał,Michał Zembaty,1,1,2023,2008,0,,1694170899,1219405634,7,"prefix_match,token_subset,rare_alias,canon_more_common"
Mike,Mike Adamszyck,1,2,2001,"2001,2002",0,,1001942070,"1021665982,981129410",7,"prefix_match,token_subset,rare_alias,canon_more_common"
Mike,Mike Angeski,1,1,2001,2010,0,,1001942070,1268407783,7,"prefix_match,token_subset,rare_alias,canon_more_common"
Mike,Mike Bellmen,1,5,2001,"1998,2000,2008",0,,1001942070,"1203102773,881872990,884112176,899077904,941418343",7,"prefix_match,token_subset,rare_alias,canon_more_common"
Mike,Mike Brassel,1,3,2001,"2008,2009",0,,1001942070,"1194517448,1222687523,1226679678",7,"prefix_match,token_subset,rare_alias,canon_more_common"
Mike,Mike Breen,1,1,2001,1997,0,,1001942070,857881898,7,"prefix_match,token_subset,rare_alias,canon_more_common"
Mike,Mike Busby,1,1,2001,2000,0,,1001942070,955745735,7,"prefix_match,token_subset,rare_alias,canon_more_common"
Mike,Mike Clair,1,1,2001,2002,0,,1001942070,1021665982,7,"prefix_match,token_subset,rare_alias,canon_more_common"
Mike,Mike Collins,1,2,2001,"1998,1999",0,,1001942070,"884112176,917741782",7,"prefix_match,token_subset,rare_alias,canon_more_common"
Mike,Mike Faille,1,1,2001,2008,0,,1001942070,1208064566,7,"prefix_match,token_subset,rare_alias,canon_more_common"
Mike,Mike Fierke,1,1,2001,2001,0,,1001942070,989875090,7,"prefix_match,token_subset,rare_alias,canon_more_common"
Mike,Mike Gatewood,1,5,2001,"1998,2001,2003",0,,1001942070,"1058378281,879319107,988434364,991757909",7,"prefix_match,token_subset,rare_alias,canon_more_common"
Mike,Mike Gonzales,1,1,2001,1985,0,,1001942070,1043096425,7,"prefix_match,token_subset,rare_alias,canon_more_common"
Mike,Mike Grueter,1,2,2001,1997,0,,1001942070,"857876215,860356126",7,"prefix_match,token_subset,rare_alias,canon_more_common"
Mike,Mike Gupton,1,4,2001,"2008,2011",0,,1001942070,"1189977929,1314229545",7,"prefix_match,token_subset,rare_alias,canon_more_common"
Mike,Mike Hansen,1,2,2001,"2003,2004",0,,1001942070,"1061212821,1069929277",7,"prefix_match,token_subset,rare_alias,canon_more_common"
Mike,Mike Harding,1,3,2001,"1981,1982,1983",0,,1001942070,"2001981001,2001982001,2001983002",7,"prefix_match,token_subset,rare_alias,canon_more_common"
Mike,Mike Hasson,1,2,2001,1991,0,,1001942070,1057345914,7,"prefix_match,token_subset,rare_alias,canon_more_common"
Mike,Mike Ingles,1,2,2001,2001,0,,1001942070,"978967004,979334083",7,"prefix_match,token_subset,rare_alias,canon_more_common"
Mike,Mike Jauss,1,3,2001,"2000,2001",0,,1001942070,"949991621,979334083",7,"prefix_match,token_subset,rare_alias,canon_more_common"
Mike,Mike Kofman,1,1,2001,2003,0,,1001942070,1058877971,7,"prefix_match,token_subset,rare_alias,canon_more_common"
Mike,Mike Lopez,1,2,2001,2003,0,,1001942070,"1036298726,1058378281",7,"prefix_match,token_subset,rare_alias,canon_more_common"
Mike,Mike Marshall,1,6,2001,"1981,1983,1984,1986,1987",0,,1001942070,"2001981003,2001981004,2001983005,2001984003,2001986004",7,"prefix_match,token_subset,rare_alias,canon_more_common"
Mike,Mike Peterson,1,1,2001,1985,0,,1001942070,9940469,7,"prefix_match,token_subset,rare_alias,canon_more_common"
Mike,Mike Scheele,1,2,2001,"1998,1999",0,,1001942070,"876356874,910551956",7,"prefix_match,token_subset,rare_alias,canon_more_common"
Mike,Mike Sheridan,1,1,2001,1999,0,,1001942070,909186885,7,"prefix_match,token_subset,rare_alias,canon_more_common"
Mike,Mike Stephanelli,1,8,2001,1999..2011 (7 yrs),0,,1001942070,"1135116604,1163784775,1193783964,1226549669,1310408325",7,"prefix_match,token_subset,rare_alias,canon_more_common"
Mike,Mike Stokely,1,9,2001,"2002,2003,2008,2009",0,,1001942070,"1028218784,1058378281,1189977929,1216849705,1248033041",7,"prefix_match,token_subset,rare_alias,canon_more_common"
Mike,Mike Stoler,1,2,2001,"1998,1999",0,,1001942070,"876356874,910551956",7,"prefix_match,token_subset,rare_alias,canon_more_common"
Mike,Mike Taber,1,1,2001,2002,0,,1001942070,1013283071,7,"prefix_match,token_subset,rare_alias,canon_more_common"
Mike,Mike Toolan,1,3,2001,"2008,2013",0,,1001942070,"1220466807,1367327351",7,"prefix_match,token_subset,rare_alias,canon_more_common"
Mike,Mike Voght,1,1,2001,1998,0,,1001942070,892446131,7,"prefix_match,token_subset,rare_alias,canon_more_common"
Mike,Mike Voightmann,1,9,2001,"1997,1998,1999,2001",0,,1001942070,"865043841,876591529,884112176,899077904,910551956",7,"prefix_match,token_subset,rare_alias,canon_more_common"
Mike,Mike Wilson,1,3,2001,2001,0,,1001942070,"974683678,988434364",7,"prefix_match,token_subset,rare_alias,canon_more_common"
Mikko,Mikko Haario,1,3,2013,"2003,2004,2005",0,,1377192359,"1063788560,1094123527,1102576153",7,"prefix_match,token_subset,rare_alias,canon_more_common"
Mikko,Mikko Inkinen,1,1,2013,2007,0,,1377192359,1180373807,7,"prefix_match,token_subset,rare_alias,canon_more_common"
Mikko,Mikko Kallanto,1,1,2013,2002,0,,1377192359,1027925383,7,"prefix_match,token_subset,rare_alias,canon_more_common"
Mikko,Mikko Lepisto,1,74,2013,2002..2025 (19 yrs),0,,1377192359,"1019193491,1027925383,1050067583,1063788560,1069929277",7,"prefix_match,token_subset,rare_alias,canon_more_common"
Mikko,Mikko Poikonen,1,11,2013,2001..2011 (7 yrs),0,,1377192359,"1001076315,1097785506,1124035486,1132511088,1142360459",7,"prefix_match,token_subset,rare_alias,canon_more_common"
Mikko,Mikko Tapaninaho,1,10,2013,"2005,2009,2011,2012,2013,2025",0,,1377192359,"1102576153,1244553505,1293877677,1321368279,1333483324",7,"prefix_match,token_subset,rare_alias,canon_more_common"
Mikołaj,Mikołaj Kulesz,1,1,2023,2005,0,,1694170899,1102443443,7,"prefix_match,token_subset,rare_alias,canon_more_common"
Nicolas,Nicolas Boueste,1,1,2020,2003,0,,1598616506,1064849293,7,"prefix_match,token_subset,rare_alias,canon_more_common"
Nicolas,Nicolas De Zeeuw,1,25,2020,2001..2014 (11 yrs),0,,1598616506,"1001076203,1089373321,1090569022,1103724325,1125936037",7,"prefix_match,token_subset,rare_alias,canon_more_common"
Nicolas,Nicolas Janin,1,11,2020,2011..2019 (8 yrs),0,,1598616506,"1305581560,1320232300,1335381794,1407335213,1417735560",7,"prefix_match,token_subset,rare_alias,canon_more_common"
Nino,Nino Almazon,1,4,2001,"2000,2002,2003",0,,981129410,"1011324897,1021665982,1049457912,946940201",7,"prefix_match,token_subset,rare_alias,canon_more_common"
Nora,Nora Henschen,1,1,2003,2001,0,,1064849293,981560223,7,"prefix_match,token_subset,rare_alias,canon_more_common"
Nora,Nora Locher,1,2,2003,"2003,2004",0,,1064849293,"1042821772,1070734498",7,"prefix_match,token_subset,rare_alias,canon_more_common"
Olivier,Olivier B.-Bergé,1,1,2010,2010,0,,1268445253,1272817638,7,"prefix_match,token_subset,rare_alias,canon_more_common"
Olivier,Olivier Baillon,1,27,2010,2004..2016 (12 yrs),0,,1268445253,"1089373321,1090569022,1103724325,1125936037,1143027870",7,"prefix_match,token_subset,rare_alias,canon_more_common"
Olivier,Olivier Berthiaume,1,4,2010,"2010,2011,2013",0,,1268445253,"1252451527,1301837824,1361207019,1362598500",7,"prefix_match,token_subset,rare_alias,canon_more_common"
Olivier,Olivier Fages,1,1,2010,2004,0,,1268445253,1089373321,7,"prefix_match,token_subset,rare_alias,canon_more_common"
Olivier,Olivier Gonelle,1,10,2010,2001..2008 (7 yrs),0,,1268445253,"1001076203,1030830356,1064849293,1080138513,1089373321",7,"prefix_match,token_subset,rare_alias,canon_more_common"
Olivier,Olivier Tronchon,1,3,2010,"2001,2002,2003",0,,1268445253,"1011291051,1049457912,972427576",7,"prefix_match,token_subset,rare_alias,canon_more_common"
Olivier,Olivier Zitoun Baillon,1,1,2010,2006,0,,1268445253,1160579826,7,"prefix_match,token_subset,rare_alias,canon_more_common"
Pauline,Pauline Bechtel,1,2,2025,2000,0,,1741024635,"941418343,957240514",7,"prefix_match,token_subset,rare_alias,canon_more_common"
Phil,Phil Lessard,1,2,2010,"2006,2009",0,,1268445253,"1146789209,1226679678",7,"prefix_match,token_subset,rare_alias,canon_more_common"
Phil,Phil Madigan,1,1,2010,1998,0,,1268445253,876336655,7,"prefix_match,token_subset,rare_alias,canon_more_common"
Phil,Phil Morrison,1,2,2010,2007,0,,1268445253,1163784775,7,"prefix_match,token_subset,rare_alias,canon_more_common"
Phil,Phil Norrod,1,3,2010,"2003,2008",0,,1268445253,"1049457912,1216058526,1220466807",7,"prefix_match,token_subset,rare_alias,canon_more_common"
Phil,Phil Summers,1,1,2010,1999,0,,1268445253,917741782,7,"prefix_match,token_subset,rare_alias,canon_more_common"
Robin,Robin Puchel,1,32,2009,2006..2022 (12 yrs),0,,1257621700,"1135116604,1226679678,1282224512,1294262550,1295262886",7,"prefix_match,token_subset,rare_alias,canon_more_common"
Roy,Roy Klein,1,6,2004,"2011,2013,2015",0,,1079444598,"1293877677,1361207019,1417735560",7,"prefix_match,token_subset,rare_alias,canon_more_common"
Roy,Roy Newman,1,3,2004,"1998,1999,2001",0,,1079444598,"876331623,937727262,979334083",7,"prefix_match,token_subset,rare_alias,canon_more_common"
Sam,Sam Barker,1,1,2008,1999,0,,1206161350,931840905,7,"prefix_match,token_subset,rare_alias,canon_more_common"
Sam,Sam Cloutier,1,2,2008,"2004,2007",0,,1206161350,"1069929277,1182542776",7,"prefix_match,token_subset,rare_alias,canon_more_common"
Sam,Sam Colclough,1,7,2008,"1999,2000,2001",0,,1206161350,"937727262,949991621,974683678,978967004,980969461",7,"prefix_match,token_subset,rare_alias,canon_more_common"
Sam,Sam Gregory,1,12,2008,"1999,2001,2008,2009",0,,1206161350,"1189467124,1193783964,1226378339,1229435305,1232474501",7,"prefix_match,token_subset,rare_alias,canon_more_common"
Sam,Sam Hogan,1,2,2008,2017,0,,1206161350,"1485967222,1489248474",7,"prefix_match,token_subset,rare_alias,canon_more_common"
Sam,Sam Hufschmid,1,1,2008,2005,0,,1206161350,1097686137,7,"prefix_match,token_subset,rare_alias,canon_more_common"
Sam,Sam Maleki,1,18,2008,1999..2025 (10 yrs),0,,1206161350,"1035277529,1064330873,1071060801,1135116604,1137942486",7,"prefix_match,token_subset,rare_alias,canon_more_common"
Sam,Sam O'Leary,1,1,2008,2000,0,,1206161350,947196813,7,"prefix_match,token_subset,rare_alias,canon_more_common"
Sam,Sam Potter,1,4,2008,2007,0,,1206161350,"1163784775,1176318174",7,"prefix_match,token_subset,rare_alias,canon_more_common"
Sam,Sam Pride,1,1,2008,2002,0,,1206161350,1016457376,7,"prefix_match,token_subset,rare_alias,canon_more_common"
Schmidt,Schmidt Matthias,1,4,2003,"2004,2017,2023",0,,1035277529,"1079605499,1089373321,1499025778,1678957450",7,"prefix_match,token_subset,rare_alias,canon_more_common"
Seb,Seb Lefay,1,1,2010,2014,0,,1268445253,1417000778,7,"prefix_match,token_subset,rare_alias,canon_more_common"
Serge,Serge Kaldany,1,59,2005,2004..2018 (8 yrs),0,,1103297805,"1089373321,1090569022,1103724325,1105087209,1125936037",7,"prefix_match,token_subset,rare_alias,canon_more_common"
Sidart,Sidart Deb,1,2,2003,"2004,2005",0,,1064849293,"1089373321,1103724325",7,"prefix_match,token_subset,rare_alias,canon_more_common"
Simon,Simon Hankamer,1,1,2002,2025,0,,1025084282,1738446800,7,"prefix_match,token_subset,rare_alias,canon_more_common"
Simon,Simon Hearsey,1,3,2002,1999,0,,1025084282,931840905,7,"prefix_match,token_subset,rare_alias,canon_more_common"
Simon,Simon Kittlaus,1,4,2002,"2008,2009,2011",0,,1025084282,"1194517448,1257621700,1298627369",7,"prefix_match,token_subset,rare_alias,canon_more_common"
Simon,Simon Lobmaier,1,2,2002,"2011,2012",0,,1025084282,"1299019355,1328094862",7,"prefix_match,token_subset,rare_alias,canon_more_common"
Simon,Simon Rollmann,1,4,2002,"2012,2013",0,,1025084282,"1319622692,1323272493,1328094862,1349043745",7,"prefix_match,token_subset,rare_alias,canon_more_common"
Simon,Simon Vofl,1,1,2002,2011,0,,1025084282,1298627369,7,"prefix_match,token_subset,rare_alias,canon_more_common"
Simon,Simon Voss,1,18,2002,2007..2014 (8 yrs),0,,1025084282,"1179679872,1199106237,1222687523,1226679678,1235653935",7,"prefix_match,token_subset,rare_alias,canon_more_common"
Simon,Simon Wood,1,1,2002,2001,0,,1025084282,988325277,7,"prefix_match,token_subset,rare_alias,canon_more_common"
Thomas,Thomas Bergamasco,1,7,2006,"1999,2000,2001,2010,2011",0,,1137942486,"1252451527,1313351184,915561090,929217368,953918475",7,"prefix_match,token_subset,rare_alias,canon_more_common"
Thomas,Thomas Didomenico,1,2,2006,"2015,2017",0,,1137942486,"1432901754,1497678985",7,"prefix_match,token_subset,rare_alias,canon_more_common"
Thomas,Thomas Jouan,1,1,2006,2005,0,,1137942486,1103724325,7,"prefix_match,token_subset,rare_alias,canon_more_common"
Thomas,Thomas Juan,1,1,2006,2008,0,,1137942486,1203604560,7,"prefix_match,token_subset,rare_alias,canon_more_common"
Thomas,Thomas Koneèný,1,2,2006,"2013,2014",0,,1137942486,"1379414806,1392497284",7,"prefix_match,token_subset,rare_alias,canon_more_common"
Thomas,Thomas Loria,1,2,2006,"1997,2000",0,,1137942486,"860356126,941418343",7,"prefix_match,token_subset,rare_alias,canon_more_common"
Thomas,Thomas Sustrac,1,25,2006,2005..2011 (7 yrs),0,,1137942486,"1125936037,1134914723,1148374547,1177512537,1199106237",7,"prefix_match,token_subset,rare_alias,canon_more_common"
Thomas,Thomas Whitworth,1,5,2006,"1997,1999,2009,2015",0,,1137942486,"1226549669,1421271111,857876517,910551956",7,"prefix_match,token_subset,rare_alias,canon_more_common"
Thomas,Thomas Yard,1,5,2006,"2002,2003,2004,2005,2006",0,,1137942486,"1030830356,1050745947,1090569022,1125936037,1143195910",7,"prefix_match,token_subset,rare_alias,canon_more_common"
Toxic,Toxic Tom B.,1,2,2004,1997,0,,1069929277,857879540,7,"prefix_match,token_subset,rare_alias,canon_more_common"
Vojta,Vojta Janousek,1,3,2001,"2013,2014,2015",0,,996678489,"1379414806,1389730147,1415986036",7,"prefix_match,token_subset,rare_alias,canon_more_common"
Vojta,Vojta Polak,1,2,2001,"2004,2005",0,,996678489,"1068406344,1114277529",7,"prefix_match,token_subset,rare_alias,canon_more_common"
Yves,Yves Archambault,1,62,2010,1990..2014 (19 yrs),0,,1268445253,"1011291051,1013283071,1031334528,1035277529,1057175925",7,"prefix_match,token_subset,rare_alias,canon_more_common"
Yves,Yves Bouquier,1,2,2010,"2000,2001",0,,1268445253,"1001076203,948198763",7,"prefix_match,token_subset,rare_alias,canon_more_common"
Yves,Yves Kreil,1,51,2010,2001..2013 (13 yrs),0,,1268445253,"1028800969,1030830356,1035277529,1042821772,1089373321",7,"prefix_match,token_subset,rare_alias,canon_more_common"
Yves,Yves Mingard,1,38,2010,2005..2017 (13 yrs),0,,1268445253,"1125936037,1137942486,1149763452,1183729267,1199106237",7,"prefix_match,token_subset,rare_alias,canon_more_common"
Łukasz,Łukasz Bochenek,1,1,2016,2005,0,,1473853257,1102443443,7,"prefix_match,token_subset,rare_alias,canon_more_common"
Łukasz,Łukasz Krysiewicz,1,6,2016,"2005,2007,2008,2009",0,,1473853257,"1127155729,1185458086,1195773772,1219405634,1235653935",7,"prefix_match,token_subset,rare_alias,canon_more_common"
Daniel,DANIEL BOYLE,2,14,"2003,2006","2001,2009,2010,2012,2015",0,,"1035277529,1135116604","1233718528,1265745512,1346947092,1417735560,996293200",7,"prefix_match,token_subset,rare_alias,canon_more_common"
Dan,Dan Baron,2,12,"1998,2010",2009..2017 (7 yrs),0,,"1268445253,899077904","1232474501,1262288759,1264098849,1265745512,1294779128",7,"prefix_match,token_subset,rare_alias,canon_more_common"
Dan,Dan Borsky,2,2,"1998,2010","1998,2000",0,,"1268445253,899077904","876591529,941418343",7,"prefix_match,token_subset,rare_alias,canon_more_common"
Dan,Dan Ednie,2,21,"1998,2010",2001..2009 (7 yrs),0,,"1268445253,899077904","1032602594,1038895913,1061453080,1069929277,1121753561",7,"prefix_match,token_subset,rare_alias,canon_more_common"
Dan,Dan Greer,2,77,"1998,2010",2002..2025 (22 yrs),0,,"1268445253,899077904","1021665982,1028233308,1031334528,1046985067,1049457912",7,"prefix_match,token_subset,rare_alias,canon_more_common"
Dan,Dan Iachini,2,2,"1998,2010",2003,0,,"1268445253,899077904","1031334528,1049457912",7,"prefix_match,token_subset,rare_alias,canon_more_common"
Dan,Dan Johnson,2,14,"1998,2010",2004..2023 (9 yrs),0,,"1268445253,899077904","1075781798,1109356644,1149881200,1216058526,1220466807",7,"prefix_match,token_subset,rare_alias,canon_more_common"
Dan,Dan Kaufman,2,2,"1998,2010",2019,0,,"1268445253,899077904",1529239199,7,"prefix_match,token_subset,rare_alias,canon_more_common"
Dan,Dan Klokow,2,4,"1998,2010","1999,2001",0,,"1268445253,899077904","915561090,974683678,980969461,989875090",7,"prefix_match,token_subset,rare_alias,canon_more_common"
Dan,Dan Kramer,2,5,"1998,2010","1997,1999,2000",0,,"1268445253,899077904","857879540,857881898,916193231,946940201,947026077",7,"prefix_match,token_subset,rare_alias,canon_more_common"
Dan,Dan Luciano,2,2,"1998,2010",1990,0,,"1268445253,899077904",1057175925,7,"prefix_match,token_subset,rare_alias,canon_more_common"
Dan,Dan Reed,2,9,"1998,2010","2004,2011,2012",0,,"1268445253,899077904","1070954568,1096318324,1301958487,1335148163",7,"prefix_match,token_subset,rare_alias,canon_more_common"
Daniel,Daniel Barrientos,2,4,"2003,2006","2020,2022,2024,2026",0,,"1035277529,1135116604","1598616506,1645621833,1721817655,1770923654",7,"prefix_match,token_subset,rare_alias,canon_more_common"
Daniel,Daniel Cardenas,2,2,"2003,2006","2023,2024",0,,"1035277529,1135116604","1699593640,1713276656",7,"prefix_match,token_subset,rare_alias,canon_more_common"
Daniel,Daniel Cuze,2,2,"2003,2006","2005,2006",0,,"1035277529,1135116604","1126086921,1158263300",7,"prefix_match,token_subset,rare_alias,canon_more_common"
Daniel,Daniel Jaramillo,2,2,"2003,2006","2023,2024",0,,"1035277529,1135116604","1678957450,1730420667",7,"prefix_match,token_subset,rare_alias,canon_more_common"
Daniel,Daniel Mantilla,2,4,"2003,2006","2011,2012",0,,"1035277529,1135116604","1314323534,1314328055,1335761071",7,"prefix_match,token_subset,rare_alias,canon_more_common"
Daniel,Daniel Ramirez,2,4,"2003,2006",2008,0,,"1035277529,1135116604",1226205667,7,"prefix_match,token_subset,rare_alias,canon_more_common"
Daniel,Daniel Spacil,2,10,"2003,2006","2008,2009,2010",0,,"1035277529,1135116604","1194517448,1224962900,1226679678,1256202918,1269266785",7,"prefix_match,token_subset,rare_alias,canon_more_common"
David,David Butcher,2,21,"2003,2006",1997..2003 (7 yrs),0,,"1050745947,1149881200","1012638214,1013283071,1035277529,857876870,876331623",7,"prefix_match,token_subset,rare_alias,canon_more_common"
David,David Castillo,2,20,"2003,2006","2007,2010,2011,2012,2013",0,,"1050745947,1149881200","1183654670,1256202918,1269266785,1293877677,1323272493",7,"prefix_match,token_subset,rare_alias,canon_more_common"
David,David Chabannes,2,20,"2003,2006",1999..2025 (13 yrs),0,,"1050745947,1149881200","1001076203,1030830356,1035277529,1064849293,1125936037",7,"prefix_match,token_subset,rare_alias,canon_more_common"
David,David Fujimura,2,2,"2003,2006","2005,2009",0,,"1050745947,1149881200","1102576153,1226679678",7,"prefix_match,token_subset,rare_alias,canon_more_common"
David,David Garcia,2,4,"2003,2006",2007,0,,"1050745947,1149881200",1183654670,7,"prefix_match,token_subset,rare_alias,canon_more_common"
David,David Hofstetter,2,4,"2003,2006","2005,2008",0,,"1050745947,1149881200","1125936037,1222687523",7,"prefix_match,token_subset,rare_alias,canon_more_common"
David,David Jezek,2,9,"2003,2006","2020,2021,2022,2023,2024,2025",0,,"1050745947,1149881200","1595872698,1628024472,1635599636,1649326445,1667566506",7,"prefix_match,token_subset,rare_alias,canon_more_common"
David,David Kaufmann,2,12,"2003,2006",2003..2013 (8 yrs),0,,"1050745947,1149881200","1042821772,1079444598,1094201584,1105087209,1137942486",7,"prefix_match,token_subset,rare_alias,canon_more_common"
David,David Lewis,2,2,"2003,2006","1998,1999",0,,"1050745947,1149881200","888294869,919703711",7,"prefix_match,token_subset,rare_alias,canon_more_common"
David,David Montfulleda,2,2,"2003,2006",2019,0,,"1050745947,1149881200",1566500647,7,"prefix_match,token_subset,rare_alias,canon_more_common"
David,David Rambaud,2,31,"2003,2006",2009..2025 (14 yrs),0,,"1050745947,1149881200","1241011525,1256202918,1294262550,1305581560,1335381794",7,"prefix_match,token_subset,rare_alias,canon_more_common"
David,David Robinson,2,5,"2003,2006","1983,1984,1985",0,,"1050745947,1149881200","2001983001,2001983002,2001984001,2001985001",7,"prefix_match,token_subset,rare_alias,canon_more_common"
David,David Spears,2,3,"2003,2006","2001,2008",0,,"1050745947,1149881200","1001942070,1189977929",7,"prefix_match,token_subset,rare_alias,canon_more_common"
JF,JF Lemieux,2,4,"2002,2010","2003,2007,2008",0,,"1021665982,1268445253","1031334528,1163784775,1203102773,1216058526",7,"prefix_match,token_subset,rare_alias,canon_more_common"
Jakob,Jakob Hall,2,6,"2004,2008","1999,2000,2003",0,,"1079444598,1195677906","1035277529,1052775366,917278465,933870505,948198763",7,"prefix_match,token_subset,rare_alias,canon_more_common"
Jakob,Jakob Mai,2,8,"2004,2008","2003,2005,2006",0,,"1079444598,1195677906","1042821772,1102576153,1105087209,1117746703,1135116604",7,"prefix_match,token_subset,rare_alias,canon_more_common"
Jakob,Jakob Wagner,2,78,"2004,2008",2001..2023 (15 yrs),0,,"1079444598,1195677906","1011556608,1042821772,1052775366,1089373321,1090437706",7,"prefix_match,token_subset,rare_alias,canon_more_common"
Jeremy,Jeremy Benton,2,8,"2000,2006","2000,2001,2002,2003",0,,"1148374547,949991621","1012638214,1021665982,1036298726,941418343,974683678",7,"prefix_match,token_subset,rare_alias,canon_more_common"
Jeremy,Jeremy Keller Auburn,2,9,"2000,2006","1997,1998",0,,"1148374547,949991621","865043841,877848852,879319107,881872990",7,"prefix_match,token_subset,rare_alias,canon_more_common"
Jeremy,Jeremy Kumbruch,2,3,"2000,2006","2000,2001",0,,"1148374547,949991621","941418343,980969461",7,"prefix_match,token_subset,rare_alias,canon_more_common"
Jeremy,Jeremy Masselis,2,23,"2000,2006","2006,2007,2008,2009,2010,2011",0,,"1148374547,949991621","1149763452,1177512537,1183729267,1199106237,1212406878",7,"prefix_match,token_subset,rare_alias,canon_more_common"
Jeremy,Jeremy Mirken,2,32,"2000,2006",2001..2019 (13 yrs),0,,"1148374547,949991621","1012638214,1061212821,1143155263,1163784775,1164845982",7,"prefix_match,token_subset,rare_alias,canon_more_common"
Jeremy,Jeremy O'Wheel,2,7,"2000,2006","2002,2003,2009",0,,"1148374547,949991621","1035817350,1061453080,1233718528",7,"prefix_match,token_subset,rare_alias,canon_more_common"
Jeremy,Jeremy Walters,2,17,"2000,2006",1999..2008 (10 yrs),0,,"1148374547,949991621","1021665982,1031334528,1075781798,1109356644,1149881200",7,"prefix_match,token_subset,rare_alias,canon_more_common"
John,John Armstrong,2,4,"2006,2010","1997,1998",0,,"1157398732,1268445253","857876215,876356874,888294869",7,"prefix_match,token_subset,rare_alias,canon_more_common"
John,John Bottomley,2,2,"2006,2010",2000,0,,"1157398732,1268445253",953918475,7,"prefix_match,token_subset,rare_alias,canon_more_common"
John,John Burrage,2,2,"2006,2010",1997,0,,"1157398732,1268445253",857880054,7,"prefix_match,token_subset,rare_alias,canon_more_common"
John,John East,2,6,"2006,2010","1980,1981,1982,1983,1984",0,,"1157398732,1268445253","2001980002,2001980003,2001981003,2001982003,2001983005",7,"prefix_match,token_subset,rare_alias,canon_more_common"
John,John Fanuzzi,2,2,"2006,2010",2008,0,,"1157398732,1268445253",1216849705,7,"prefix_match,token_subset,rare_alias,canon_more_common"
John,John Fitzmorris,2,5,"2006,2010",2004,0,,"1157398732,1268445253",1096695238,7,"prefix_match,token_subset,rare_alias,canon_more_common"
John,John Goode,2,10,"2006,2010","2009,2010,2011",0,,"1157398732,1268445253","1245793403,1252110023,1265745512,1268407783,1273248665",7,"prefix_match,token_subset,rare_alias,canon_more_common"
John,John Leys,2,37,"2006,2010",1997..2011 (12 yrs),0,,"1157398732,1268445253","1011291051,1012638214,1013283071,1035277529,1039550946",7,"prefix_match,token_subset,rare_alias,canon_more_common"
John,John MacCormack,2,4,"2006,2010",2004,0,,"1157398732,1268445253",1096695238,7,"prefix_match,token_subset,rare_alias,canon_more_common"
John,John Orace,2,2,"2006,2010",2011,0,,"1157398732,1268445253","1301675662,1311699287",7,"prefix_match,token_subset,rare_alias,canon_more_common"
John,John Stalberger,2,8,"2006,2010","1980,1981,1982",0,,"1157398732,1268445253","2001980001,2001981001,9905304,9928572,9992129",7,"prefix_match,token_subset,rare_alias,canon_more_common"
John,John Suderman,2,5,"2006,2010","2009,2013",0,,"1157398732,1268445253","1237771561,1361207019",7,"prefix_match,token_subset,rare_alias,canon_more_common"
Luka,Luka Weyler,2,27,"2007,2010",2009..2025 (17 yrs),0,,"1170456736,1268445253","1230850031,1239056543,1245432804,1272817638,1301837824",7,"prefix_match,token_subset,rare_alias,canon_more_common"
Mathieu,Mathieu Gauthier,2,40,2006,2006..2025 (15 yrs),0,,1134914723,"1135116604,1163784775,1194517448,1237771561,1361207019",7,"prefix_match,token_subset,rare_alias,canon_more_common"
Mathieu,Mathieu Giard,2,6,2006,"2009,2010,2011",0,,1134914723,"1250478677,1265745512,1285506605,1293877677",7,"prefix_match,token_subset,rare_alias,canon_more_common"
Mathieu,Mathieu Payant,2,4,2006,"2009,2010",0,,1134914723,"1239056543,1269111845,1272817638",7,"prefix_match,token_subset,rare_alias,canon_more_common"
Mathieu,Mathieu Soucy,2,3,2006,"2007,2008",0,,1134914723,"1163784775,1206161350",7,"prefix_match,token_subset,rare_alias,canon_more_common"
Nina,Nina Stuppacher,2,7,"2002,2003","2011,2013,2015,2017,2018",0,,"1025084282,1064849293","1318673467,1382778441,1445178271,1487797845,1536221908",7,"prefix_match,token_subset,rare_alias,canon_more_common"
NiNo,Nino Almazon,3,4,2004,"2000,2002,2003",0,,"1076876907,1081766954,1092044099","1011324897,1021665982,1049457912,946940201",7,"prefix_match,token_subset,rare_alias,canon_more_common"
Jean,Jean-Francois Lemieux,43,23,2000..2025 (16 yrs),1999..2016 (13 yrs),1,961626997,"1011291051,1039550946,1049457912,1131659634,1135116604","1069929277,1102576153,1107290435,1109356644,1149881200",6,"prefix_match,token_subset,shared_events=1"
Alex,Alex Frazier,1,0,2025,,0,,1739036206,,6,"prefix_match,token_subset,rare_alias"
Alex,Alex Ibardaloza,1,0,2025,,0,,1739036206,,6,"prefix_match,token_subset,rare_alias"
Alex,Alex Martínez,1,0,2025,,0,,1739036206,,6,"prefix_match,token_subset,rare_alias"
Alex,Alex Spiers,1,0,2025,,0,,1739036206,,6,"prefix_match,token_subset,rare_alias"
Ben,Ben Clark,1,0,2016,,0,,1449259560,,6,"prefix_match,token_subset,rare_alias"
Ben,Ben Kersens,1,0,2016,,0,,1449259560,,6,"prefix_match,token_subset,rare_alias"
Ben,Ben Kettman,1,0,2016,,0,,1449259560,,6,"prefix_match,token_subset,rare_alias"
Ben,Ben Kühner,1,0,2016,,0,,1449259560,,6,"prefix_match,token_subset,rare_alias"
Carlos,Carlos Moreno,1,0,2010,,0,,1268445253,,6,"prefix_match,token_subset,rare_alias"
Charles,Charles Simmers,1,0,2004,,0,,1069791565,,6,"prefix_match,token_subset,rare_alias"
Cyril,Cyril Peron aka Pataps,1,0,2025,,0,,1741024635,,6,"prefix_match,token_subset,rare_alias"
Francois Depatie-Pelletier,Francois Depatie Pelletier,1,2,2012,"2018,2019",0,,1323272493,"1502997442,1555631351",6,"initial_variant,rare_alias,canon_more_common"
Gilles,Gilles Bourgeois,1,0,2010,,0,,1268445253,,6,"prefix_match,token_subset,rare_alias"
Jake,Jake Kellams,1,0,2010,,0,,1268445253,,6,"prefix_match,token_subset,rare_alias"
Jake,Jake Stare,1,0,2010,,0,,1268445253,,6,"prefix_match,token_subset,rare_alias"
Jason,Jason Valdrow,1,0,2004,,0,,1094201584,,6,"prefix_match,token_subset,rare_alias"
Jhoan,Jhoan Cubides,1,0,2010,,0,,1286381599,,6,"prefix_match,token_subset,rare_alias"
Josh,Josh Casey,1,0,2010,,0,,1268445253,,6,"prefix_match,token_subset,rare_alias"
Josh,Josh Jones,1,0,2010,,0,,1268445253,,6,"prefix_match,token_subset,rare_alias"
Karl,Karl aus Schaumburg,1,0,2010,,0,,1260368810,,6,"prefix_match,token_subset,rare_alias"
Kirsten,Kirsten Anhuth,1,0,2010,,0,,1268445253,,6,"prefix_match,token_subset,rare_alias"
Louis,Louis Brasher,1,0,2023,,0,,1686926080,,6,"prefix_match,token_subset,rare_alias"
Luke,Luke Tarr,1,0,2002,,0,,1025084282,,6,"prefix_match,token_subset,rare_alias"
Matthias,Matthias aus Mainz,1,0,2008,,0,,1195677906,,6,"prefix_match,token_subset,rare_alias"
Mike,Mike Best,1,0,2001,,0,,1001942070,,6,"prefix_match,token_subset,rare_alias"
Mike,Mike Bilan,1,0,2001,,0,,1001942070,,6,"prefix_match,token_subset,rare_alias"
Mike,Mike Commons,1,0,2001,,0,,1001942070,,6,"prefix_match,token_subset,rare_alias"
Mike,Mike Huarca,1,0,2001,,0,,1001942070,,6,"prefix_match,token_subset,rare_alias"
Mike,Mike Mueller,1,0,2001,,0,,1001942070,,6,"prefix_match,token_subset,rare_alias"
Mike,Mike Patrick McCarthy,1,0,2001,,0,,1001942070,,6,"prefix_match,token_subset,rare_alias"
Mike,Mike Puderbaugh,1,0,2001,,0,,1001942070,,6,"prefix_match,token_subset,rare_alias"
Mike,Mike Walsh,1,0,2001,,0,,1001942070,,6,"prefix_match,token_subset,rare_alias"
Mikko,Mikko Salonen,1,0,2013,,0,,1377192359,,6,"prefix_match,token_subset,rare_alias"
Nicolas,Nicolas Laille,1,0,2020,,0,,1598616506,,6,"prefix_match,token_subset,rare_alias"
Nicolas,Nicolas Nantes,1,0,2020,,0,,1598616506,,6,"prefix_match,token_subset,rare_alias"
Phil,Phil Donegan,1,0,2010,,0,,1268445253,,6,"prefix_match,token_subset,rare_alias"
Phil,Phil Nierstheimer,1,0,2010,,0,,1268445253,,6,"prefix_match,token_subset,rare_alias"
Roger,Roger Stimson,1,0,2005,,0,,1126086921,,6,"prefix_match,token_subset,rare_alias"
Sam,Sam Meyers,1,0,2008,,0,,1206161350,,6,"prefix_match,token_subset,rare_alias"
Simon,Simon Munoz Arango,1,0,2002,,0,,1025084282,,6,"prefix_match,token_subset,rare_alias"
Smirnov,Smirnov Alexander,1,0,2003,,0,,1035277529,,6,"prefix_match,token_subset,rare_alias"
Sunny Freeman Genz,Sunny Freeman-Genz,1,33,2003,2000..2012 (11 yrs),0,,1035277529,"1012638214,1028233308,1036298726,1069929277,1070954568",6,"initial_variant,rare_alias,canon_more_common"
Thomas,Thomas Försterson,1,0,2006,,0,,1137942486,,6,"prefix_match,token_subset,rare_alias"
Thomas,Thomas Jacquemart,1,0,2006,,0,,1137942486,,6,"prefix_match,token_subset,rare_alias"
Thomas,Thomas Komair,1,0,2006,,0,,1137942486,,6,"prefix_match,token_subset,rare_alias"
Thomas,Thomas Laboutka,1,0,2006,,0,,1137942486,,6,"prefix_match,token_subset,rare_alias"
Thomas,Thomas Weiss,1,0,2006,,0,,1137942486,,6,"prefix_match,token_subset,rare_alias"
Thomas,Thomas Whitman,1,0,2006,,0,,1137942486,,6,"prefix_match,token_subset,rare_alias"
Thomas,Thomas tomtom Jouan,1,0,2006,,0,,1137942486,,6,"prefix_match,token_subset,rare_alias"
Tre Jones,Tre Jones JABag,1,0,2003,,0,,1044624680,,6,"prefix_match,token_subset,rare_alias"
Yavor,Yavor Zehlev,1,0,2025,,0,,1739036206,,6,"prefix_match,token_subset,rare_alias"
Alex,alex smith,1,0,2025,,0,,1739036206,,6,"prefix_match,token_subset,rare_alias"
Mike,mike mccarthy,1,0,2001,,0,,1001942070,,6,"prefix_match,token_subset,rare_alias"
Mike,mike williams,1,0,2001,,0,,1001942070,,6,"prefix_match,token_subset,rare_alias"
Daniel,DANIEL CADAVID,2,1,"2003,2006",2012,0,,"1035277529,1135116604",1346947092,6,"prefix_match,token_subset,rare_alias"
Dan,Dan Botkin,2,1,"1998,2010",2008,0,,"1268445253,899077904",1216058526,6,"prefix_match,token_subset,rare_alias"
Dan,Dan Boyle,2,1,"1998,2010",2021,0,,"1268445253,899077904",1623054449,6,"prefix_match,token_subset,rare_alias"
Dan,Dan Chick,2,0,"1998,2010",,0,,"1268445253,899077904",,6,"prefix_match,token_subset,rare_alias"
Dan,Dan Cyr,2,1,"1998,2010",2007,0,,"1268445253,899077904",1172931308,6,"prefix_match,token_subset,rare_alias"
Dan,Dan Holland,2,0,"1998,2010",,0,,"1268445253,899077904",,6,"prefix_match,token_subset,rare_alias"
Dan,Dan Knisoll,2,1,"1998,2010",2007,0,,"1268445253,899077904",1182542776,6,"prefix_match,token_subset,rare_alias"
Dan,Dan Schläpfer,2,0,"1998,2010",,0,,"1268445253,899077904",,6,"prefix_match,token_subset,rare_alias"
Dan,Dan Teichman,2,0,"1998,2010",,0,,"1268445253,899077904",,6,"prefix_match,token_subset,rare_alias"
Daniel,Daniel Botkin,2,1,"2003,2006",1998,0,,"1035277529,1135116604",876591529,6,"prefix_match,token_subset,rare_alias"
Daniel,Daniel Ernesto González,2,1,"2003,2006",2015,0,,"1035277529,1135116604",1430582557,6,"prefix_match,token_subset,rare_alias"
Daniel,Daniel Herrick,2,1,"2003,2006",1999,0,,"1035277529,1135116604",903632480,6,"prefix_match,token_subset,rare_alias"
Daniel,Daniel Kramer,2,1,"2003,2006",1997,0,,"1035277529,1135116604",857876517,6,"prefix_match,token_subset,rare_alias"
Daniel,Daniel Ku niec,2,0,"2003,2006",,0,,"1035277529,1135116604",,6,"prefix_match,token_subset,rare_alias"
Daniel,Daniel Neufeld,2,1,"2003,2006",2003,0,,"1035277529,1135116604",1042821772,6,"prefix_match,token_subset,rare_alias"
Daniel,Daniel Oropeza,2,1,"2003,2006",2011,0,,"1035277529,1135116604",1297909685,6,"prefix_match,token_subset,rare_alias"
Daniel,Daniel Schläpfer,2,1,"2003,2006",2001,0,,"1035277529,1135116604",981560223,6,"prefix_match,token_subset,rare_alias"
Daniel,Daniel Schuldes,2,1,"2003,2006",2003,0,,"1035277529,1135116604",1042821772,6,"prefix_match,token_subset,rare_alias"
Daniel,Daniel Send,2,0,"2003,2006",,0,,"1035277529,1135116604",,6,"prefix_match,token_subset,rare_alias"
Daniel,Daniel Stalmach,2,1,"2003,2006",2012,0,,"1035277529,1135116604",1323272493,6,"prefix_match,token_subset,rare_alias"
Daniel,Daniel Urrutia,2,0,"2003,2006",,0,,"1035277529,1135116604",,6,"prefix_match,token_subset,rare_alias"
Daniel,Daniel Waite,2,0,"2003,2006",,0,,"1035277529,1135116604",,6,"prefix_match,token_subset,rare_alias"
David,David Baldemor,2,1,"2003,2006",2000,0,,"1050745947,1149881200",933115858,6,"prefix_match,token_subset,rare_alias"
David,David Beck,2,1,"2003,2006",2012,0,,"1050745947,1149881200",1344933824,6,"prefix_match,token_subset,rare_alias"
David,David Byers,2,1,"2003,2006",2017,0,,"1050745947,1149881200",1502929111,6,"prefix_match,token_subset,rare_alias"
David,David Edgmon,2,1,"2003,2006",2000,0,,"1050745947,1149881200",955745735,6,"prefix_match,token_subset,rare_alias"
David,David Gil,2,1,"2003,2006",2021,0,,"1050745947,1149881200",1623054449,6,"prefix_match,token_subset,rare_alias"
David,David Gilfillan,2,1,"2003,2006",2001,0,,"1050745947,1149881200",979334083,6,"prefix_match,token_subset,rare_alias"
David,David Holton,2,1,"2003,2006",2000,0,,"1050745947,1149881200",933115858,6,"prefix_match,token_subset,rare_alias"
David,David Latotzky,2,1,"2003,2006",2000,0,,"1050745947,1149881200",944242404,6,"prefix_match,token_subset,rare_alias"
David,David Mellov,2,0,"2003,2006",,0,,"1050745947,1149881200",,6,"prefix_match,token_subset,rare_alias"
David,David Pollen,2,0,"2003,2006",,0,,"1050745947,1149881200",,6,"prefix_match,token_subset,rare_alias"
David,David Ramaud,2,0,"2003,2006",,0,,"1050745947,1149881200",,6,"prefix_match,token_subset,rare_alias"
David,David Rieger,2,1,"2003,2006",2008,0,,"1050745947,1149881200",1194517448,6,"prefix_match,token_subset,rare_alias"
David,David Sandrik,2,1,"2003,2006",2008,0,,"1050745947,1149881200",1194517448,6,"prefix_match,token_subset,rare_alias"
David,David Steinocker,2,1,"2003,2006",1997,0,,"1050745947,1149881200",860356126,6,"prefix_match,token_subset,rare_alias"
David,David Theolis,2,0,"2003,2006",,0,,"1050745947,1149881200",,6,"prefix_match,token_subset,rare_alias"
David,David Tibocha,2,1,"2003,2006",2012,0,,"1050745947,1149881200",1321869570,6,"prefix_match,token_subset,rare_alias"
David,David andrik,2,0,"2003,2006",,0,,"1050745947,1149881200",,6,"prefix_match,token_subset,rare_alias"
Hanna,Hanna Widen,2,0,2003,,0,,"1041241196,1064849293",,6,"prefix_match,token_subset,rare_alias"
Jakob,Jakob Brüllmann,2,0,"2004,2008",,0,,"1079444598,1195677906",,6,"prefix_match,token_subset,rare_alias"
Jakob,Jakob Otsa,2,1,"2004,2008",2018,0,,"1079444598,1195677906",1531284609,6,"prefix_match,token_subset,rare_alias"
Jakob,Jakob Ske Dahlstrup,2,1,"2004,2008",2006,0,,"1079444598,1195677906",1157398732,6,"prefix_match,token_subset,rare_alias"
Jakob,Jakob og Jesper Hall,2,0,"2004,2008",,0,,"1079444598,1195677906",,6,"prefix_match,token_subset,rare_alias"
Jeremy,Jeremy Chase Kumbruch,2,0,"2000,2006",,0,,"1148374547,949991621",,6,"prefix_match,token_subset,rare_alias"
Jeremy,Jeremy Erhart,2,1,"2000,2006",2000,0,,"1148374547,949991621",933115858,6,"prefix_match,token_subset,rare_alias"
Jeremy,Jeremy Hendersen,2,0,"2000,2006",,0,,"1148374547,949991621",,6,"prefix_match,token_subset,rare_alias"
Jeremy,Jeremy S.,2,1,"2000,2006",2006,0,,"1148374547,949991621",1133888413,6,"prefix_match,token_subset,rare_alias"
Jeremy,Jeremy Williams,2,1,"2000,2006",1998,0,,"1148374547,949991621",876356874,6,"prefix_match,token_subset,rare_alias"
John,John Benevoli,2,1,"2006,2010",1997,0,,"1157398732,1268445253",857880054,6,"prefix_match,token_subset,rare_alias"
John,John Cook,2,0,"2006,2010",,0,,"1157398732,1268445253",,6,"prefix_match,token_subset,rare_alias"
John,John Felix,2,1,"2006,2010",2003,0,,"1157398732,1268445253",1058877971,6,"prefix_match,token_subset,rare_alias"
John,John Hayduk,2,0,"2006,2010",,0,,"1157398732,1268445253",,6,"prefix_match,token_subset,rare_alias"
John,John Hutchinson,2,1,"2006,2010",2003,0,,"1157398732,1268445253",1038895913,6,"prefix_match,token_subset,rare_alias"
John,John Lind,2,1,"2006,2010",1982,0,,"1157398732,1268445253",2001982001,6,"prefix_match,token_subset,rare_alias"
John,John Mahood,2,1,"2006,2010",2006,0,,"1157398732,1268445253",1148241486,6,"prefix_match,token_subset,rare_alias"
John,John Marshall,2,1,"2006,2010",2016,0,,"1157398732,1268445253",1466942562,6,"prefix_match,token_subset,rare_alias"
John,John Mortensen,2,1,"2006,2010",1997,0,,"1157398732,1268445253",857879540,6,"prefix_match,token_subset,rare_alias"
John,John Nodtvedt,2,0,"2006,2010",,0,,"1157398732,1268445253",,6,"prefix_match,token_subset,rare_alias"
John,John Pimentel,2,1,"2006,2010",1998,0,,"1157398732,1268445253",877061793,6,"prefix_match,token_subset,rare_alias"
John,John Redding,2,1,"2006,2010",2017,0,,"1157398732,1268445253",1471686537,6,"prefix_match,token_subset,rare_alias"
John,John Suckling,2,0,"2006,2010",,0,,"1157398732,1268445253",,6,"prefix_match,token_subset,rare_alias"
John,John Tapper,2,1,"2006,2010",2001,0,,"1157398732,1268445253",988325277,6,"prefix_match,token_subset,rare_alias"
Kolo,Kolo FoundaQ,2,1,"2001,2007",2001,0,,"1172931308,991757909",981129410,6,"prefix_match,token_subset,rare_alias"
Mathieu,Mathieu Dubost,2,0,2006,,0,,1134914723,,6,"prefix_match,token_subset,rare_alias"
Mathieu,Mathieu Larocque,2,1,2006,2004,0,,1134914723,1069929277,6,"prefix_match,token_subset,rare_alias"
Mathieu,Mathieu Vaillancourt,2,1,2006,2001,0,,1134914723,991285803,6,"prefix_match,token_subset,rare_alias"
Nina,Nina Mader,2,1,"2002,2003",2001,0,,"1025084282,1064849293",981560223,6,"prefix_match,token_subset,rare_alias"
Shay,Shay Wright,2,1,1998,2000,0,,876336655,933115858,6,"prefix_match,token_subset,rare_alias"
Pierre,Pierre Jacques Daigle,10,12,"1997,1998,1999,2000,2003,2004",1998..2013 (9 yrs),0,,"1039550946,1069791565,859400929,876591529,883135865","1069929277,1075781798,1107290435,1149881200,1194517448",6,"prefix_match,token_subset,canon_more_common"
Boris De Nantes,Boris de nantes,1,0,2004,,0,,1090569022,,5,"initial_variant,rare_alias"
David Andrik,David andrik,1,0,2004,,0,,1092073845,,5,"initial_variant,rare_alias"
Faris Der Ringer,Faris der Ringer,1,0,2005,,0,,1117746703,,5,"initial_variant,rare_alias"
Jaime Alberto Navarro,Jaime alberto Navarro,1,0,2009,,0,,1258513500,,5,"initial_variant,rare_alias"
Jakob Og Jesper Hall,Jakob og Jesper Hall,1,0,2003,,0,,1052775366,,5,"initial_variant,rare_alias"
Karl Aus Schaumburg,Karl aus Schaumburg,1,0,2010,,0,,1260368810,,5,"initial_variant,rare_alias"
Ma Gorzata Ol Dzka,Ma gorzata Ol dzka,1,0,2013,,0,,1376036018,,5,"initial_variant,rare_alias"
Marek Andrik,Marek andrik,1,0,2004,,0,,1092073845,,5,"initial_variant,rare_alias"
Matthias Aus Mainz,Matthias aus Mainz,1,0,2005,,0,,1117746703,,5,"initial_variant,rare_alias"
Ondrej Krabal,Ondrej krabal,1,0,2005,,0,,1104851808,,5,"initial_variant,rare_alias"
Pawe Fr Czek,Pawe Fr czek,1,0,2013,,0,,1376036018,,5,"initial_variant,rare_alias"
Rado Arnaj,Rado arnaj,1,0,2004,,0,,1092073845,,5,"initial_variant,rare_alias"
Thorsten Pusty Karbenervoschel,Thorsten Pusty karbenervoschel,1,0,2005,,0,,1105353373,,5,"initial_variant,rare_alias"
Tomá Olc,Tomá olc,1,0,2006,,0,,1137937282,,5,"initial_variant,rare_alias"
Vilalba Martin,Vilalba martin,1,0,2004,,0,,1079605499,,5,"initial_variant,rare_alias"
Brain Dennis,brain dennis,1,0,2006,,0,,1155788760,,5,"initial_variant,rare_alias"
Die EUSE,die EUSE,1,0,2005,,0,,1117746703,,5,"initial_variant,rare_alias"
Imagepunkt Für Stuff,imagepunkt für stuff,1,0,2010,,0,,1260368810,,5,"initial_variant,rare_alias"
Jermey Mirken,jermey mirken,1,0,2010,,0,,1264098849,,5,"initial_variant,rare_alias"
Paul Heckel,paul heckel,1,0,1998,,0,,881872990,,5,"initial_variant,rare_alias"
Alexander Kermit Zamotin,Alexander kermit Zamotin,2,0,2004,,0,,"1076876907,1092044099",,5,"initial_variant,rare_alias"
Daniel Ku Niec,Daniel Ku niec,2,0,2005,,0,,1102443443,,5,"initial_variant,rare_alias"
Karel Hude Ek,Karel Hude ek,2,0,2004,,0,,1092073845,,5,"initial_variant,rare_alias"
Alex Smith,alex smith,2,0,"1998,1999",,0,,"899077904,915561090",,5,"initial_variant,rare_alias"
Dustin Yanofsky,dustin yanofsky,2,0,2006,,0,,1155788760,,5,"initial_variant,rare_alias"
Geber Orta,geber Orta,2,0,"2010,2015",,0,,"1284182261,1423020874",,5,"initial_variant,rare_alias"
Mike Mccarthy,mike mccarthy,2,0,"2001,2008",,0,,"1189467124,980969461",,5,"initial_variant,rare_alias"
Trey Lykins,trey lykins,2,0,2006,,0,,"1155788760,1164034575",,5,"initial_variant,rare_alias"
Cyril Peron Aka Pataps,Cyril Peron aka Pataps,3,0,"2000,2002",,0,,"1030830356,948198763",,5,"initial_variant,rare_alias"
Iván Acosta,Iván acosta,3,0,2011,,0,,"1301675662,1311699287,1314323534",,5,"initial_variant,rare_alias"
Lee Sickle,Lee Van Sickle,3,2,"2006,2007",2006,0,,"1155788760,1163784775",1146356760,5,"initial_variant,rare_alias"
Ma Gorzata Nycz,Ma gorzata Nycz,3,0,"2005,2007,2009",,0,,"1126086921,1189345008,1235653935",,5,"initial_variant,rare_alias"
Sheeddy El Salman,Sheeddy el Salman,3,0,"2010,2011",,0,,"1267469140,1285989828,1314323534",,5,"initial_variant,rare_alias"
Lee Sickle,lee sickle,3,0,"2006,2007",,0,,"1155788760,1163784775",,5,"initial_variant,rare_alias"
Carl,Carl Cavazos,5,2,"2011,2012,2013,2014",2003,0,,"1301837216,1337327565,1361207019,1362598500,1403287103",1058378281,5,"prefix_match,token_subset"
Marie,Marie Elsner,6,5,"1998,2012,2013,2015","1980,1983,1985",0,,"1337623340,1361207019,1417735560,876591529,901687367","2001980001,2001985001,9904297,9928572",5,"prefix_match,token_subset"
Dexter,Dexter Struz,9,7,2001..2010 (7 yrs),"2004,2005,2006,2023",0,,"1011556608,1041241196,1079444598,1228946926,1231432184","1092073845,1114277529,1157398732,1695501837,1699709080",5,"prefix_match,token_subset"
Juha,Juha Heinonen,10,0,2000..2011 (7 yrs),,0,,"1019193491,1161871029,1173606489,1205552627,1208345952",,5,"prefix_match,token_subset"
Juha,Juha Linnanen,10,8,2000..2011 (7 yrs),"1999,2000,2004",0,,"1019193491,1161871029,1173606489,1205552627,1208345952","1069929277,1094123527,913061034,933870505,941418343",5,"prefix_match,token_subset"
Juha,Juha Vilpas,10,2,2000..2011 (7 yrs),2005,0,,"1019193491,1161871029,1173606489,1205552627,1208345952","1102576153,1132511088",5,"prefix_match,token_subset"
Pierre,Pierre Bardeau,10,9,"1997,1998,1999,2000,2003,2004","2004,2005,2006,2008",0,,"1039550946,1069791565,859400929,876591529,883135865","1080138513,1125936037,1137942486,1143027870,1149763452",5,"prefix_match,token_subset"
Pierre,Pierre Frigon,10,2,"1997,1998,1999,2000,2003,2004","2007,2009",0,,"1039550946,1069791565,859400929,876591529,883135865","1179874637,1230850031",5,"prefix_match,token_subset"
Pierre,Pierre Riviera,10,2,"1997,1998,1999,2000,2003,2004","2008,2009",0,,"1039550946,1069791565,859400929,876591529,883135865","1216058526,1245793403",5,"prefix_match,token_subset"
Pierre,Pierre-Alexandre ROGER,10,1,"1997,1998,1999,2000,2003,2004",2019,0,,"1039550946,1069791565,859400929,876591529,883135865",1547720079,5,"prefix_match,token_subset"
Jean,Jean François Bélanger,43,10,2000..2025 (16 yrs),"2007,2008,2009,2010,2011",0,,"1011291051,1039550946,1049457912,1131659634,1135116604","1170456736,1179874637,1204006435,1230850031,1239056543",5,"prefix_match,token_subset"
Jean,Jean Letort,43,0,2000..2025 (16 yrs),,0,,"1011291051,1039550946,1049457912,1131659634,1135116604",,5,"prefix_match,token_subset"
Jean,Jean Phillipe Labbé,43,0,2000..2025 (16 yrs),,0,,"1011291051,1039550946,1049457912,1131659634,1135116604",,5,"prefix_match,token_subset"
Jean,Jean-Marie Letort,43,3,2000..2025 (16 yrs),"2016,2019",0,,"1011291051,1039550946,1049457912,1131659634,1135116604","1449259560,1547415984",5,"prefix_match,token_subset"
Tuomas Krki,Tuomas Riisalo,4,88,"2005,2010,2012,2019",2005..2025 (19 yrs),3,"1102576153,1323272493,1547415984","1102576153,1265745512,1323272493,1547415984","1102576153,1132511088,1135116604,1137942486,1154685554",4,"shared_events=3,canon_more_common"
Micha Rg,Micha Klimczak,7,40,"2013,2017,2019",2005..2025 (16 yrs),3,"1376036018,1485863923,1547415984","1376036018,1485863923,1547415984","1127155729,1219405634,1226679678,1235653935,1248864536",4,"shared_events=3,canon_more_common"
Ka Wak Szymon,Szymon Kalwak,8,54,"2005,2007",2004..2022 (14 yrs),3,"1102443443,1185458086,1189345008","1102443443,1185458086,1189345008","1090437706,1102443443,1102576153,1104851808,1114277529",4,"shared_events=3,canon_more_common"
Alex Smith,Steve Smith,2,32,"1998,1999","1997,1998,1999,2000,2001,2008",2,"899077904,915561090","899077904,915561090","1216742033,857876517,857879540,857880964,865043841",4,"shared_events=2,rare_alias,canon_more_common"
Danny Greer,Danny Iachini,3,4,2003,2003,2,"1044624680,1046985067","1044624680,1046985067","1044624680,1046985067",4,"shared_events=2,rare_alias,canon_more_common"
Jindra Smola,Jindrich Smola,3,62,"2012,2013",2008..2018 (9 yrs),2,"1323272493,1354752474","1323272493,1354752474","1194517448,1196344513,1224962900,1228946926,1231432184",4,"shared_events=2,rare_alias,canon_more_common"
Matthias Schmidt,Matthias Lino Schmidt,13,43,"2005,2010,2011,2017,2018,2019",2000..2023 (16 yrs),1,1547415984,"1102576153,1269266785,1293877677,1499025778,1518200935","1042821772,1052775366,1070734498,1079444598,1089373321",4,"token_subset,shared_events=1,canon_more_common"
Ben,Big Ben Alston,1,1,2016,2008,0,,1449259560,1218721346,4,"token_subset,rare_alias,canon_more_common"
Thomas,Chris Thomas Wollick,1,1,2006,2001,0,,1137942486,980969461,4,"token_subset,rare_alias,canon_more_common"
Mike,Crazy Mike Craig,1,3,2001,"2008,2011,2012",0,,1001942070,"1193783964,1295842442,1320803601",4,"token_subset,rare_alias,canon_more_common"
Mike,Crazy Mike Whalen,1,1,2001,2010,0,,1001942070,1262288759,4,"token_subset,rare_alias,canon_more_common"
Mike,Dr. Mike Stefanelli,1,2,2001,"1997,2003",0,,1001942070,"1034985978,860356126",4,"token_subset,rare_alias,canon_more_common"
Jani Markkanen,Jani Sakari Markkanen,1,39,2003,1999..2012 (14 yrs),0,,1035277529,"1001076315,1027925383,1042821772,1063788560,1079605499",4,"token_subset,rare_alias,canon_more_common"
André,Marc-André Veillette,1,3,2008,"2000,2001",0,,1195677906,"952906680,972427576",4,"token_subset,rare_alias,canon_more_common"
Arturo Pi Ango,Arturo Pi ango,4,0,"2010,2011,2012",,0,,"1285989828,1301104070,1314328055,1335761071",,4,initial_variant
Pawe Cierski,Pawe cierski,5,0,"2010,2013",,0,,"1288096032,1376036018",,4,initial_variant
Pawe Ro Ek,Pawe Ro ek,6,0,"2013,2017,2019",,0,,"1376036018,1485863923,1547415984",,4,initial_variant
Ka Wak Szymon,Ka wak Szymon,8,0,"2005,2007",,0,,"1102443443,1185458086,1189345008",,4,initial_variant
Arkady Kemp Lobankov,Arkady kemp Lobankov,12,0,2004..2019 (10 yrs),,0,,"1076876907,1092044099,1093955766,1102576153,1135116604",,4,initial_variant
Becca English-Ross,Becca English Ross,19,0,1997..2025 (8 yrs),,0,,"1295842442,1320803601,1458772302,1738446800,1741024635",,4,initial_variant
