result_id,canonical_event_id,division_raw,place,player_raw,team_raw,source_event_id,source_type
b83a963033,1982_worlds,Open Sgls Net,1,Kenny Shults,,38240bb7ec,FBW
877c97aef7,1982_worlds,Open Sgls Net,2,Billy Hayne,,38240bb7ec,FBW
37989f1a5c,1982_worlds,Open Sgls Net,3,Bruce Guettich,,38240bb7ec,FBW
9313635c5c,1982_worlds,Open Dbls Net,1,,Mag Hughes/Billy Hayne,38240bb7ec,FBW
334795941e,1982_worlds,Open Dbls Net,2,,Kenny Shults/Walt Mason,38240bb7ec,FBW
b0d6bf4c8f,1982_worlds,Open Dbls Net,3,,Fred Kipley/Gary Preston,38240bb7ec,FBW
609f3f30fb,1982_worlds,Women's Sgls Net,1,Cheryl Hughes,,38240bb7ec,FBW
a3c659f467,1982_worlds,Women's Sgls Net,2,Carolyn Ramondie,,38240bb7ec,FBW
69ca6270c5,1982_worlds,Women's Sgls Net,3,Karen Gunther,,38240bb7ec,FBW
0f4334650b,1982_worlds,Women's Dbls Net,1,,Carolyn Ramondie/Lori Jean Tarr,38240bb7ec,FBW
315223983f,1982_worlds,Women's Dbls Net,2,,Rita Buckley/Alex Frazier,38240bb7ec,FBW
14aed77b21,1982_worlds,Women's Dbls Net,3,,Karen Uppinghouse/Cheryl Hughes,38240bb7ec,FBW
4c06cfa01a,1982_worlds,Mixed Dbls Net,1,,Mag Hughes/Alex Frazier,38240bb7ec,FBW
6b4eb67eec,1982_worlds,Mixed Dbls Net,2,,Billy Hayne/Cheryl Hughes,38240bb7ec,FBW
550ca7ceb6,1982_worlds,Mixed Dbls Net,3,,Greg Cortopassi/Rita Buckley,38240bb7ec,FBW
42aa4ad24e,1982_worlds,Open Sgls Freestyle,1,Gary Laut,,38240bb7ec,FBW
01cc7044c6,1982_worlds,Open Team Freestyle,1,,Bruce Guettich/Greg Cortopassi,38240bb7ec,FBW
590eadc6cb,1982_worlds,Open Sgls Consecutive,1,Kenny Shults,,38240bb7ec,FBW
079c2f8370,1982_worlds,Open Sgls Consecutive,2,Andy Linder,,38240bb7ec,FBW
5a70962dc8,1982_worlds,Open Sgls Consecutive,3,Gary Laut,,38240bb7ec,FBW
4a28098dc0,1982_worlds,Open Golf,1,Mike Harding,,38240bb7ec,FBW
a8e4d54e96,1982_worlds,Open Golf,2,Kenny Shults,,38240bb7ec,FBW
9e1a4ac3b3,1982_worlds,Open Golf,3,Greg Cortopassi,,38240bb7ec,FBW
98a0e0aebf,1983_worlds_nhsa,Open Sgls Net,1,Mag Hughes,,ca3ebce8f1,FBW
ff052ef614,1983_worlds_nhsa,Open Sgls Net,2,Kenny Shults,,ca3ebce8f1,FBW
6f121bebd8,1983_worlds_nhsa,Open Sgls Net,3,Dave Robinson,,ca3ebce8f1,FBW
14b96b52ca,1983_worlds_nhsa,Open Dbls Net,1,,Mag Hughes/Billy Hayne,ca3ebce8f1,FBW
e66d08c1e2,1983_worlds_nhsa,Open Dbls Net,2,,Greg Cortopassi/Bruce Guettich,ca3ebce8f1,FBW
f25ed8fc0d,1983_worlds_nhsa,Open Dbls Net,3,,Kevin Courtney/Dave Robinson,ca3ebce8f1,FBW
4242fb6a3f,1983_worlds_nhsa,Mixed Dbls Net,1,,Lori Jean Tarr/Bruce Guettich,ca3ebce8f1,FBW
bd781aaad0,1983_worlds_nhsa,Mixed Dbls Net,2,,Shannon Aubin/Dave Robinson,ca3ebce8f1,FBW
5874e1bf64,1983_worlds_nhsa,Mixed Dbls Net,3,,Tricia George/Tim Fitzgerald,ca3ebce8f1,FBW
79878edcf8,1983_worlds_nhsa,Open Sgls Freestyle,1,Jack Schoolcraft,,ca3ebce8f1,FBW
bb2bdb9655,1983_worlds_nhsa,Open Sgls Freestyle,2,Jim Caveney,,ca3ebce8f1,FBW
f3e4c16336,1983_worlds_nhsa,Open Sgls Freestyle,3,Bill Bethurum,,ca3ebce8f1,FBW
7ba709391b,1983_worlds_nhsa,Open Team Freestyle,1,,Kenny Shults/Gary Laut/Jim Caveney,ca3ebce8f1,FBW
244d6dfb22,1983_worlds_nhsa,Open Team Freestyle,2,,Kevin Courtney/Dave Robinson/Reed Gray,ca3ebce8f1,FBW
da78f9c7c0,1983_worlds_nhsa,Open Team Freestyle,3,,Robert Conover/Jim Fitzgerald,ca3ebce8f1,FBW
c53ba9c763,1983_worlds_nhsa,Open Sgls Consecutive,1,Jack Schoolcraft,,ca3ebce8f1,FBW
09a648931b,1983_worlds_nhsa,Open Golf,1,Mike Harding,,ca3ebce8f1,FBW
92050a27bc,1983_worlds_nhsa,Open Golf,2,Tim Mackey,,ca3ebce8f1,FBW
11aadc2902,1983_worlds_nhsa,Open Golf,3,Kenny Shults,,ca3ebce8f1,FBW
56f1486137,1983_worlds_wfa,Open Sgls Net,1,Kenny Shults,,d7766289c6,FBW
30f480459f,1983_worlds_wfa,Open Sgls Net,2,Dave Robinson,,d7766289c6,FBW
c96d2d93b1,1983_worlds_wfa,Open Sgls Net,3,Steve Fennell,,d7766289c6,FBW
aef0975903,1983_worlds_wfa,Open Dbls Net,1,,Kenny Shults/Mike Harding,d7766289c6,FBW
ee27ec484c,1983_worlds_wfa,Open Dbls Net,2,,Dave Hill/Dave Robinson,d7766289c6,FBW
18784d3a47,1983_worlds_wfa,Open Dbls Net,3,,Bob Swerdlick/Mike Puderbaugh,d7766289c6,FBW
2cfcf50581,1983_worlds_wfa,Women's Sgls Net,1,Lori Jean Tarr,,d7766289c6,FBW
72db0e5877,1983_worlds_wfa,Women's Sgls Net,2,Nancy Reynolds,,d7766289c6,FBW
5a3a7abe3b,1983_worlds_wfa,Women's Sgls Net,3,Tricia George,,d7766289c6,FBW
1f67f0c371,1983_worlds_wfa,Women's Dbls Net,1,,Lori Jean Tarr/Rita Buckley,d7766289c6,FBW
e519f2aaa8,1983_worlds_wfa,Women's Dbls Net,2,,Shannon Aubin/Tricia George,d7766289c6,FBW
478f6e64b7,1983_worlds_wfa,Women's Dbls Net,3,,Karin Atogpian/Constance Constable,d7766289c6,FBW
30722f65b5,1983_worlds_wfa,Mixed Dbls Net,1,,Nancy Reynolds/Constance Constable,d7766289c6,FBW
c7bf90d101,1983_worlds_wfa,Mixed Dbls Net,2,,Tricia George/Jody Grace,d7766289c6,FBW
c007d6733b,1983_worlds_wfa,Mixed Dbls Net,3,,Nancy Reynolds/Constance Constable,d7766289c6,FBW
e411db61e7,1983_worlds_wfa,Open Sgls Freestyle,1,Kenny Shults,,d7766289c6,FBW
bc8c601231,1983_worlds_wfa,Open Team Freestyle,1,,Gary Laut/Mag Hughes/Jim Caveney/Greg Cortopassi,d7766289c6,FBW
7b716dc32f,1983_worlds_wfa,Open Team Freestyle,2,,Jack Schoolcraft/Will Squire,d7766289c6,FBW
70305348fe,1983_worlds_wfa,Open Sgls Consecutive,1,Andy Linder,,d7766289c6,FBW
49d69f136c,1983_worlds_wfa,Open Golf,1,Kenny Shults,,d7766289c6,FBW
3ddbe28d53,1983_worlds_wfa,Open Golf,2,?,,d7766289c6,FBW
3be65a8b51,1983_worlds_wfa,Open Golf,3,?,,d7766289c6,FBW
6028337f94,1984_wfa_nationals,Men's Overall,1,Mag Hughes,,0585eab2a3,FBW
3bfec0b873,1984_wfa_nationals,Women's Overall,1,Tricia George,,0585eab2a3,FBW
844292e07d,1984_wfa_nationals,Open Sgls Net,1,Mag Hughes,,0585eab2a3,FBW
6096159dce,1984_wfa_nationals,Open Sgls Net,2,Dave Robinson,,0585eab2a3,FBW
5b6ecdc054,1984_wfa_nationals,Open Sgls Net,3,Kenny Shults,,0585eab2a3,FBW
c8ad9090d2,1984_wfa_nationals,Open Dbls Net,1,,Mag Hughes/Billy Hayne,0585eab2a3,FBW
7625531637,1984_wfa_nationals,Open Dbls Net,2,,Kenny Shults/Mike Harding,0585eab2a3,FBW
83c9548cdd,1984_wfa_nationals,Open Dbls Net,3,,Jim Caveney/Dave Robinson,0585eab2a3,FBW
e74ee0089e,1984_wfa_nationals,Women's Sgls Net,1,Nancy Reynolds,,0585eab2a3,FBW
b694daa76e,1984_wfa_nationals,Women's Sgls Net,2,Tricia George,,0585eab2a3,FBW
d531446133,1984_wfa_nationals,Women's Sgls Net,3,Trudy Archdale,,0585eab2a3,FBW
fe6a936768,1984_wfa_nationals,Women's Dbls Net,1,,Nancy Reynolds/Tricia George,0585eab2a3,FBW
62dfbf940e,1984_wfa_nationals,Women's Dbls Net,2,,Constance Constable/Jenny Davidson,0585eab2a3,FBW
9ba0ac45d0,1984_wfa_nationals,Women's Dbls Net,3,,Jodi Sebastian/Shannon Aubin,0585eab2a3,FBW
d707fe1939,1984_wfa_nationals,Mixed Dbls Net,1,,Tricia George/Dave Robinson,0585eab2a3,FBW
f52bc1c937,1984_wfa_nationals,Mixed Dbls Net,2,,Nancy Reynolds/Greg Cortopassi,0585eab2a3,FBW
62e303cd41,1984_wfa_nationals,Mixed Dbls Net,3,,Cheryl Hughes/Mag Hughes,0585eab2a3,FBW
a5effdf8e7,1984_wfa_nationals,Open Sgls Freestyle,1,Andy Linder,,0585eab2a3,FBW
cc99d1b3b0,1984_wfa_nationals,Open Sgls Freestyle,2,Kenny Shults,,0585eab2a3,FBW
8f81de21d6,1984_wfa_nationals,Open Sgls Freestyle,3,Jack Schoolcraft,,0585eab2a3,FBW
2e69bf2265,1984_wfa_nationals,Open Team Freestyle,1,,Jim Fitzgerald/Jack Schoolcraft,0585eab2a3,FBW
518e3edc68,1984_wfa_nationals,Open Team Freestyle,2,,Gary Laut/Jim Caveney/Mag Hughes,0585eab2a3,FBW
dd2156def6,1984_wfa_nationals,Open Team Freestyle,3,,Scott Cleere/Bill Bethurum,0585eab2a3,FBW
0633df218b,1984_wfa_nationals,Women's Team Freestyle,1,,Tricia George/Jodi Sebastian,0585eab2a3,FBW
428d87e172,1984_wfa_nationals,Women's Team Freestyle,2,,Suzanne Beauchemin/Constance Constable,0585eab2a3,FBW
7d8692ded8,1984_wfa_nationals,Women's Team Freestyle,3,,Jenny Davidson/Ruth Osterman,0585eab2a3,FBW
334ea887e2,1984_wfa_nationals,Open Sgls Consecutive,1,Pat Castle,,0585eab2a3,FBW
0a944f1ff2,1984_wfa_nationals,Open Golf,1,Kenny Shults,,0585eab2a3,FBW
e84423cbcc,1984_wfa_nationals,Open Golf,2,Tim Mackey,,0585eab2a3,FBW
dd9b2f1b67,1984_wfa_nationals,Open Golf,3,Tobin Wigger,,0585eab2a3,FBW
d3aaf6bc07,1985_wfa_nationals,Men's Overall,1,Kenny Shults,,a7e1c7efa7,FBW
0a98adc065,1985_wfa_nationals,Women's Overall,1,Tricia George,,a7e1c7efa7,FBW
22af5de874,1985_wfa_nationals,Open Sgls Net,1,Mag Hughes,,a7e1c7efa7,FBW
2ccaf54736,1985_wfa_nationals,Open Sgls Net,2,Dave Robinson,,a7e1c7efa7,FBW
7ba60e1fdb,1985_wfa_nationals,Open Sgls Net,3,Kenny Shults,,a7e1c7efa7,FBW
4cbf7010bc,1985_wfa_nationals,Open Dbls Net,1,,Kenny Shults/Mike Harding,a7e1c7efa7,FBW
c8b42b5066,1985_wfa_nationals,Open Dbls Net,2,,Mag Hughes/Billy Hayne,a7e1c7efa7,FBW
9cb35882ec,1985_wfa_nationals,Open Dbls Net,3,,Jim Caveney/Dave Robinson,a7e1c7efa7,FBW
578d8c715d,1985_wfa_nationals,Women's Sgls Net,1,Tricia George,,a7e1c7efa7,FBW
2c75b7b169,1985_wfa_nationals,Women's Sgls Net,2,Nancy Reynolds,,a7e1c7efa7,FBW
4d64d3a78d,1985_wfa_nationals,Women's Sgls Net,3,Trudy Archdale,,a7e1c7efa7,FBW
2224538390,1985_wfa_nationals,Women's Dbls Net,1,,Nancy Reynolds/Tricia George,a7e1c7efa7,FBW
3cc053933b,1985_wfa_nationals,Women's Dbls Net,2,,Constance Constable/Trudy Archdale,a7e1c7efa7,FBW
423392d4af,1985_wfa_nationals,Women's Dbls Net,3,,Linda Burt/Suzanne Beauchemin,a7e1c7efa7,FBW
702c9aabf0,1985_wfa_nationals,Mixed Dbls Net,1,,Tricia George/Dave Robinson,a7e1c7efa7,FBW
b6d38cb659,1985_wfa_nationals,Mixed Dbls Net,2,,Trudy Archdale/Bruce Guettich,a7e1c7efa7,FBW
f5f4fd8437,1985_wfa_nationals,Mixed Dbls Net,3,,Constance Constable/Jim Caveney,a7e1c7efa7,FBW
4fb1b6b50a,1985_wfa_nationals,Open Sgls Freestyle,1,Kenny Shults,,a7e1c7efa7,FBW
8c815d1080,1985_wfa_nationals,Open Sgls Freestyle,2,Dennis Ross,,a7e1c7efa7,FBW
bba60dd30e,1985_wfa_nationals,Open Sgls Freestyle,3,Jack Schoolcraft,,a7e1c7efa7,FBW
63be9817f8,1985_wfa_nationals,Open Team Freestyle,1,,Bruce Guettich/Greg Cortopassi,a7e1c7efa7,FBW
e7aa5fd623,1985_wfa_nationals,Open Team Freestyle,2,,Scott Cleere/Bill Bethurum,a7e1c7efa7,FBW
9777d6e24e,1985_wfa_nationals,Open Team Freestyle,3,,Brent Welch/Bill Langbehn,a7e1c7efa7,FBW
09d3d80f9b,1985_wfa_nationals,Women's Sgls Freestyle,1,Nancy Reynolds,,a7e1c7efa7,FBW
3e2ab9f484,1985_wfa_nationals,Women's Team Freestyle,1,,Tricia George/Jodi Sebastian,a7e1c7efa7,FBW
9f1daaed99,1985_wfa_nationals,Women's Team Freestyle,2,,Constance Constable/Kim Era,a7e1c7efa7,FBW
61f84722ea,1985_wfa_nationals,Open Sgls Consecutive,1,Andy Linder,,a7e1c7efa7,FBW
33738329f2,1985_wfa_nationals,Open Sgls Consecutive,2,Pat Castle,,a7e1c7efa7,FBW
1e628d85b4,1985_wfa_nationals,Open Sgls Consecutive,3,Fred Barnum,,a7e1c7efa7,FBW
10e6bb7299,1985_wfa_nationals,Open Dbls Consecutive,1,,Jack Schoolcraft/Pat Castle,a7e1c7efa7,FBW
9ec5a31726,1985_wfa_nationals,Open Dbls Consecutive,2,,Chris Ott/Jeff Johnson,a7e1c7efa7,FBW
cdf074c8e9,1985_wfa_nationals,Open Dbls Consecutive,3,,Jon Lind/Dennis Ross,a7e1c7efa7,FBW
200966ab89,1986_worlds_golden,Men's Overall,1,Kenny Shults,,549ebc61ff,FBW
8a606ba8b4,1986_worlds_golden,Women's Overall,1,Tricia George,,549ebc61ff,FBW
9d0f6e9bb3,1986_worlds_golden,Open Sgls Net,1,Mag Hughes,,549ebc61ff,FBW
3ce96ecbb6,1986_worlds_golden,Open Sgls Net,2,Dave Robinson,,549ebc61ff,FBW
763957a5b0,1986_worlds_golden,Open Sgls Net,3,Kenny Shults,,549ebc61ff,FBW
ed350252b3,1986_worlds_golden,Open Dbls Net,1,,Kenny Shults/Mike Harding,549ebc61ff,FBW
89e7ab5a9a,1986_worlds_golden,Open Dbls Net,2,,Mag Hughes/Billy Hayne,549ebc61ff,FBW
cc5eee263f,1986_worlds_golden,Open Dbls Net,3,,Jim Caveney/Dave Robinson,549ebc61ff,FBW
aadb2b58fb,1986_worlds_golden,Women's Sgls Net,1,Tricia George,,549ebc61ff,FBW
ded1873b47,1986_worlds_golden,Women's Sgls Net,2,Nancy Reynolds,,549ebc61ff,FBW
f653acb622,1986_worlds_golden,Women's Sgls Net,3,Jodi Sebastian,,549ebc61ff,FBW
d65e8c0b51,1986_worlds_golden,Women's Dbls Net,1,,Nancy Reynolds/Tricia George,549ebc61ff,FBW
70ed462d12,1986_worlds_golden,Women's Dbls Net,2,,Constance Constable/Jodi Sebastian,549ebc61ff,FBW
7ad0a3f708,1986_worlds_golden,Women's Dbls Net,3,,Linda Burt/Trudy Archdale,549ebc61ff,FBW
ae589cca2a,1986_worlds_golden,Mixed Dbls Net,1,,Tricia George/Dave Robinson,549ebc61ff,FBW
7296f8689d,1986_worlds_golden,Mixed Dbls Net,2,,Trudy Archdale/Bruce Guettich,549ebc61ff,FBW
1ffd6cf261,1986_worlds_golden,Mixed Dbls Net,3,,Constance Constable/Jim Caveney,549ebc61ff,FBW
7b58e37102,1986_worlds_golden,Open Sgls Freestyle,1,Kenny Shults,,549ebc61ff,FBW
3a2033be5b,1986_worlds_golden,Open Sgls Freestyle,2,Dennis Ross,,549ebc61ff,FBW
54ea5d712c,1986_worlds_golden,Open Sgls Freestyle,3,Scott Cleere,,549ebc61ff,FBW
222d5250b4,1986_worlds_golden,Open Team Freestyle,1,,Bruce Guettich/Greg Cortopassi,549ebc61ff,FBW
fc8c9ac9bd,1986_worlds_golden,Open Team Freestyle,2,,Scott Cleere/Bill Bethurum,549ebc61ff,FBW
d61031d6fe,1986_worlds_golden,Open Team Freestyle,3,,Jim Fitzgerald/Jack Schoolcraft,549ebc61ff,FBW
94f03e5ba5,1986_worlds_golden,Women's Team Freestyle,1,,Tricia George/Jodi Sebastian,549ebc61ff,FBW
caae46db4a,1986_worlds_golden,Women's Team Freestyle,2,,Constance Constable/Kim Era,549ebc61ff,FBW
9a6d30681d,1986_worlds_golden,Open Sgls Consecutive,1,Andy Linder,,549ebc61ff,FBW
712301f2d0,1986_worlds_golden,Open Sgls Consecutive,2,Pat Castle,,549ebc61ff,FBW
d2686fd87e,1986_worlds_golden,Open Sgls Consecutive,3,Fred Barnum,,549ebc61ff,FBW
0a9c19486a,1986_worlds_golden,Open Dbls Consecutive,1,,Jack Schoolcraft/Pat Castle,549ebc61ff,FBW
aba64ade31,1986_worlds_golden,Open Dbls Consecutive,2,,Jon Lind/Dennis Ross,549ebc61ff,FBW
dad844aacb,1986_worlds_golden,Open Dbls Consecutive,3,,Chris Ott/Jeff Johnson,549ebc61ff,FBW
a3b91532bf,1980_worlds_clackamas,Open Singles,1,John Stalberger,,a6acc8449b,FBW
e5be25c4c2,1980_worlds_clackamas,Open Singles,2,Ken Eldrick,,a6acc8449b,FBW
dce50236a8,1981_worlds_portland,Open Singles,1,John Stalberger,,278d51be6e,FBW
73af312e02,1981_worlds_portland,Open Singles,2,Mike Marshall,,278d51be6e,FBW
a1db66f1a8,1982_western_regionals,Open Doubles,1,,John Stalberger/Mike Marshall,7242e1f63b,FBW
dabb044482,1983_oregon_state,Open Singles,1,John Stalberger,,524d5a426e,FBW
942ba0656b,1982_worlds_portland,Open Singles,1,John Stalberger,,e28b8b3d20,FBW
16a6bcd2b1,1983_worlds_portland,Open Singles Net,1,John Stalberger,,9bfd1a7567,FBW
dc5e273c29,1983_worlds_portland,Open Singles Net,2,Ken Eldrick,,9bfd1a7567,FBW
556310c30c,1983_worlds_portland,Open Doubles Net,1,,John Stalberger/Ken Eldrick,9bfd1a7567,FBW
7673c1ed24,1984_worlds,Open Freestyle,1,Doug Little,,dab11f565e,FBW
35a2138816,1984_euro_champs,Open Singles Net,1,Jan-Olof Karlsson,,da1be2ed69,FBW
b660a392ac,1985_worlds,Open Singles Net,1,John Stalberger,,4dacb9d585,FBW
e5915ef1aa,1985_worlds,Open Freestyle,1,Doug Little,,4dacb9d585,FBW
acfd3c2261,1986_worlds_golden,Open Singles Net,1,Ken Eldrick,,a31d11ed12,FBW
d25b0c47fc,1986_worlds_golden,Open Freestyle,1,Doug Little,,a31d11ed12,FBW
2e12fd4ffe,1987_euro_champs,Open Singles Net,1,Jan-Olof Karlsson,,4a11e53de5,FBW
07f409af99,1988_us_nationals,Open Singles Net,1,Ken Eldrick,,9f5e7b1351,FBW
db9777f4d0,1982_worlds,,1,Greg Cortopassi/Bruce Guettich,,8da7cbe9c5,OLD_RESULTS
7f9a866e8f,1982_worlds,,2,Gary Lautt,,8da7cbe9c5,OLD_RESULTS
81e6c01524,1982_worlds,,3,Jack Schoolcraft/Reed Gray,,8da7cbe9c5,OLD_RESULTS
a32e53a1a7,1983_worlds_nhsa,Singles,1,Ken Shults,,30f5a76d81,OLD_RESULTS
c3f154cd8f,1983_worlds_nhsa,Singles,2,Andy Linder,,30f5a76d81,OLD_RESULTS
789d80aefe,1983_worlds_nhsa,Singles,3,Jeff Johnson,,30f5a76d81,OLD_RESULTS
c90b7e93b6,1983_worlds_nhsa,Team,1,Greg Cortopassi/Mag Hughes/Gary Lautt/Jim Caveney,,30f5a76d81,OLD_RESULTS
959ee3f490,1983_worlds_nhsa,Team,2,David Robinson/Kevin Courtney/Reed Gray/Jim Fitzgerald,,30f5a76d81,OLD_RESULTS
85981a677a,1983_worlds_nhsa,Team,3,Jack Schoolcraft/Will Squire,,30f5a76d81,OLD_RESULTS
1656965262,1983_worlds_wfa,Singles,1,Jack Schoolcraft,,9bb67e459b,OLD_RESULTS
c7ac99298d,1983_worlds_wfa,Singles,2,Jim Caveney,,9bb67e459b,OLD_RESULTS
794b39dcc0,1983_worlds_wfa,Singles,3,Bill Bethurum,,9bb67e459b,OLD_RESULTS
c6d7082cea,1983_worlds_wfa,Team,1,Gary Lautt/Jim Caveney/Ken Shults,,9bb67e459b,OLD_RESULTS
f6a4e0012f,1983_worlds_wfa,Team,2,David Robinson/Kevin Courtney/Reed Gray,,9bb67e459b,OLD_RESULTS
a3daabe31e,1983_worlds_wfa,Team,3,Jim Fitzgerald/Robert Conover,,9bb67e459b,OLD_RESULTS
8f812c74e9,1984_wfa_nationals,Singles,1,Andy Linder,,1d123950c4,OLD_RESULTS
8e747f9b50,1984_wfa_nationals,Singles,2,Ken Shults,,1d123950c4,OLD_RESULTS
3979c1e38d,1984_wfa_nationals,Singles,3,Jack Schoolcraft,,1d123950c4,OLD_RESULTS
a1b3d19c66,1984_wfa_nationals,Team,1,Jack Schoolcraft/Jim Fitzgerald,,1d123950c4,OLD_RESULTS
cf5120e8d7,1984_wfa_nationals,Team,2,Mag Hughes/Gary Lautt/Jim Caveney,,1d123950c4,OLD_RESULTS
d37d9708f8,1984_wfa_nationals,Team,3,Scott Cleere/Bill Bethurum,,1d123950c4,OLD_RESULTS
91c0b9f6e4,1985_wfa_nationals,Singles,1,Ken Shults,,c3ee30e8d8,OLD_RESULTS
7207b1a963,1985_wfa_nationals,Singles,2,Dennis Ross,,c3ee30e8d8,OLD_RESULTS
7a1263f429,1985_wfa_nationals,Singles,3,Jack Schoolcraft,,c3ee30e8d8,OLD_RESULTS
c8a00203cc,1985_wfa_nationals,Team,1,Jim Caveney/Bruce Guettich,,c3ee30e8d8,OLD_RESULTS
023f71cb50,1985_wfa_nationals,Team,2,Scott Cleere/Bill Bethurum,,c3ee30e8d8,OLD_RESULTS
a6b5257fd6,1985_wfa_nationals,Team,3,Brent Welch/Bill Langbehn,,c3ee30e8d8,OLD_RESULTS
9233dbcf60,1986_worlds_golden,Singles,1,Jon Lind,,52ee2f726b,OLD_RESULTS
5647f3550e,1986_worlds_golden,Singles,2,Andy Linder,,52ee2f726b,OLD_RESULTS
28ca44696d,1986_worlds_golden,Singles,3,Ken Shults,,52ee2f726b,OLD_RESULTS
fad82e75a6,1986_worlds_golden,Team,1,Scott Cleere/Bill Bethurum/Randy Nelson,,52ee2f726b,OLD_RESULTS
0b2417e314,1986_worlds_golden,Team,2,Jon Lind/Dennis Ross,,52ee2f726b,OLD_RESULTS
9efd1b9a79,1986_worlds_golden,Team,3,Jack Schoolcraft/Jim Fitzgerald,,52ee2f726b,OLD_RESULTS
02bee7ee0d,1980_worlds,Singles Consecutive Kicks,1,Ken Shults,,b34e90fe3d,OLD_RESULTS
95e665692b,1980_worlds,Doubles Consecutive Kicks,1,Ken Shults/Mike Harding,,b34e90fe3d,OLD_RESULTS
e721091f01,1980_worlds,Singles Net,1,John Stalberger,,b34e90fe3d,OLD_RESULTS
ea1232d11d,1980_worlds,Singles Net,2,Walt Mason,,b34e90fe3d,OLD_RESULTS
2debdc2427,1980_worlds,Singles Net,3,Ken Shults,,b34e90fe3d,OLD_RESULTS
3150bb43b1,1980_worlds,Doubles Net,1,John Stalberger/Max Smith,,b34e90fe3d,OLD_RESULTS
d2c62a6e41,1980_worlds,Doubles Net,2,Walt Mason/Mag Hughes,,b34e90fe3d,OLD_RESULTS
5cf5214429,1980_worlds,Doubles Net,3,Gale Bigler/Dave Frazier,,b34e90fe3d,OLD_RESULTS
f1b7c3ce83,1981_worlds,Intermediate Singles Consecutive Kicks,1,Max Smith,,db24e71377,OLD_RESULTS
27363f6a19,1981_worlds,Singles Consecutive Kicks,1,Gary Lautt,,db24e71377,OLD_RESULTS
0c2b39e91d,1981_worlds,Women's Singles Consecutive Kicks,1,Kalia Klaban,,db24e71377,OLD_RESULTS
79975ba9d2,1981_worlds,Team Consecutive Kicks,1,Kalia Klaban/Gary Lautt/Jim Caveney,,db24e71377,OLD_RESULTS
d0e12d09de,1981_worlds,Intermediate Singles Net,1,Mike Harding,,db24e71377,OLD_RESULTS
90357363b5,1981_worlds,Intermediate Doubles Net,1,Mike Harding/Mark Daniels,,db24e71377,OLD_RESULTS
f1b8e13343,1981_worlds,Singles Net,1,John Stalberger,,db24e71377,OLD_RESULTS
4c2db96939,1981_worlds,Singles Net,2,Ken Shults,,db24e71377,OLD_RESULTS
5cf0284876,1981_worlds,Singles Net,3,Dave Hill,,db24e71377,OLD_RESULTS
f826bf3637,1981_worlds,Doubles Net,1,Mag Hughes/Bill Hayne,,db24e71377,OLD_RESULTS
57dbc5b4fe,1981_worlds,Doubles Net,2,John Stalberger/Max Smith,,db24e71377,OLD_RESULTS
fe13c6ce59,1981_worlds,Doubles Net,3,Ken Shults/Walt Mason,,db24e71377,OLD_RESULTS
c4e7748716,1981_worlds,Women's Doubles Net,1,Rita Buckley/Misty Helms,,db24e71377,OLD_RESULTS
bf8bb079b3,1981_worlds,Women's Doubles Net,2,unknown,,db24e71377,OLD_RESULTS
ea584ebdb4,1981_worlds,Women's Doubles Net,3,Lori Jean Conover/Jennifer Reese,,db24e71377,OLD_RESULTS
915a613b86,1982_worlds,Golf,1,Mike Harding,,8da7cbe9c5,OLD_RESULTS
10f108f800,1982_worlds,Golf,2,Ken Shults,,8da7cbe9c5,OLD_RESULTS
df918d0a1b,1982_worlds,Golf,3,Greg Cortopassi,,8da7cbe9c5,OLD_RESULTS
2ce3d73f4f,1982_worlds,Singles Consecutive Kicks,1,Ken Shults,,8da7cbe9c5,OLD_RESULTS
b73104f1da,1982_worlds,Singles Consecutive Kicks,2,Andy Linder,,8da7cbe9c5,OLD_RESULTS
f551ea8227,1982_worlds,Singles Consecutive Kicks,3,Gary Lautt,,8da7cbe9c5,OLD_RESULTS
4cb0f34b1d,1982_worlds,Women's Doubles Net,1,Lori Jean Conover/Carolyn Ramondie,,8da7cbe9c5,OLD_RESULTS
02bb6a8383,1982_worlds,Women's Doubles Net,2,Rita Buckley/Alex Frazier,,8da7cbe9c5,OLD_RESULTS
6a4ccb09da,1982_worlds,Women's Doubles Net,3,Cheryl Hughes/Karen Uppinghouse,,8da7cbe9c5,OLD_RESULTS
5d11e04577,1982_worlds,Women's Singles Net,1,Cheryl Hughes,,8da7cbe9c5,OLD_RESULTS
513107bce0,1982_worlds,Women's Singles Net,2,Carolyn Ramondie,,8da7cbe9c5,OLD_RESULTS
341ecb9e91,1982_worlds,Women's Singles Net,3,Karen Gunther,,8da7cbe9c5,OLD_RESULTS
2cc2f0ae6c,1982_worlds,Mixed Doubles Net,1,Alex Frazier/Mag Hughes,,8da7cbe9c5,OLD_RESULTS
1818d6f11c,1982_worlds,Mixed Doubles Net,2,Cheryl Hughes/Bill Hayne,,8da7cbe9c5,OLD_RESULTS
465d92fcaa,1982_worlds,Mixed Doubles Net,3,Rita Buckley/Greg Cortopassi,,8da7cbe9c5,OLD_RESULTS
649b10743b,1982_worlds,Singles Net,1,Ken Shults,,8da7cbe9c5,OLD_RESULTS
bb5b74fb3b,1982_worlds,Singles Net,2,Bill Hayne,,8da7cbe9c5,OLD_RESULTS
7cab14487c,1982_worlds,Singles Net,3,Bruce Guettich,,8da7cbe9c5,OLD_RESULTS
34554d537a,1982_worlds,Doubles Net,1,Mag Hughes/Bill Hayne,,8da7cbe9c5,OLD_RESULTS
8d7aea7863,1982_worlds,Doubles Net,2,Ken Shults/Walt Mason,,8da7cbe9c5,OLD_RESULTS
09e7885730,1982_worlds,Doubles Net,3,Fred Kippley/Gary Preston,,8da7cbe9c5,OLD_RESULTS
f71d322699,1982_worlds,Intermediate Singles Net,1,Steve Femmel,,8da7cbe9c5,OLD_RESULTS
d297a8de48,1982_worlds,Intermediate Doubles Net,1,Steve Femmel/Ted Johnson,,8da7cbe9c5,OLD_RESULTS
d3df5670d2,1982_worlds,Freestyle,1,Greg Cortopassi/Bruce Guettich,,8da7cbe9c5,OLD_RESULTS
731bcdf222,1982_worlds,Freestyle,2,Gary Lautt,,8da7cbe9c5,OLD_RESULTS
970e2fcb86,1982_worlds,Freestyle,3,Jack Schoolcraft/Reed Gray,,8da7cbe9c5,OLD_RESULTS
d2e7424cc7,1982_worlds,Intermediate Freestyle,1,Bill Langbehn,,8da7cbe9c5,OLD_RESULTS
afaafccb6c,1983_worlds_nhsa,Singles Consecutive Kicks,1,Andy Linder,,30f5a76d81,OLD_RESULTS
678350788c,1983_worlds_nhsa,Singles Consecutive Kicks,2,Jim Caveney,,30f5a76d81,OLD_RESULTS
d19af25cc0,1983_worlds_nhsa,Singles Consecutive Kicks,3,Gary Lautt,,30f5a76d81,OLD_RESULTS
dacf11aaa3,1983_worlds_nhsa,Women's Consecutive Kicks,1,Nancy Reynolds,,30f5a76d81,OLD_RESULTS
936fd7e7ac,1983_worlds_nhsa,Women's Consecutive Kicks,2,Cheri Johnson,,30f5a76d81,OLD_RESULTS
da8604edc9,1983_worlds_nhsa,Women's Consecutive Kicks,3,Grace Faucette,,30f5a76d81,OLD_RESULTS
70488202a4,1983_worlds_nhsa,Women's Singles Net,1,Lori Jean Conover,,30f5a76d81,OLD_RESULTS
471b6d15e3,1983_worlds_nhsa,Women's Singles Net,2,Nancy Reynolds,,30f5a76d81,OLD_RESULTS
e4ba5f7712,1983_worlds_nhsa,Women's Singles Net,3,Cheryl Hughes,,30f5a76d81,OLD_RESULTS
1d20ab86f9,1983_worlds_nhsa,Women's Doubles Net,1,Lori Jean Conover/Cheryl Hughes,,30f5a76d81,OLD_RESULTS
0ccaeb2757,1983_worlds_nhsa,Women's Doubles Net,2,Tricia George/Judy Grace,,30f5a76d81,OLD_RESULTS
e2cbee505b,1983_worlds_nhsa,Women's Doubles Net,3,Nancy Reynolds/Constance Constable,,30f5a76d81,OLD_RESULTS
87ffef3ffe,1983_worlds_nhsa,Mixed Doubles Net,1,Lori Jean Conover/Bill Hayne,,30f5a76d81,OLD_RESULTS
90d23c21a2,1983_worlds_nhsa,Mixed Doubles Net,2,Cheryl Hughes/Mag Hughes,,30f5a76d81,OLD_RESULTS
a6da4e7381,1983_worlds_nhsa,Mixed Doubles Net,3,Tricia George/David Robinson,,30f5a76d81,OLD_RESULTS
6e2af2137f,1983_worlds_nhsa,Singles Net,1,Mag Hughes,,30f5a76d81,OLD_RESULTS
3effd172c3,1983_worlds_nhsa,Singles Net,2,Ken Shults,,30f5a76d81,OLD_RESULTS
fcbd7cc5c8,1983_worlds_nhsa,Singles Net,3,David Robinson,,30f5a76d81,OLD_RESULTS
90c243f117,1983_worlds_nhsa,Doubles Net,1,Mag Hughes/Bill Hayne,,30f5a76d81,OLD_RESULTS
14f5b2f99a,1983_worlds_nhsa,Doubles Net,2,Greg Cortopassi/Bruce Guettich,,30f5a76d81,OLD_RESULTS
6a9799a620,1983_worlds_nhsa,Doubles Net,3,David Robinson/Kevin Courtney,,30f5a76d81,OLD_RESULTS
48f6af8a73,1983_worlds_nhsa,Intermediate Singles Net,1,Jimmy Evans,,30f5a76d81,OLD_RESULTS
8931f905ce,1983_worlds_nhsa,Intermediate Doubles Net,1,Steve Brown/Kevin Gaunce,,30f5a76d81,OLD_RESULTS
66905f63f0,1983_worlds_nhsa,Singles Freestyle,1,Ken Shults,,30f5a76d81,OLD_RESULTS
3e3084b5f2,1983_worlds_nhsa,Singles Freestyle,2,Andy Linder,,30f5a76d81,OLD_RESULTS
51024f5019,1983_worlds_nhsa,Singles Freestyle,3,Jeff Johnson,,30f5a76d81,OLD_RESULTS
1c61b0dc45,1983_worlds_nhsa,Team Freestyle,1,Greg Cortopassi/Mag Hughes/Gary Lautt/Jim Caveney,,30f5a76d81,OLD_RESULTS
f23fbab101,1983_worlds_nhsa,Team Freestyle,2,David Robinson/Kevin Courtney/Reed Gray/Jim Fitzgerald,,30f5a76d81,OLD_RESULTS
c88dc80feb,1983_worlds_nhsa,Team Freestyle,3,Jack Schoolcraft/Will Squire,,30f5a76d81,OLD_RESULTS
a927ad90c6,1983_worlds_wfa,Singles Net,1,Ken Shults,,9bb67e459b,OLD_RESULTS
c2ab2fcadc,1983_worlds_wfa,Singles Net,2,David Robinson,,9bb67e459b,OLD_RESULTS
ad25f2bc6c,1983_worlds_wfa,Singles Net,3,Steve Femmel,,9bb67e459b,OLD_RESULTS
5897552e8b,1983_worlds_wfa,Doubles Net,1,Ken Shults/Mike Harding,,9bb67e459b,OLD_RESULTS
086cd6b78f,1983_worlds_wfa,Doubles Net,2,David Robinson/Dave Hill,,9bb67e459b,OLD_RESULTS
b67193487c,1983_worlds_wfa,Doubles Net,3,Bob Swerdlick/Mike Puderbaugh,,9bb67e459b,OLD_RESULTS
7c10033c25,1983_worlds_wfa,Women's Singles Net,1,Lori Jean Conover,,9bb67e459b,OLD_RESULTS
1ac9ed87f9,1983_worlds_wfa,Women's Singles Net,2,Nancy Reynolds,,9bb67e459b,OLD_RESULTS
4d736a4c69,1983_worlds_wfa,Women's Singles Net,3,Tricia George,,9bb67e459b,OLD_RESULTS
2beddb52fd,1983_worlds_wfa,Women's Doubles Net,1,Lori Jean Conover/Rita Buckley,,9bb67e459b,OLD_RESULTS
02ad758adc,1983_worlds_wfa,Women's Doubles Net,2,Tricia George/Shannon Aubin,,9bb67e459b,OLD_RESULTS
f21ac43106,1983_worlds_wfa,Women's Doubles Net,3,Karen Atgopian/Constance Constable,,9bb67e459b,OLD_RESULTS
a6efbd7298,1983_worlds_wfa,Mixed Doubles Net,1,Lori Jean Conover/Bruce Guettich,,9bb67e459b,OLD_RESULTS
6ac01135f1,1983_worlds_wfa,Mixed Doubles Net,2,Shannon Aubin/David Robinson,,9bb67e459b,OLD_RESULTS
63a9664d2b,1983_worlds_wfa,Mixed Doubles Net,3,Tricia George/Jim Fitzgerald,,9bb67e459b,OLD_RESULTS
978354ab5d,1983_worlds_wfa,Singles Freestyle,1,Jack Schoolcraft,,9bb67e459b,OLD_RESULTS
80b3418309,1983_worlds_wfa,Singles Freestyle,2,Jim Caveney,,9bb67e459b,OLD_RESULTS
359274e730,1983_worlds_wfa,Singles Freestyle,3,Bill Bethurum,,9bb67e459b,OLD_RESULTS
52d624b1b1,1983_worlds_wfa,Team Freestyle,1,Gary Lautt/Jim Caveney/Ken Shults,,9bb67e459b,OLD_RESULTS
05c943aae0,1983_worlds_wfa,Team Freestyle,2,David Robinson/Kevin Courtney/Reed Gray,,9bb67e459b,OLD_RESULTS
1bffe72490,1983_worlds_wfa,Team Freestyle,3,Jim Fitzgerald/Robert Conover,,9bb67e459b,OLD_RESULTS
e92411544d,1983_worlds_wfa,Singles Consecutive Kicks,1,Jack Schoolcraft,,9bb67e459b,OLD_RESULTS
2480d36901,1983_worlds_wfa,Golf,1,Mike Harding,,9bb67e459b,OLD_RESULTS
b259dda0be,1983_worlds_wfa,Golf,2,Tim Prater,,9bb67e459b,OLD_RESULTS
d501411628,1983_worlds_wfa,Golf,3,Ken Shults,,9bb67e459b,OLD_RESULTS
1cc8b48474,1984_worlds,Intermediate Singles Net,1,Tom Akin,,2c9dcb3eae,OLD_RESULTS
9c8151ec78,1984_worlds,Intermediate Doubles Net,1,Torben Wigger/Rick Kaufman,,2c9dcb3eae,OLD_RESULTS
2b1ee6f87c,1984_worlds,Intermediate Freestyle,1,Brent Welch/Colin Cowles,,2c9dcb3eae,OLD_RESULTS
2bd0f8b2f9,1984_worlds,Women's Singles Net,1,Nancy Reynolds,,2c9dcb3eae,OLD_RESULTS
6166e8ae2a,1984_worlds,Women's Singles Net,2,Tricia George,,2c9dcb3eae,OLD_RESULTS
c904850d2c,1984_worlds,Women's Singles Net,3,Trudy Archdale,,2c9dcb3eae,OLD_RESULTS
8a5b5642ae,1984_worlds,Women's Doubles Net,1,Nancy Reynolds/Tricia George,,2c9dcb3eae,OLD_RESULTS
c66b853466,1984_worlds,Women's Doubles Net,2,Constance Constable/Jenny Davison,,2c9dcb3eae,OLD_RESULTS
6131896977,1984_worlds,Women's Doubles Net,3,Jodi Chandler/Shannon Storment,,2c9dcb3eae,OLD_RESULTS
df43b1f02c,1984_worlds,Women's Ultra Singles Net,1,Nancy Reynolds,,2c9dcb3eae,OLD_RESULTS
86eea883c5,1984_worlds,Women's Ultra Singles Net,2,Cheryl Hughes,,2c9dcb3eae,OLD_RESULTS
af06dcd03a,1984_worlds,Women's Ultra Singles Net,3,Tricia George,,2c9dcb3eae,OLD_RESULTS
17587f606d,1984_worlds,Women's Singles Consecutive Kicks,1,Jodi Chandler,,2c9dcb3eae,OLD_RESULTS
b0bd484647,1984_worlds,Women's Singles Consecutive Kicks,2,Tricia George,,2c9dcb3eae,OLD_RESULTS
22e38f1c5f,1984_worlds,Women's Singles Consecutive Kicks,3,Constance Constable,,2c9dcb3eae,OLD_RESULTS
0c80285fbc,1984_worlds,Women's Doubles Consecutive Kicks,1,Jodi Chandler/Tricia George,,2c9dcb3eae,OLD_RESULTS
4358c9e237,1984_worlds,Women's Doubles Consecutive Kicks,2,Constance Constable/Vanessa Sabala,,2c9dcb3eae,OLD_RESULTS
5a716a52fe,1984_worlds,Women's Doubles One-Pass Consecutive Kicks,1,Tricia George/Constance Constable,,2c9dcb3eae,OLD_RESULTS
e103a5283a,1984_worlds,Women's Doubles One-Pass Consecutive Kicks,2,Ruth Osterman/Vanessa Sabala,,2c9dcb3eae,OLD_RESULTS
8d8886b755,1984_worlds,Women's Freestyle,1,Jodi Chandler/Tricia George,,2c9dcb3eae,OLD_RESULTS
17f1d4693c,1984_worlds,Women's Freestyle,2,Constance Constable/Suzanne Beauchemin,,2c9dcb3eae,OLD_RESULTS
4127bdb748,1984_worlds,Women's Freestyle,3,Ruth Osterman/Vanessa Sabala/Jenny Davison,,2c9dcb3eae,OLD_RESULTS
07982b7977,1984_worlds,Women's Golf,1,Tricia George,,2c9dcb3eae,OLD_RESULTS
ce406c15b7,1984_worlds,Women's Golf,2,Constance Constable,,2c9dcb3eae,OLD_RESULTS
2eb98450db,1984_worlds,Women's Golf,3,Vanessa Sabala,,2c9dcb3eae,OLD_RESULTS
0d17b21e93,1984_worlds,Women's Overall,1,Tricia George,,2c9dcb3eae,OLD_RESULTS
520f1d5a00,1984_worlds,Men's Overall,1,Mag Hughes,,2c9dcb3eae,OLD_RESULTS
c3eb7e2b92,1984_worlds,Mixed Doubles Net,1,Tricia George/David Robinson,,2c9dcb3eae,OLD_RESULTS
5586440107,1984_worlds,Mixed Doubles Net,2,Nancy Reynolds/Greg Cortopassi,,2c9dcb3eae,OLD_RESULTS
151cd3f5d2,1984_worlds,Mixed Doubles Net,3,Cheryl Hughes/Mag Hughes,,2c9dcb3eae,OLD_RESULTS
4b807657bc,1984_worlds,Golf,1,Ken Shults,,2c9dcb3eae,OLD_RESULTS
dc32adbd09,1984_worlds,Golf,2,Tim Mackey,,2c9dcb3eae,OLD_RESULTS
9de66b62b3,1984_worlds,Golf,3,Torben Wigger,,2c9dcb3eae,OLD_RESULTS
9477e27499,1984_worlds,Advanced Singles Net,1,Mag Hughes,,2c9dcb3eae,OLD_RESULTS
1d87f3cdff,1984_worlds,Advanced Singles Net,2,David Robinson,,2c9dcb3eae,OLD_RESULTS
9a727de79a,1984_worlds,Advanced Singles Net,3,Ken Shults,,2c9dcb3eae,OLD_RESULTS
f64f8f26d7,1984_worlds,Advanced Doubles Net,1,Mag Hughes/Bill Hayne,,2c9dcb3eae,OLD_RESULTS
2c9b041db1,1984_worlds,Advanced Doubles Net,2,Ken Shults/Mike Harding,,2c9dcb3eae,OLD_RESULTS
a6ea7eeb08,1984_worlds,Advanced Doubles Net,3,David Robinson/Jim Caveney,,2c9dcb3eae,OLD_RESULTS
88de1ef76b,1984_worlds,Ultra Singles Net,1,Ken Shults,,2c9dcb3eae,OLD_RESULTS
d19e7165bb,1984_worlds,Ultra Singles Net,2,Mag Hughes,,2c9dcb3eae,OLD_RESULTS
2fe24b13bf,1984_worlds,Ultra Singles Net,3,David Robinson,,2c9dcb3eae,OLD_RESULTS
61c2854f74,1984_worlds,Ultra Doubles Net,1,Mag Hughes/Bill Hayne,,2c9dcb3eae,OLD_RESULTS
ce16e2d840,1984_worlds,Ultra Doubles Net,2,Kevin Coker/Steve Granzberg,,2c9dcb3eae,OLD_RESULTS
7d21ea2459,1984_worlds,Ultra Doubles Net,3,Scott Cleere/Bill Bethurum,,2c9dcb3eae,OLD_RESULTS
22b44b4843,1984_worlds,Singles Freestyle,1,Andy Linder,,2c9dcb3eae,OLD_RESULTS
535accfaa8,1984_worlds,Singles Freestyle,2,Ken Shults,,2c9dcb3eae,OLD_RESULTS
411adebabc,1984_worlds,Singles Freestyle,3,Jack Schoolcraft,,2c9dcb3eae,OLD_RESULTS
6da9f0ff8f,1984_worlds,Team Freestyle,1,Jack Schoolcraft/Jim Fitzgerald,,2c9dcb3eae,OLD_RESULTS
31af1fd726,1984_worlds,Team Freestyle,2,Mag Hughes/Gary Lautt/Jim Caveney,,2c9dcb3eae,OLD_RESULTS
9695c049c0,1984_worlds,Team Freestyle,3,Scott Cleere/Bill Bethurum,,2c9dcb3eae,OLD_RESULTS
bb9581957d,1984_worlds,Singles Consecutive Kicks,1,Pat Castle,,2c9dcb3eae,OLD_RESULTS
f8340b81e3,1984_worlds,Singles Consecutive Kicks,2,Gary Lautt,,2c9dcb3eae,OLD_RESULTS
982df6490d,1984_worlds,Singles Consecutive Kicks,3,Andy Linder,,2c9dcb3eae,OLD_RESULTS
8564b7e840,1984_worlds,Doubles Consecutive Kicks,1,Gary Lautt/Jim Caveney,,2c9dcb3eae,OLD_RESULTS
989b60c08f,1984_worlds,Doubles Consecutive Kicks,2,Andy Linder/Jimmy Evans,,2c9dcb3eae,OLD_RESULTS
2592ac93cf,1984_worlds,Doubles Consecutive Kicks,3,Lee Guenther/Mike Mueller,,2c9dcb3eae,OLD_RESULTS
b216cc5c47,1984_worlds,Doubles One-Pass Consecutive Kicks,1,Gary Lautt/Jim Caveney,,2c9dcb3eae,OLD_RESULTS
42930bdb9c,1984_worlds,Doubles One-Pass Consecutive Kicks,2,Jodi Chandler/Jon Lind,,2c9dcb3eae,OLD_RESULTS
af1fec1829,1984_worlds,Doubles One-Pass Consecutive Kicks,3,Mag Hughes/Greg Cortopassi,,2c9dcb3eae,OLD_RESULTS
0e72fa2dfd,1985_worlds,Women's Singles Consecutive Kicks,1,Tricia George,,1295f2ff68,OLD_RESULTS
b4903287b1,1985_worlds,Women's Singles Consecutive Kicks,2,Constance Constable,,1295f2ff68,OLD_RESULTS
95ac4daf27,1985_worlds,Women's Singles Consecutive Kicks,3,Marie Elsner,,1295f2ff68,OLD_RESULTS
a49cf9cd87,1985_worlds,Singles Consecutive Kicks,1,Andy Linder,,1295f2ff68,OLD_RESULTS
08c6a02039,1985_worlds,Singles Consecutive Kicks,2,Pat Castle,,1295f2ff68,OLD_RESULTS
c244098c43,1985_worlds,Singles Consecutive Kicks,3,Fred Barnum,,1295f2ff68,OLD_RESULTS
cc7d00ce22,1985_worlds,Women's Doubles Consecutive Kicks,1,Jodi Chandler/Marie Elsner,,1295f2ff68,OLD_RESULTS
26b090d966,1985_worlds,Women's Doubles Consecutive Kicks,2,Tricia George/Constance Constable,,1295f2ff68,OLD_RESULTS
beb5159f98,1985_worlds,Women's Doubles Consecutive Kicks,3,Nancy Reynolds/Kendall KIC,,1295f2ff68,OLD_RESULTS
5d9545e553,1985_worlds,Doubles Consecutive Kicks,1,Pat Castle/Jack Schoolcraft,,1295f2ff68,OLD_RESULTS
077dfee3df,1985_worlds,Doubles Consecutive Kicks,2,Chris Ott/Jeff Johnson,,1295f2ff68,OLD_RESULTS
e5b027adf3,1985_worlds,Doubles Consecutive Kicks,3,Jon Lind/Dennis Ross,,1295f2ff68,OLD_RESULTS
97dbc62965,1985_worlds,Women's Doubles One-Pass Consecutive Kicks,1,Tricia George/Constance Constable,,1295f2ff68,OLD_RESULTS
d8487e0e02,1985_worlds,Women's Doubles One-Pass Consecutive Kicks,2,Jodi Chandler/Nancy Reynolds,,1295f2ff68,OLD_RESULTS
7a3217d13d,1985_worlds,Women's Doubles One-Pass Consecutive Kicks,3,Suzanne Beauchemin/Linda Burt,,1295f2ff68,OLD_RESULTS
dac1186ea1,1985_worlds,Doubles One-Pass Consecutive Kicks,1,Jim Caveney/Bruce Guettich,,1295f2ff68,OLD_RESULTS
c4ae1f0a26,1985_worlds,Doubles One-Pass Consecutive Kicks,2,Mag Hughes/David Robinson,,1295f2ff68,OLD_RESULTS
06d169349c,1985_worlds,Doubles One-Pass Consecutive Kicks,3,Brent Welch/Bill Langbehn,,1295f2ff68,OLD_RESULTS
73ce2fd5b3,1985_worlds,Women's Golf,1,Tricia George,,1295f2ff68,OLD_RESULTS
c2a7d6e50b,1985_worlds,Women's Golf,2,Linda Burt,,1295f2ff68,OLD_RESULTS
33eecb36a6,1985_worlds,Women's Golf,3,Trudy Archdale,,1295f2ff68,OLD_RESULTS
f406c7e52c,1985_worlds,Golf,1,Ken Shults,,1295f2ff68,OLD_RESULTS
1696502c0f,1985_worlds,Golf,2,Chris Ott,,1295f2ff68,OLD_RESULTS
1a904d8331,1985_worlds,Golf,3,Evan Bozett,,1295f2ff68,OLD_RESULTS
20d4a13237,1985_worlds,Women's Freestyle,1,Jodi Chandler/Tricia George,,1295f2ff68,OLD_RESULTS
c7dd0df633,1985_worlds,Women's Freestyle,2,Constance Constable/Kim Era,,1295f2ff68,OLD_RESULTS
0191ea700a,1985_worlds,Women's Freestyle,3,Nancy Reynolds,,1295f2ff68,OLD_RESULTS
f2aeb3343a,1985_worlds,Singles Freestyle,1,Ken Shults,,1295f2ff68,OLD_RESULTS
5f86fa10da,1985_worlds,Singles Freestyle,2,Dennis Ross,,1295f2ff68,OLD_RESULTS
36b24df06b,1985_worlds,Singles Freestyle,3,Jack Schoolcraft,,1295f2ff68,OLD_RESULTS
83032b2950,1985_worlds,Team Freestyle,1,Jim Caveney/Bruce Guettich,,1295f2ff68,OLD_RESULTS
54a5bc05bf,1985_worlds,Team Freestyle,2,Scott Cleere/Bill Bethurum,,1295f2ff68,OLD_RESULTS
ad9b7d95a5,1985_worlds,Team Freestyle,3,Brent Welch/Bill Langbehn,,1295f2ff68,OLD_RESULTS
d633b5c419,1985_worlds,Intermediate Singles Net,1,Mark Pistorio,,1295f2ff68,OLD_RESULTS
35e85efab7,1985_worlds,Intermediate Doubles Net,1,Randy Ross/James Stallcup,,1295f2ff68,OLD_RESULTS
60a774189a,1985_worlds,Mixed Doubles Net,1,Tricia George/David Robinson,,1295f2ff68,OLD_RESULTS
e648f586df,1985_worlds,Mixed Doubles Net,2,Trudy Archdale/Bruce Guettich,,1295f2ff68,OLD_RESULTS
109870f168,1985_worlds,Mixed Doubles Net,3,Constance Constable/Jim Caveney,,1295f2ff68,OLD_RESULTS
771684a381,1985_worlds,Women's Singles Net,1,Tricia George,,1295f2ff68,OLD_RESULTS
5a138c66c6,1985_worlds,Women's Singles Net,2,Nancy Reynolds,,1295f2ff68,OLD_RESULTS
52f3ce4ec8,1985_worlds,Women's Singles Net,3,Trudy Archdale,,1295f2ff68,OLD_RESULTS
af1fc572a9,1985_worlds,Women's Doubles Net,1,Nancy Reynolds/Tricia George,,1295f2ff68,OLD_RESULTS
e3936aa589,1985_worlds,Women's Doubles Net,2,Trudy Archdale/Constance Constable,,1295f2ff68,OLD_RESULTS
6b47ed25a1,1985_worlds,Women's Doubles Net,3,Suzanne Beauchemin/Linda Burt,,1295f2ff68,OLD_RESULTS
955478356c,1985_worlds,Advanced Singles Net,1,Gary Griggs,,1295f2ff68,OLD_RESULTS
13d917bff7,1985_worlds,Advanced Singles Net,2,Jimmy Evans,,1295f2ff68,OLD_RESULTS
af643becfe,1985_worlds,Advanced Singles Net,3,Allan Petersen,,1295f2ff68,OLD_RESULTS
121ff8183e,1985_worlds,Advanced Doubles Net,1,Jimmy Evans/Chris Ott,,1295f2ff68,OLD_RESULTS
14aabc6cad,1985_worlds,Advanced Doubles Net,2,Bruce Guettich/Andy Linder,,1295f2ff68,OLD_RESULTS
c25cc4a55e,1985_worlds,Advanced Doubles Net,3,Peter Shunny/John East,,1295f2ff68,OLD_RESULTS
cce585fb91,1985_worlds,Ultra Singles Net,1,Mag Hughes,,1295f2ff68,OLD_RESULTS
3a891ff67d,1985_worlds,Ultra Singles Net,2,David Robinson,,1295f2ff68,OLD_RESULTS
a18d688358,1985_worlds,Ultra Singles Net,3,Ken Shults,,1295f2ff68,OLD_RESULTS
dc302b803b,1985_worlds,Ultra Doubles Net,1,Ken Shults/Mike Harding,,1295f2ff68,OLD_RESULTS
1ab686dad3,1985_worlds,Ultra Doubles Net,2,Mag Hughes/Bill Hayne,,1295f2ff68,OLD_RESULTS
4443bf3351,1985_worlds,Ultra Doubles Net,3,David Robinson/Jim Caveney,,1295f2ff68,OLD_RESULTS
7ff6615ab8,1985_worlds,Men's Overall,1,Ken Shults,,1295f2ff68,OLD_RESULTS
23f17d2bf0,1985_worlds,Men's Overall,2,Jim Caveney,,1295f2ff68,OLD_RESULTS
0e389bd1ef,1985_worlds,Men's Overall,3,Bruce Guettich,,1295f2ff68,OLD_RESULTS
57778cd4a9,1985_worlds,Women's Overall,1,Tricia George,,1295f2ff68,OLD_RESULTS
a0f9f44624,1985_worlds,Women's Overall,2,Constance Constable,,1295f2ff68,OLD_RESULTS
d1bfc8d9dc,1985_worlds,Women's Overall,3,Nancy Reynolds,,1295f2ff68,OLD_RESULTS
ff30897ff2,1985_worlds,Doubles One-Pass Consecutive Kicks,4,,Eric M. Wulff & Scott Cleere,,FBW_V2
1c4842c4fa,1985_worlds,Golf,4,Alf Marcussen,,,FBW_V2
abdcd7fee3,1985_worlds,Intermediate Doubles Net,2,,Doug Gannon & David Butcher,,FBW_V2
6cb0ad38d4,1985_worlds,Intermediate Doubles Net,3,,Michael McCarthy & Randy Dix,,FBW_V2
91f78afa96,1985_worlds,Intermediate Doubles Net,4,,Dylan Cole & Eric Cole,,FBW_V2
59e805ac84,1985_worlds,Intermediate Golf,1,Radhy Esposito,,,FBW_V2
3fdb207dcb,1985_worlds,Intermediate Golf,2,Greg Potts,,,FBW_V2
8f9319f01d,1985_worlds,Intermediate Golf,3,Simon Hearsey,,,FBW_V2
ac6015a158,1985_worlds,Intermediate Golf,4,Wally Victory,,,FBW_V2
f1f650c975,1985_worlds,Intermediate Singles Freestyle,1,Dave Wedertz,,,FBW_V2
c913373e4f,1985_worlds,Intermediate Singles Freestyle,2,Tu Vu,,,FBW_V2
f84ca9cc91,1985_worlds,Intermediate Singles Freestyle,3,Chris Bond,,,FBW_V2
cef2cc0750,1985_worlds,Intermediate Singles Freestyle,4,Rex Stoler,,,FBW_V2
66f15cbe02,1985_worlds,Intermediate Singles Net,2,Dan Botkin,,,FBW_V2
f76a543055,1985_worlds,Intermediate Singles Net,3,Kerry Chun,,,FBW_V2
54957d0769,1985_worlds,Intermediate Singles Net,4,Dylan Cole,,,FBW_V2
7fd1e6accf,1985_worlds,Intermediate Women's Singles Net,1,Ann Lasken,,,FBW_V2
30f95b30c7,1985_worlds,Intermediate Women's Singles Net,2,Jane Jones,,,FBW_V2
5c6c1b30f7,1985_worlds,Intermediate Women's Singles Net,3,Dea Evans,,,FBW_V2
40d4c18bb5,1985_worlds,Intermediate Women's Singles Net,4,Darlene House,,,FBW_V2
0d64843ee4,1985_worlds,Mixed Doubles Net,4,,Chris Routh & Tricia George,,FBW_V2
3b99e4a861,1985_worlds,Mixed Team Freestyle Demo,1,,Greg Nelson & Lisa McDaniel,,FBW_V2
5f467bacbb,1985_worlds,Mixed Team Freestyle Demo,2,,Etienne Constable & Constance Reed,,FBW_V2
9571899eb7,1985_worlds,Mixed Team Freestyle Demo,3,,Jeffrey Johnson & Tricia George,,FBW_V2
20e629049d,1985_worlds,Mixed Team Freestyle Demo,4,,Scott Davidson & Valeria Davidson,,FBW_V2
0844fcc778,1985_worlds,Open Doubles Net,1,,Randy Mulder & Kenny Shults,,FBW_V2
c2fb217be7,1985_worlds,Open Doubles Net,2,,Alf Marcussen & Brent Welch,,FBW_V2
e34baee188,1985_worlds,Open Doubles Net,3,,Remi Kristensen & Allan Petersen,,FBW_V2
2470111046,1985_worlds,Open Doubles Net,4,,Sebastian Verdy & Danny Borsky,,FBW_V2
ad89fbeb92,1985_worlds,Open Overall,1,Allan Petersen,,,FBW_V2
341e21d402,1985_worlds,Open Overall,2,Eric M. Wulff,,,FBW_V2
857b715c58,1985_worlds,Open Overall,3,Remi Kristensen,,,FBW_V2
1c7e386163,1985_worlds,Open Overall,4,Scott Milne,,,FBW_V2
cca832315d,1985_worlds,Open Overall,5,Peter Shunny,,,FBW_V2
2d0d3e3215,1985_worlds,Open Overall,6,Bruce Guettich,,,FBW_V2
dab0ea6e09,1985_worlds,Open Overall,7,Scott Cleere,,,FBW_V2
a1295c970f,1985_worlds,Open Overall,8,Rich Cook,,,FBW_V2
1f5fb67e54,1985_worlds,Open Overall,9,Tuan Vu,,,FBW_V2
4498d7731d,1985_worlds,Open Overall,10,R. Vincent Bradley,,,FBW_V2
632090f2d8,1985_worlds,Open Overall,11,Jay Wininger,,,FBW_V2
1afd959a14,1985_worlds,Open Overall,12,Steve Baker,,,FBW_V2
86318783bf,1985_worlds,Open Overall,13,Jeffrey Johnson,,,FBW_V2
4e3036282e,1985_worlds,Open Overall,14,Brent Welch,,,FBW_V2
a2291c7209,1985_worlds,Open Overall,15,Derrick Fogle,,,FBW_V2
946d49941b,1985_worlds,Open Overall,16,Jimmy Evans,,,FBW_V2
531baceee9,1985_worlds,Open Overall,17,Rippin' Rick Reese,,,FBW_V2
ac2c1ef569,1985_worlds,Open Overall,18,Davie Piper,,,FBW_V2
fef6adbda9,1985_worlds,Open Overall,19,Roger Stimson,,,FBW_V2
105c9705a1,1985_worlds,Open Overall,20,Sean Flynn,,,FBW_V2
b9fe8bc603,1985_worlds,Open Overall,21,Steve Smith,,,FBW_V2
079b6316e0,1985_worlds,Open Overall,22,J. Patrick Kelly,,,FBW_V2
f2b40d0c1b,1985_worlds,Open Overall,23,Bill Langbehn,,,FBW_V2
a3b2c95a16,1985_worlds,Open Overall,24,Kenny Shults,,,FBW_V2
040aac8a15,1985_worlds,Open Overall,25,Alf Marcussen,,,FBW_V2
b8c37c1252,1985_worlds,Open Overall,26,Yossarian Kelley,,,FBW_V2
0a6649db70,1985_worlds,Open Overall,27,David Bernard,,,FBW_V2
b0ed5a26b6,1985_worlds,Open Overall,28,Chris Ott,,,FBW_V2
eb29418484,1985_worlds,Open Overall,29,Rob Adams,,,FBW_V2
9ce55ae1fa,1985_worlds,Open Overall,30,Yves Archambault,,,FBW_V2
eadc25eade,1985_worlds,Open Overall,31,Steve Dusablon,,,FBW_V2
4819526f35,1985_worlds,Open Overall,32,Greg Nelson,,,FBW_V2
fde136ae4e,1985_worlds,Open Overall,33,Emmanuel Bouchard,,,FBW_V2
4d2682756a,1985_worlds,Open Overall,34,Jim Caveney,,,FBW_V2
2a8277ef14,1985_worlds,Open Overall,35,,Etienne Constable & Andrew Morgan,,FBW_V2
4b190b58f7,1985_worlds,Open Overall,37,Noah Dubreuil,,,FBW_V2
2cac1495e2,1985_worlds,Open Overall,38,Jake Leong,,,FBW_V2
9a0fd219a5,1985_worlds,Open Overall,39,Steven Campbell,,,FBW_V2
3cd6b7167b,1985_worlds,Open Overall,40,Andrew Ronald,,,FBW_V2
46604cc80c,1985_worlds,Open Overall,41,James Harley,,,FBW_V2
f23d3e7a44,1985_worlds,Open Overall,42,Randy Mulder,,,FBW_V2
2a07019e6e,1985_worlds,Open Overall,43,Peter Irish,,,FBW_V2
10fa142627,1985_worlds,Open Overall,44,Danny Borsky,,,FBW_V2
7b71cdab3a,1985_worlds,Open Overall,45,Josh Casey,,,FBW_V2
74655a2830,1985_worlds,Open Overall,46,Martin Cote,,,FBW_V2
35fa05c472,1985_worlds,Open Overall,47,Sebastien Verdy,,,FBW_V2
e730c9a31f,1985_worlds,Open Overall,48,Chris Routh,,,FBW_V2
d29d1d5023,1985_worlds,Open Overall,49,Daryl Genz,,,FBW_V2
b5e6252992,1985_worlds,Open Overall,50,"Eric ""Bart"" Bartholoman",,,FBW_V2
16a62e78ea,1985_worlds,Open Overall,51,Steve Kremer,,,FBW_V2
dd8e1f7af4,1985_worlds,Open Overall,52,Bob Nicholson,,,FBW_V2
3369dfce17,1985_worlds,Open Overall,53,Paul Lovern,,,FBW_V2
ecec410741,1985_worlds,Open Overall,54,,Mark Voightmann & Jesse Whitworth,,FBW_V2
d1f2805e09,1985_worlds,Open Overall,55,,Larry Doyle & Byron Proshold & Crass Eddicott & Simon Hearsey,,FBW_V2
a2651668b3,1985_worlds,Open Overall,60,Ollie Clampet,,,FBW_V2
f50ac130fa,1985_worlds,Open Overall,61,Matt Churney,,,FBW_V2
d3f946ab89,1985_worlds,Open Overall,62,Lance Levy,,,FBW_V2
038bf8fbbd,1985_worlds,Open Overall,63,,Steven L. Goldberg & Edmund Larnacchia,,FBW_V2
d2b2701719,1985_worlds,Open Overall,65,,Brent Stewart & Patrick Keehan & Dennis Ross & Ahren Gehrman & Tu Vu,,FBW_V2
fe08005320,1985_worlds,Open Overall,70,Michael Grueter,,,FBW_V2
102e47ddb7,1985_worlds,Open Overall,71,Scott Durfee,,,FBW_V2
1c5da70e1c,1985_worlds,Open Overall,72,Jim Curtis,,,FBW_V2
f97bb54ea3,1985_worlds,Open Overall,73,John Mulyk,,,FBW_V2
5cd0cecb18,1985_worlds,Open Overall,74,Scott Davidson,,,FBW_V2
79bd81ca81,1985_worlds,Open Overall,75,Tim Kelly,,,FBW_V2
e5d8bf2c89,1985_worlds,Open Overall,76,Reed Gray,,,FBW_V2
b8f8bb5d2b,1985_worlds,Open Overall,77,Edwin Veltman,,,FBW_V2
722e07f48b,1985_worlds,Open Overall,78,Chris Bond,,,FBW_V2
2a9b58628b,1985_worlds,Open Singles Net,2,Danny Borsky,,,FBW_V2
b191a508b9,1985_worlds,Open Singles Net,3,Alf Marcussen,,,FBW_V2
68b6b17ea7,1985_worlds,Open Singles Net,4,Kenny Shults,,,FBW_V2
b351aa78b2,1985_worlds,Open Singles Speed Consecutives,1,Sean Flynn,,,FBW_V2
4b44dcccac,1985_worlds,Open Singles Speed Consecutives,2,Derrick Fogle,,,FBW_V2
6608c8ca1e,1985_worlds,Open Singles Speed Consecutives,3,Eric M. Wulff,,,FBW_V2
337ceb0d12,1985_worlds,Open Singles Speed Consecutives,4,Jay Wininger,,,FBW_V2
3faf81dd4f,1985_worlds,Singles Freestyle,4,Rippin' Rick Reese,,,FBW_V2
f830a15e5e,1985_worlds,Team Freestyle,4,,Rich Cook & Scott Milne,,FBW_V2
d0604eb232,1985_worlds,Women's Doubles Net,4,,Becca English-Ross & Lisa Monti,,FBW_V2
290a80132c,1985_worlds,Women's Doubles One-Pass Consecutive Kicks,4,,Kelly Kelley & Tina Lewis,,FBW_V2
e7989a5587,1985_worlds,Women's Golf,4,Becca English-Ross,,,FBW_V2
b1bb8fd9d0,1985_worlds,Women's Overall,4,Becca English-Ross,,,FBW_V2
bd6eb66c94,1985_worlds,Women's Overall,5,,Lisa Monti & Valeria Davidson,,FBW_V2
4497045be9,1985_worlds,Women's Overall,7,Tina Lewis,,,FBW_V2
35e7db5b6b,1985_worlds,Women's Overall,8,Kelly Kelley,,,FBW_V2
8b670b9323,1985_worlds,Women's Overall,9,Jody Welch,,,FBW_V2
aa4f450e6b,1985_worlds,Women's Overall,10,Sam Conlon,,,FBW_V2
681f9a73f9,1985_worlds,Women's Overall,11,Carol Wedemeyer,,,FBW_V2
1fb25831af,1985_worlds,Women's Overall,12,Heather Muggleton,,,FBW_V2
38b13daf3d,1985_worlds,Women's Overall,13,Constance Constable,,,FBW_V2
7a3deb27ab,1985_worlds,Women's Overall,14,Anne Miller,,,FBW_V2
90f3591737,1985_worlds,Women's Overall,15,,Dea Evans & Lisa Waccolz,,FBW_V2
495ca0e1a0,1985_worlds,Women's Overall,17,Emily Verdy,,,FBW_V2
96b66e777d,1985_worlds,Women's Overall,18,Wendy Curran,,,FBW_V2
fab81834b7,1985_worlds,Women's Singles Freestyle,1,Sam Conlon,,,FBW_V2
03f21b9397,1985_worlds,Women's Singles Freestyle,2,Carol Wedemeyer,,,FBW_V2
dad739da2f,1985_worlds,Women's Singles Freestyle,3,Tricia George,,,FBW_V2
35d145651d,1985_worlds,Women's Singles Freestyle,4,Lisa McDaniel,,,FBW_V2
f559118b51,1985_worlds,Women's Singles Net,4,Tricia George,,,FBW_V2
8651a653f3,1985_worlds,Women's Singles Speed Consecutives,1,Tricia George,,,FBW_V2
ca9c28004d,1985_worlds,Women's Singles Speed Consecutives,2,Sam Conlon,,,FBW_V2
84a79644bb,1985_worlds,Women's Singles Speed Consecutives,3,Jody Welch,,,FBW_V2
59e9e455c7,1985_worlds,Women's Singles Speed Consecutives,4,Julie Symons,,,FBW_V2
fb2ad6557a,1985_worlds,Women's Team Freestyle,1,,Lisa Monti & Carol Wedemeyer,,FBW_V2
668ab281fc,1985_worlds,Women's Team Freestyle,2,,Julie Symons & Lisa McDaniel,,FBW_V2
bae5b96454,1985_worlds,Women's Team Freestyle,3,,Becca English-Ross & Tricia George,,FBW_V2
af6b4da4d3,1987_worlds_golden,Men's Overall,1,Kenny Shults,,,WFA_TXT
3ef6d7d88f,1987_worlds_golden,Mixed Dbls Net,1,,Tina Lewis & Scott Cleere,,WFA_TXT
f855fbb845,1987_worlds_golden,Mixed Dbls Net,2,,Jody Welch & Brent Welch,,WFA_TXT
d8ff0a18ef,1987_worlds_golden,Mixed Dbls Net,3,,Constance Constable & Jim Caveney,,WFA_TXT
c236a4cac1,1987_worlds_golden,Open Dbls Distance Consecutive,1,,Bill Langbehn & Brent Welch,,WFA_TXT
e55436c04c,1987_worlds_golden,Open Dbls Distance Consecutive,2,,Chris Donofrio & Bill Wall,,WFA_TXT
deb33f4321,1987_worlds_golden,Open Dbls Distance Consecutive,3,,Dutch Holland & Rich Rausschmeier,,WFA_TXT
45d42c99fd,1987_worlds_golden,Open Dbls Net,1,,Mag Hughes & Kenny Shults,,WFA_TXT
b4aa0cfe0f,1987_worlds_golden,Open Dbls Net,2,,Jim Caveney & Bruce Guettich,,WFA_TXT
42621dce31,1987_worlds_golden,Open Dbls Net,3,,Ken Hamric & Chris Routh,,WFA_TXT
138cd8761f,1987_worlds_golden,Open Golf,1,Kim Brady,,,WFA_TXT
08ef3aaafb,1987_worlds_golden,Open Golf,2,Jim Caveney,,,WFA_TXT
976e430527,1987_worlds_golden,Open Golf,3,Bruce Guettich,,,WFA_TXT
c839f0f91c,1987_worlds_golden,Open Sgls Freestyle,1,Kenny Shults,,,WFA_TXT
db07aa2521,1987_worlds_golden,Open Sgls Freestyle,2,Jon Lind,,,WFA_TXT
c9bdb1646f,1987_worlds_golden,Open Sgls Freestyle,3,Rick Reese,,,WFA_TXT
ace799b872,1987_worlds_golden,Open Sgls Net,1,Garry Griggs,,,WFA_TXT
11466b1e81,1987_worlds_golden,Open Sgls Net,2,Scott Cleere,,,WFA_TXT
0f513f6784,1987_worlds_golden,Open Sgls Net,3,Dave Robinson,,,WFA_TXT
943a4ff1fd,1987_worlds_golden,Open Team Freestyle,1,,Kenny Shults & Rick Reese,,WFA_TXT
4e6a05dac9,1987_worlds_golden,Open Team Freestyle,2,,Bill Langbehn & Brent Welch,,WFA_TXT
7a23bd7e7c,1987_worlds_golden,Open Team Freestyle,3,,Ed Orlando & Russ Williford & Eric Wulff,,WFA_TXT
50792ebe64,1987_worlds_golden,Women's Dbls Distance Consecutive,1,,Constance Constable & Tricia George,,WFA_TXT
28606199ce,1987_worlds_golden,Women's Dbls Distance Consecutive,2,,Lisa McDaniel & Sam Conlon,,WFA_TXT
762e314407,1987_worlds_golden,Women's Dbls Distance Consecutive,3,,Jody Welch & Jodi Sebastien,,WFA_TXT
2dea41c3dd,1987_worlds_golden,Women's Dbls Net,1,,Constance Constable & Lisa McDaniel,,WFA_TXT
f490cdb571,1987_worlds_golden,Women's Dbls Net,2,,Jody Welch & Julie Symons,,WFA_TXT
617afc95d8,1987_worlds_golden,Women's Dbls Net,3,,Tina Lewis & Janice Earl,,WFA_TXT
e0b5499923,1987_worlds_golden,Women's Golf,1,Tricia George,,,WFA_TXT
482dfa49aa,1987_worlds_golden,Women's Golf,2,Jody Welch,,,WFA_TXT
87b699c41f,1987_worlds_golden,Women's Golf,3,Heather Muggleton,,,WFA_TXT
6ad82f0f91,1987_worlds_golden,Women's Overall,1,Jody Welch,,,WFA_TXT
114621621a,1987_worlds_golden,Women's Sgls Freestyle,1,Sam Conlon,,,WFA_TXT
9b1fe58869,1987_worlds_golden,Women's Sgls Freestyle,2,Heather Muggleton,,,WFA_TXT
970d04596a,1987_worlds_golden,Women's Sgls Freestyle,3,Constance Constable,,,WFA_TXT
0ba814d8f5,1987_worlds_golden,Women's Sgls Net,1,Tricia George,,,WFA_TXT
2b5daf0470,1987_worlds_golden,Women's Sgls Net,2,Jody Welch,,,WFA_TXT
1c31a4f666,1987_worlds_golden,Women's Sgls Net,3,Tina Lewis,,,WFA_TXT
50f7da52b9,1988_worlds_golden,Men's Overall,1,Kenny Shults,,,WFA_TXT
0314c03bbe,1988_worlds_golden,Open Dbls Distance Consecutive,1,,Mag Hughes & Kenny Shults,,WFA_TXT
ec8a6e188e,1988_worlds_golden,Open Dbls Distance Consecutive,2,,Dave Yevin & Raul O'Donnal,,WFA_TXT
ba74db9ea2,1988_worlds_golden,Open Dbls Distance Consecutive,3,,Allan Petersen & Remi Kristensen,,WFA_TXT
a515dc7f9c,1988_worlds_golden,Open Dbls Net,1,,Mag Hughes & Kenny Shults,,WFA_TXT
b902859c89,1988_worlds_golden,Open Dbls Net,2,,Ken Hamric & Chris Routh,,WFA_TXT
f571ba39ff,1988_worlds_golden,Open Dbls Net,3,,Scott Cleere & Bill Bethurum,,WFA_TXT
50c7cb447e,1988_worlds_golden,Open Golf,1,Rob McCloskey,,,WFA_TXT
bbddf09c87,1988_worlds_golden,Open Golf,2,Bruce Guettich,,,WFA_TXT
89a0474a4d,1988_worlds_golden,Open Golf,3,Jim Caveney,,,WFA_TXT
4d2d2e9746,1988_worlds_golden,Open Sgls 5-min Consecutive,1,Derrick Fogle,,,WFA_TXT
7da9e7041c,1988_worlds_golden,Open Sgls 5-min Consecutive,2,Ed Larnacchia,,,WFA_TXT
b29c70d311,1988_worlds_golden,Open Sgls 5-min Consecutive,3,Kenny Shults,,,WFA_TXT
96b2563d6a,1988_worlds_golden,Open Sgls Net,1,Kenny Shults,,,WFA_TXT
9a2160da16,1988_worlds_golden,Open Sgls Net,2,Allan Petersen,,,WFA_TXT
ebb0f2be88,1988_worlds_golden,Open Sgls Net,3,Scott Cleere,,,WFA_TXT
9b7ed8b011,1988_worlds_golden,Women's Dbls Distance Consecutive,1,,Julie Symons & Jody Welch,,WFA_TXT
8a531d3f99,1988_worlds_golden,Women's Dbls Distance Consecutive,2,,Trudy Archdale & Kendall KIC,,WFA_TXT
845b155536,1988_worlds_golden,Women's Dbls Distance Consecutive,3,,Karla Reinke & Colleen Minton,,WFA_TXT
232550ab3b,1988_worlds_golden,Women's Dbls Net,1,,Constance Constable & Lisa McDaniel,,WFA_TXT
16f1b081bd,1988_worlds_golden,Women's Dbls Net,2,,Jody Welch & Julie Symons,,WFA_TXT
bcfe6608dd,1988_worlds_golden,Women's Dbls Net,3,,Pauline Beichert & Deb Partridge,,WFA_TXT
86ce168037,1988_worlds_golden,Women's Golf,1,Karla Reinke,,,WFA_TXT
c32e7f367b,1988_worlds_golden,Women's Golf,2,Heather Muggleton,,,WFA_TXT
08e62cf061,1988_worlds_golden,Women's Golf,3,Kathy Kristensen,,,WFA_TXT
8e83296706,1988_worlds_golden,Women's Overall,1,Jody Welch,,,WFA_TXT
ac467287cd,1988_worlds_golden,Women's Sgls 5-min Consecutive,1,Heather Muggleton,,,WFA_TXT
58c004a3bd,1988_worlds_golden,Women's Sgls 5-min Consecutive,2,Jody Welch,,,WFA_TXT
4de075f747,1988_worlds_golden,Women's Sgls 5-min Consecutive,3,Tina Lewis,,,WFA_TXT
e38a2baf3a,1988_worlds_golden,Women's Sgls Net,1,Jody Welch,,,WFA_TXT
c05e574024,1988_worlds_golden,Women's Sgls Net,2,Lisa McDaniel,,,WFA_TXT
6bd0f2d477,1988_worlds_golden,Women's Sgls Net,3,Constance Constable,,,WFA_TXT
aa53484b16,1989_worlds_golden,Men's Overall,1,Kenny Shults,,,WFA_TXT
892c098a47,1989_worlds_golden,Mixed Dbls Net,1,,Jody Welch & Brent Welch,,WFA_TXT
6316e15c96,1989_worlds_golden,Mixed Dbls Net,2,,Ken Hamric & Janice Earl,,WFA_TXT
a3e5170f44,1989_worlds_golden,Mixed Dbls Net,3,,Kenny Shults & Kendall KIC,,WFA_TXT
1c2336be36,1989_worlds_golden,Open Dbls Distance Consecutive,1,,Dave Robinson & Scott Cleere,,WFA_TXT
1fca1d5af0,1989_worlds_golden,Open Dbls Distance Consecutive,2,,Mag Hughes & Kenny Shults,,WFA_TXT
0c78afc5cd,1989_worlds_golden,Open Dbls Distance Consecutive,3,,Allan Petersen & Tim Gertsen,,WFA_TXT
52ca8f8136,1989_worlds_golden,Open Dbls Net,1,,Ken Hamric & Chris Routh,,WFA_TXT
baeb27db62,1989_worlds_golden,Open Dbls Net,2,,Mag Hughes & Kenny Shults,,WFA_TXT
969dfdb159,1989_worlds_golden,Open Dbls Net,3,,Chris Ott & Jim Caveney,,WFA_TXT
9e44423a8e,1989_worlds_golden,Open Golf,1,Reed Gray,,,WFA_TXT
579da10995,1989_worlds_golden,Open Golf,2,Bruce Guettich,,,WFA_TXT
36e1d1e0e8,1989_worlds_golden,Open Golf,3,Dave Robinson,,,WFA_TXT
3abd7da693,1989_worlds_golden,Open Sgls 5-min Consecutive,1,Kenny Shults,,,WFA_TXT
5bf981a33e,1989_worlds_golden,Open Sgls 5-min Consecutive,2,Gary Lautt,,,WFA_TXT
3de39ad5e5,1989_worlds_golden,Open Sgls 5-min Consecutive,3,Jack Schoolcraft,,,WFA_TXT
7ab74710e8,1989_worlds_golden,Open Sgls Freestyle,1,Kenny Shults,,,WFA_TXT
4266cb0438,1989_worlds_golden,Open Sgls Freestyle,2,Dennis Ross,,,WFA_TXT
bf74c98cfc,1989_worlds_golden,Open Sgls Freestyle,3,Jack Schoolcraft,,,WFA_TXT
5de32133e1,1989_worlds_golden,Open Sgls Net,1,Kenny Shults,,,WFA_TXT
9281dab1a4,1989_worlds_golden,Open Sgls Net,2,Dave Robinson,,,WFA_TXT
7089a9f0e2,1989_worlds_golden,Open Sgls Net,3,Remi Kristensen,,,WFA_TXT
b82d49e6ce,1989_worlds_golden,Open Team Freestyle,1,,Kenny Shults & Rick Reese & Dave Yevin,,WFA_TXT
5f6a489888,1989_worlds_golden,Open Team Freestyle,2,,Jon Lind & Dennis Ross,,WFA_TXT
5a1b01ea90,1989_worlds_golden,Open Team Freestyle,3,,Jack Schoolcraft & Mag Hughes,,WFA_TXT
ebf1b04a07,1989_worlds_golden,Women's Dbls Distance Consecutive,1,,Lisa McDaniel & Jody Welch,,WFA_TXT
5ba1d7f23f,1989_worlds_golden,Women's Dbls Distance Consecutive,2,,Heather Thomas & Kendall KIC,,WFA_TXT
3808d59831,1989_worlds_golden,Women's Dbls Distance Consecutive,3,,Heather Muggleton & Tina Lewis,,WFA_TXT
dc72fc82e9,1989_worlds_golden,Women's Dbls Net,1,,Tricia George & Jody Welch,,WFA_TXT
fd148d6bd2,1989_worlds_golden,Women's Dbls Net,2,,Lisa McDaniel & Constance Constable,,WFA_TXT
eb90cff162,1989_worlds_golden,Women's Dbls Net,3,,Tina Lewis & Heather Muggleton,,WFA_TXT
5f24e646df,1989_worlds_golden,Women's Golf,1,Tricia George,,,WFA_TXT
67772bbfa7,1989_worlds_golden,Women's Golf,2,Heather Muggleton,,,WFA_TXT
fb91cb8330,1989_worlds_golden,Women's Golf,3,Lisa McDaniel,,,WFA_TXT
d8f09d9de2,1989_worlds_golden,Women's Overall,1,Jody Welch,,,WFA_TXT
d2e013573e,1989_worlds_golden,Women's Sgls 5-min Consecutive,1,Tricia George,,,WFA_TXT
38a5e3137c,1989_worlds_golden,Women's Sgls 5-min Consecutive,2,Jody Welch,,,WFA_TXT
f8c813f512,1989_worlds_golden,Women's Sgls 5-min Consecutive,3,Sam Conlon,,,WFA_TXT
19cc683221,1989_worlds_golden,Women's Sgls Freestyle,1,Heather Muggleton,,,WFA_TXT
7e1b6f6f68,1989_worlds_golden,Women's Sgls Freestyle,2,Jody Welch,,,WFA_TXT
5b2da465e3,1989_worlds_golden,Women's Sgls Freestyle,3,Sam Conlon,,,WFA_TXT
17b446a568,1989_worlds_golden,Women's Sgls Net,1,Tricia George,,,WFA_TXT
fc2d79dd1b,1989_worlds_golden,Women's Sgls Net,2,Jody Welch,,,WFA_TXT
24d5ad3719,1989_worlds_golden,Women's Sgls Net,3,Constance Constable,,,WFA_TXT
9db8462963,1989_worlds_golden,Women's Team Freestyle,1,,Tricia George & Jody Welch,,WFA_TXT
4103dbf033,1989_worlds_golden,Women's Team Freestyle,2,,Heather Muggleton & Constance Constable,,WFA_TXT
4a57994abb,1989_worlds_golden,Women's Team Freestyle,3,,Sam Conlon & Lisa McDaniel,,WFA_TXT
b54db000dd,1990_worlds,Men's Overall,1,Kenny Shults,,,WFA_TXT
45c2fc008c,1990_worlds,Mixed Dbls Net,1,,Tricia George & Chris Routh,,WFA_TXT
22b3821e75,1990_worlds,Mixed Dbls Net,2,,Jody Welch & Brent Welch,,WFA_TXT
a02bb8be3e,1990_worlds,Mixed Dbls Net,3,,Kendall KIC & Kenny Shults,,WFA_TXT
ce7f3658ea,1990_worlds,Open Dbls Distance Consecutive,1,,Peter Shunny & Bruce Guettich,,WFA_TXT
1daf856c45,1990_worlds,Open Dbls Distance Consecutive,2,,Mag Hughes & Kenny Shults,,WFA_TXT
a1da6bea1a,1990_worlds,Open Dbls Distance Consecutive,3,,Chris Donofrio & Eric Bartholoman,,WFA_TXT
f8008830ff,1990_worlds,Open Dbls Net,1,,Mag Hughes & Kenny Shults,,WFA_TXT
4ccc1a3816,1990_worlds,Open Dbls Net,2,,Ken Hamric & Chris Routh,,WFA_TXT
079729748d,1990_worlds,Open Dbls Net,3,,Peter Shunny & Bruce Guettich,,WFA_TXT
e2ef5468bc,1990_worlds,Open Golf,1,Bruce Guettich,,,WFA_TXT
4bfa1ebee7,1990_worlds,Open Golf,2,Jeff Johnson,,,WFA_TXT
64f02a16d3,1990_worlds,Open Golf,3,Reed Gray,,,WFA_TXT
4e5b133b6f,1990_worlds,Open Sgls 5-min Consecutive,1,Kenny Shults,,,WFA_TXT
079a5021ef,1990_worlds,Open Sgls 5-min Consecutive,2,Derrick Fogle,,,WFA_TXT
e179603874,1990_worlds,Open Sgls 5-min Consecutive,3,Gary Lautt,,,WFA_TXT
eac6f47e44,1990_worlds,Open Sgls Freestyle,1,Kenny Shults,,,WFA_TXT
5b553b13b8,1990_worlds,Open Sgls Freestyle,2,Jack Schoolcraft,,,WFA_TXT
a82ace5010,1990_worlds,Open Sgls Freestyle,3,Brent Welch,,,WFA_TXT
c5ac67f63b,1990_worlds,Open Sgls Net,1,Kenny Shults,,,WFA_TXT
a6ba6cd448,1990_worlds,Open Sgls Net,2,Dave Robinson,,,WFA_TXT
f92a0dfaa9,1990_worlds,Open Sgls Net,3,Chris Routh,,,WFA_TXT
9a92e22251,1990_worlds,Open Team Freestyle,1,,Greg Nelson & Tay Moldenhauser,,WFA_TXT
9c23c32b83,1990_worlds,Open Team Freestyle,2,,Rick Reese & Dave Yevin,,WFA_TXT
a38b2fbec6,1990_worlds,Open Team Freestyle,3,,Brent Welch & Etienne Constable,,WFA_TXT
1369c4459d,1990_worlds,Women's Dbls Distance Consecutive,1,,Jody Welch & Tricia George,,WFA_TXT
1413c3c3d8,1990_worlds,Women's Dbls Distance Consecutive,2,,Constance Constable & Julie Symons,,WFA_TXT
6b8a030c7f,1990_worlds,Women's Dbls Distance Consecutive,3,,Lisa McDaniel & Sam Conlon,,WFA_TXT
938622d021,1990_worlds,Women's Dbls Net,1,,Tricia George & Jody Welch,,WFA_TXT
aa2de9f70e,1990_worlds,Women's Dbls Net,2,,Julie Symons & Constance Constable,,WFA_TXT
27d43b8f6d,1990_worlds,Women's Dbls Net,3,,Tina Lewis & Heather Muggleton,,WFA_TXT
eb70d4908f,1990_worlds,Women's Golf,1,Jody Welch,,,WFA_TXT
9cb767dd4f,1990_worlds,Women's Golf,2,Tricia George,,,WFA_TXT
f2f08242e7,1990_worlds,Women's Golf,3,Lisa McDaniel,,,WFA_TXT
b423c9ac61,1990_worlds,Women's Overall,1,Jody Welch,,,WFA_TXT
2d62fb6af8,1990_worlds,Women's Sgls 5-min Consecutive,1,Jody Welch,,,WFA_TXT
2828c1ccef,1990_worlds,Women's Sgls 5-min Consecutive,2,Tricia George,,,WFA_TXT
c960aa67b9,1990_worlds,Women's Sgls 5-min Consecutive,3,Sam Conlon,,,WFA_TXT
8336ddee66,1990_worlds,Women's Sgls Freestyle,1,Constance Constable,,,WFA_TXT
a34de7bc04,1990_worlds,Women's Sgls Freestyle,2,Jody Welch,,,WFA_TXT
07f514965c,1990_worlds,Women's Sgls Freestyle,3,Tricia George,,,WFA_TXT
ccce651fbb,1990_worlds,Women's Sgls Net,1,Jody Welch,,,WFA_TXT
6c668d32a0,1990_worlds,Women's Sgls Net,2,Lisa McDaniel,,,WFA_TXT
ed0580d592,1990_worlds,Women's Sgls Net,3,Tricia George,,,WFA_TXT
9c7ec48d43,1990_worlds,Women's Team Freestyle,1,,Lisa McDaniel & Sam Conlon,,WFA_TXT
5b46f50133,1990_worlds,Women's Team Freestyle,2,,Constance Constable & Julie Symons,,WFA_TXT
541786e178,1990_worlds,Women's Team Freestyle,3,,Jody Welch & Tricia George,,WFA_TXT
a9097b19eb,1991_worlds,Men's Overall,1,Kenny Shults,,,WFA_TXT
a9767d6592,1991_worlds,Mixed Dbls Net,1,,Jody Welch & Brent Welch,,WFA_TXT
7b0c596302,1991_worlds,Mixed Dbls Net,2,,Tricia George & Chris Routh,,WFA_TXT
6126190fc5,1991_worlds,Mixed Dbls Net,3,,Lisa McDaniel & Randy Mulder,,WFA_TXT
20334b83a6,1991_worlds,Open Dbls Distance Consecutive,1,,Allan Petersen & Remi Kristensen,,WFA_TXT
b85868e52e,1991_worlds,Open Dbls Distance Consecutive,2,,Mag Hughes & Kenny Shults,,WFA_TXT
492ef45d84,1991_worlds,Open Dbls Distance Consecutive,3,,Bill Langbehn & Brent Welch,,WFA_TXT
d0aa6038b9,1991_worlds,Open Dbls Net,1,,Chris Routh & Jim Caveney,,WFA_TXT
1949abeaf1,1991_worlds,Open Dbls Net,2,,Mag Hughes & Kenny Shults,,WFA_TXT
2818e3dc80,1991_worlds,Open Dbls Net,3,,Peter Shunny & Randy Mulder,,WFA_TXT
458ddb19e5,1991_worlds,Open Golf,1,James Roberts,,,WFA_TXT
80d8dbdd56,1991_worlds,Open Golf,2,Jim Caveney,,,WFA_TXT
41d3d11d7b,1991_worlds,Open Golf,3,Dave Robinson,,,WFA_TXT
4dc6b34bfb,1991_worlds,Open Sgls 5-min Consecutive,1,Kenny Shults,,,WFA_TXT
d2333cd1a5,1991_worlds,Open Sgls 5-min Consecutive,2,Sean Flynn,,,WFA_TXT
e6f80e252c,1991_worlds,Open Sgls 5-min Consecutive,3,Andy Linder,,,WFA_TXT
e1bff6dd23,1991_worlds,Open Sgls Freestyle,1,Kenny Shults,,,WFA_TXT
b9d8dc2e1f,1991_worlds,Open Sgls Freestyle,2,Andy Linder,,,WFA_TXT
cb4c7acb47,1991_worlds,Open Sgls Freestyle,3,Rick Reese,,,WFA_TXT
f0cfe6c349,1991_worlds,Open Sgls Net,1,Randy Mulder,,,WFA_TXT
f44a45cea4,1991_worlds,Open Sgls Net,2,Dave Robinson,,,WFA_TXT
1e03aa4248,1991_worlds,Open Sgls Net,3,Remi Kristensen,,,WFA_TXT
fee5959eec,1991_worlds,Open Team Freestyle,1,,Dennis Ross & Jon Lind,,WFA_TXT
aaf43b3f10,1991_worlds,Open Team Freestyle,2,,Brent Welch & Etienne Constable,,WFA_TXT
14ffc1e558,1991_worlds,Open Team Freestyle,3,,Kenny Shults & Rick Reese,,WFA_TXT
9471ea5836,1991_worlds,Women's Dbls Distance Consecutive,1,,Jody Welch & Tricia George,,WFA_TXT
8e37f88530,1991_worlds,Women's Dbls Distance Consecutive,2,,Constance Constable & Julie Symons,,WFA_TXT
f7b5c05389,1991_worlds,Women's Dbls Distance Consecutive,3,,Lisa Monti & Kendall KIC,,WFA_TXT
31db5adb24,1991_worlds,Women's Dbls Net,1,,Tricia George & Jody Welch,,WFA_TXT
ef4160e968,1991_worlds,Women's Dbls Net,2,,Lisa McDaniel & Heather Muggleton,,WFA_TXT
e870ad7a2d,1991_worlds,Women's Dbls Net,3,,Constance Constable & Julie Symons,,WFA_TXT
b70471ac16,1991_worlds,Women's Golf,1,Tricia George,,,WFA_TXT
ba8a8c66d3,1991_worlds,Women's Golf,2,Julie Symons,,,WFA_TXT
2e3206fb89,1991_worlds,Women's Golf,3,Lisa McDaniel,,,WFA_TXT
1fc15556f3,1991_worlds,Women's Overall,1,Jody Welch,,,WFA_TXT
cd6e48be2a,1991_worlds,Women's Sgls 5-min Consecutive,1,Jody Welch,,,WFA_TXT
3dbdef4fdf,1991_worlds,Women's Sgls 5-min Consecutive,2,Tricia George,,,WFA_TXT
3cd83ff2c6,1991_worlds,Women's Sgls 5-min Consecutive,3,Kendall KIC,,,WFA_TXT
0f549d6860,1991_worlds,Women's Sgls Freestyle,1,Sam Conlon,,,WFA_TXT
653ad38e5e,1991_worlds,Women's Sgls Freestyle,2,Jody Welch,,,WFA_TXT
0e6bfc6f1d,1991_worlds,Women's Sgls Freestyle,3,Kendall KIC,,,WFA_TXT
6744df333e,1991_worlds,Women's Sgls Net,1,Jody Welch,,,WFA_TXT
599a096ba5,1991_worlds,Women's Sgls Net,2,Lisa McDaniel,,,WFA_TXT
35e4e3a9f3,1991_worlds,Women's Sgls Net,3,Constance Constable,,,WFA_TXT
3a5cc2989c,1991_worlds,Women's Team Freestyle,1,,Lisa McDaniel & Sam Conlon,,WFA_TXT
7bf0002e4a,1991_worlds,Women's Team Freestyle,2,,Jody Welch & Tricia George,,WFA_TXT
f8000e2fd9,1991_worlds,Women's Team Freestyle,3,,Constance Constable & Julie Symons,,WFA_TXT
09ee837378,1992_worlds,Men's Overall,1,Kenny Shults,,,WFA_TXT
6b0f742eb0,1992_worlds,Mixed Dbls Net,1,,Jody Welch & Brent Welch,,WFA_TXT
d0fe4e62a1,1992_worlds,Mixed Dbls Net,2,,Lisa McDaniel & Dan Borsky,,WFA_TXT
a6ae054485,1992_worlds,Mixed Dbls Net,3,,Tricia George & Chris Routh,,WFA_TXT
857fd82eb8,1992_worlds,Open Dbls Distance Consecutive,1,,Bruce Guettich & Peter Shunny,,WFA_TXT
8a7aff2a3e,1992_worlds,Open Dbls Distance Consecutive,2,,Eric Bartholoman & Chris Donofrio,,WFA_TXT
b18dbae9f3,1992_worlds,Open Dbls Distance Consecutive,3,,Jim Caveney & Brent Welch,,WFA_TXT
cd11202005,1992_worlds,Open Dbls Net,1,,Kenny Shults & Randy Mulder,,WFA_TXT
3b057c490f,1992_worlds,Open Dbls Net,2,,Brent Welch & Jim Caveney,,WFA_TXT
641a16da2b,1992_worlds,Open Dbls Net,3,,Chris Routh & Dan Borsky,,WFA_TXT
a1ee8ca30f,1992_worlds,Open Golf,1,Reed Gray,,,WFA_TXT
90f27988c4,1992_worlds,Open Golf,2,Jim Caveney,,,WFA_TXT
b381d82bb6,1992_worlds,Open Golf,3,Peter Shunny,,,WFA_TXT
322bdca7a9,1992_worlds,Open Sgls 5-min Consecutive,1,Kenny Shults,,,WFA_TXT
579cb4de2c,1992_worlds,Open Sgls 5-min Consecutive,2,Sean Flynn,,,WFA_TXT
50abf135aa,1992_worlds,Open Sgls 5-min Consecutive,3,Derrick Fogle,,,WFA_TXT
cd0bbb74bc,1992_worlds,Open Sgls Freestyle,1,Peter Irish,,,WFA_TXT
c00f45fbd4,1992_worlds,Open Sgls Freestyle,2,Rick Reese,,,WFA_TXT
e54f0f9f1b,1992_worlds,Open Sgls Freestyle,3,Kenny Shults,,,WFA_TXT
e46b4f77d9,1992_worlds,Open Sgls Net,1,Kenny Shults,,,WFA_TXT
b022ec1c51,1992_worlds,Open Sgls Net,2,Randy Mulder,,,WFA_TXT
77f1b2c4ee,1992_worlds,Open Sgls Net,3,Eric Bartholoman,,,WFA_TXT
d013d0b5f2,1992_worlds,Open Team Freestyle,1,,Jay Moldenhauser & Greg Nelson,,WFA_TXT
35ff22f044,1992_worlds,Open Team Freestyle,2,,Dennis Ross & Jon Lind,,WFA_TXT
b049a1f3f1,1992_worlds,Open Team Freestyle,3,,Brent Welch & Etienne Constable,,WFA_TXT
515e1e9632,1992_worlds,Women's Dbls Distance Consecutive,1,,Jody Welch & Tricia George,,WFA_TXT
b46c0f207b,1992_worlds,Women's Dbls Distance Consecutive,2,,Sam Conlon & Lisa McDaniel,,WFA_TXT
1fe0232f2b,1992_worlds,Women's Dbls Distance Consecutive,3,,Becca English-Ross & Heather Thomas,,WFA_TXT
d2890eb655,1992_worlds,Women's Dbls Net,1,,Tricia George & Jody Welch,,WFA_TXT
f76640dc0f,1992_worlds,Women's Dbls Net,2,,Constance Constable & Julie Symons,,WFA_TXT
80ff7b87bd,1992_worlds,Women's Dbls Net,3,,Lisa Monti & Heather Muggleton,,WFA_TXT
95f1af0fc3,1992_worlds,Women's Golf,1,Tricia George,,,WFA_TXT
440e710f28,1992_worlds,Women's Golf,2,Julie Symons,,,WFA_TXT
971badd272,1992_worlds,Women's Golf,3,Lisa McDaniel,,,WFA_TXT
90548e0638,1992_worlds,Women's Overall,1,Tricia George,,,WFA_TXT
a4d6219a39,1992_worlds,Women's Sgls 5-min Consecutive,1,Sam Conlon,,,WFA_TXT
6dea5b780e,1992_worlds,Women's Sgls 5-min Consecutive,2,Tricia George,,,WFA_TXT
edc68c354f,1992_worlds,Women's Sgls 5-min Consecutive,3,Jody Welch,,,WFA_TXT
100f56ce3a,1992_worlds,Women's Sgls Freestyle,1,Tricia George,,,WFA_TXT
29a48946b2,1992_worlds,Women's Sgls Freestyle,2,Sam Conlon,,,WFA_TXT
cad052a9b2,1992_worlds,Women's Sgls Freestyle,3,Jody Welch,,,WFA_TXT
99d2452b68,1992_worlds,Women's Sgls Net,1,Jody Welch,,,WFA_TXT
db1f67ca43,1992_worlds,Women's Sgls Net,2,Tricia George,,,WFA_TXT
b6eb848ca9,1992_worlds,Women's Sgls Net,3,Lisa McDaniel,,,WFA_TXT
497da8ef06,1992_worlds,Women's Team Freestyle,1,,Lisa McDaniel & Sam Conlon,,WFA_TXT
47f460389d,1992_worlds,Women's Team Freestyle,2,,Jody Welch & Tricia George,,WFA_TXT
53237322a5,1992_worlds,Women's Team Freestyle,3,,Constance Constable & Julie Symons,,WFA_TXT
64e1987039,1993_worlds,Men's Overall,1,Allan Petersen,,,WFA_TXT
948abfb393,1993_worlds,Mixed Dbls Net,1,,Jody Welch & Brent Welch,,WFA_TXT
81c6729c07,1993_worlds,Mixed Dbls Net,2,,Lisa McDaniel & Dan Borsky,,WFA_TXT
21c3773c64,1993_worlds,Mixed Dbls Net,3,,Kendall KIC & Kenny Shults,,WFA_TXT
75b5743b80,1993_worlds,Open Dbls Distance Consecutive,1,,Yves Archambault & Davie Piper,,WFA_TXT
142c054f30,1993_worlds,Open Dbls Distance Consecutive,2,,Allan Petersen & Remi Kristensen,,WFA_TXT
589faecf19,1993_worlds,Open Dbls Distance Consecutive,3,,Jake Leong & Scott Cleere,,WFA_TXT
0331685e6e,1993_worlds,Open Dbls Net,1,,Kenny Shults & Randy Mulder,,WFA_TXT
fa815cf5af,1993_worlds,Open Dbls Net,2,,Chris Routh & Dan Borsky,,WFA_TXT
60b667c397,1993_worlds,Open Dbls Net,3,,Allan Petersen & Remi Kristensen,,WFA_TXT
93f10f9abd,1993_worlds,Open Golf,1,Jeff Johnson,,,WFA_TXT
c1e1c43b6a,1993_worlds,Open Golf,2,Reed Gray,,,WFA_TXT
e00b8b4fdf,1993_worlds,Open Golf,3,Alf Marcussen,,,WFA_TXT
a5b73e1de0,1993_worlds,Open Sgls 5-min Consecutive,1,Sean Flynn,,,WFA_TXT
c2c63c0220,1993_worlds,Open Sgls 5-min Consecutive,2,Derrick Fogle,,,WFA_TXT
2dab1e8279,1993_worlds,Open Sgls 5-min Consecutive,3,Steve Smith,,,WFA_TXT
2e8abe1d71,1993_worlds,Open Sgls Freestyle,1,Peter Irish,,,WFA_TXT
accb7c7795,1993_worlds,Open Sgls Freestyle,2,Greg Nelson,,,WFA_TXT
745c09d912,1993_worlds,Open Sgls Freestyle,3,Kenny Shults,,,WFA_TXT
7587510927,1993_worlds,Open Sgls Net,1,Danny Borsky,,,WFA_TXT
98bc3e8633,1993_worlds,Open Sgls Net,2,Randy Mulder,,,WFA_TXT
540f901c5c,1993_worlds,Open Sgls Net,3,Eric Bartholoman,,,WFA_TXT
a66ac6383b,1993_worlds,Open Team Freestyle,1,,Dennis Ross & Jon Lind,,WFA_TXT
a2d6ed6cc2,1993_worlds,Open Team Freestyle,2,,Jay Moldenhauser & Greg Nelson,,WFA_TXT
e8312e0f6d,1993_worlds,Open Team Freestyle,3,,Sam Conlon & Eric Bartholoman,,WFA_TXT
33e1ae5700,1993_worlds,Women's Dbls Distance Consecutive,1,,Jody Welch & Tricia George,,WFA_TXT
1856d31d5e,1993_worlds,Women's Dbls Distance Consecutive,2,,Julie Symons & Lisa McDaniel,,WFA_TXT
b534614012,1993_worlds,Women's Dbls Distance Consecutive,3,,Constance Constable & Lisa Monti,,WFA_TXT
6d8685d04f,1993_worlds,Women's Dbls Net,1,,Tricia George & Jody Welch,,WFA_TXT
1ea7456996,1993_worlds,Women's Dbls Net,2,,Julie Symons & Lisa McDaniel,,WFA_TXT
817281c61e,1993_worlds,Women's Dbls Net,3,,Constance Constable & Lisa Monti,,WFA_TXT
a6eeef5891,1993_worlds,Women's Golf,1,Tricia George,,,WFA_TXT
a0d2022f31,1993_worlds,Women's Golf,2,Julie Symons,,,WFA_TXT
88c4a63c08,1993_worlds,Women's Golf,3,Becca English-Ross,,,WFA_TXT
d8d536020e,1993_worlds,Women's Overall,1,Tricia George,,,WFA_TXT
014da92788,1993_worlds,Women's Sgls 5-min Consecutive,1,Tricia George,,,WFA_TXT
f842608bb2,1993_worlds,Women's Sgls 5-min Consecutive,2,Sam Conlon,,,WFA_TXT
8648b7dd29,1993_worlds,Women's Sgls 5-min Consecutive,3,Ida Fogle,,,WFA_TXT
ec711abb19,1993_worlds,Women's Sgls Freestyle,1,Sam Conlon,,,WFA_TXT
f1ee9609d5,1993_worlds,Women's Sgls Freestyle,2,Tricia George,,,WFA_TXT
676dd4139a,1993_worlds,Women's Sgls Freestyle,3,Julie Symons,,,WFA_TXT
c558e85328,1993_worlds,Women's Sgls Net,1,Jody Welch,,,WFA_TXT
453a65de81,1993_worlds,Women's Sgls Net,2,Lisa McDaniel,,,WFA_TXT
1a7bf18823,1993_worlds,Women's Sgls Net,3,Julie Symons,,,WFA_TXT
1e696e607b,1993_worlds,Women's Team Freestyle,1,,Lisa McDaniel & Sam Conlon,,WFA_TXT
589999926d,1993_worlds,Women's Team Freestyle,2,,Jody Welch & Tricia George,,WFA_TXT
372cc9d5c9,1993_worlds,Women's Team Freestyle,3,,Constance Constable & Lisa Monti,,WFA_TXT
10ee8f6802,1994_worlds_palo_alto,Men's Overall,1,Allan Petersen,,,WFA_TXT
98d6685a08,1994_worlds_palo_alto,Mixed Dbls Net,1,,Jody Welch & Brent Welch,,WFA_TXT
3d8967175e,1994_worlds_palo_alto,Mixed Dbls Net,2,,Lisa McDaniel & Scott Milne,,WFA_TXT
5df51bcaba,1994_worlds_palo_alto,Mixed Dbls Net,3,,Julie Symons & Jim Caveney,,WFA_TXT
27e3146818,1994_worlds_palo_alto,Open Dbls Distance Consecutive,1,,Allan Petersen & Remi Kristensen,,WFA_TXT
c286f4690b,1994_worlds_palo_alto,Open Dbls Distance Consecutive,2,,Davie Piper & Yves Archambault,,WFA_TXT
3877fa175c,1994_worlds_palo_alto,Open Dbls Distance Consecutive,3,,Jake Leong & Scott Milne,,WFA_TXT
fd80f560ef,1994_worlds_palo_alto,Open Dbls Net,1,,Kenny Shults & Randy Mulder,,WFA_TXT
8909f9e9a4,1994_worlds_palo_alto,Open Dbls Net,2,,Allan Petersen & Remi Kristensen,,WFA_TXT
6233918117,1994_worlds_palo_alto,Open Dbls Net,3,,Alf Marcussen & Brent Welch,,WFA_TXT
7c26d1b4fb,1994_worlds_palo_alto,Open Golf,1,Davie Piper,,,WFA_TXT
2bba4a3bee,1994_worlds_palo_alto,Open Golf,2,Steve Smith,,,WFA_TXT
c81545d1af,1994_worlds_palo_alto,Open Golf,3,Jack Schoolcraft,,,WFA_TXT
f0168b16dc,1994_worlds_palo_alto,Open Sgls 5-min Consecutive,1,Sean Flynn,,,WFA_TXT
7ead43440d,1994_worlds_palo_alto,Open Sgls 5-min Consecutive,2,Derrick Fogle,,,WFA_TXT
7419ca5157,1994_worlds_palo_alto,Open Sgls 5-min Consecutive,3,Eric Wulff,,,WFA_TXT
5719a7649d,1994_worlds_palo_alto,Open Sgls Freestyle,1,Kenny Shults,,,WFA_TXT
77550bef5b,1994_worlds_palo_alto,Open Sgls Freestyle,2,Greg Nelson,,,WFA_TXT
80c00e28e2,1994_worlds_palo_alto,Open Sgls Freestyle,3,Peter Irish,,,WFA_TXT
e08495b803,1994_worlds_palo_alto,Open Sgls Net,1,Randy Mulder,,,WFA_TXT
c6ff936426,1994_worlds_palo_alto,Open Sgls Net,2,Jake Leong,,,WFA_TXT
30f251c876,1994_worlds_palo_alto,Open Sgls Net,3,Alf Marcussen,,,WFA_TXT
540506eeb3,1994_worlds_palo_alto,Open Team Freestyle,1,,Jay Moldenhauser & Greg Nelson,,WFA_TXT
4239a4dda1,1994_worlds_palo_alto,Open Team Freestyle,2,,Kenny Shults & Rick Reese,,WFA_TXT
7594c9489b,1994_worlds_palo_alto,Open Team Freestyle,3,,Eric Wulff & Peter Irish,,WFA_TXT
f6a494e831,1994_worlds_palo_alto,Women's Dbls Distance Consecutive,1,,Jody Welch & Tricia George,,WFA_TXT
c3477385f7,1994_worlds_palo_alto,Women's Dbls Distance Consecutive,2,,Julie Symons & Lisa McDaniel,,WFA_TXT
b6bf18e63f,1994_worlds_palo_alto,Women's Dbls Distance Consecutive,3,,Anne Miller & Carol Wedemeyer,,WFA_TXT
fc1fdb7a41,1994_worlds_palo_alto,Women's Dbls Net,1,,Julie Symons & Lisa McDaniel,,WFA_TXT
5702a4291d,1994_worlds_palo_alto,Women's Dbls Net,2,,Constance Constable & Jody Welch,,WFA_TXT
3d12dc3bfb,1994_worlds_palo_alto,Women's Dbls Net,3,,Heather Thomas & Laura Cragh,,WFA_TXT
c210d95c35,1994_worlds_palo_alto,Women's Golf,1,Julie Symons,,,WFA_TXT
fa1110b0f5,1994_worlds_palo_alto,Women's Golf,2,Becca English-Ross,,,WFA_TXT
9e0a1f56b5,1994_worlds_palo_alto,Women's Golf,3,Lisa McDaniel,,,WFA_TXT
3e5a390108,1994_worlds_palo_alto,Women's Overall,1,Julie Symons,,,WFA_TXT
f18e06f041,1994_worlds_palo_alto,Women's Sgls 5-min Consecutive,1,Ida Fogle,,,WFA_TXT
294887d746,1994_worlds_palo_alto,Women's Sgls 5-min Consecutive,2,Sam Conlon,,,WFA_TXT
9f287c970e,1994_worlds_palo_alto,Women's Sgls 5-min Consecutive,3,Becca English-Ross,,,WFA_TXT
3529294b7e,1994_worlds_palo_alto,Women's Sgls Freestyle,1,Sam Conlon,,,WFA_TXT
ae3a9b75a4,1994_worlds_palo_alto,Women's Sgls Freestyle,2,Julie Symons,,,WFA_TXT
3768f91e08,1994_worlds_palo_alto,Women's Sgls Freestyle,3,Kendall KIC,,,WFA_TXT
3b874117b1,1994_worlds_palo_alto,Women's Sgls Net,1,Lisa McDaniel,,,WFA_TXT
ae0bea1c3c,1994_worlds_palo_alto,Women's Sgls Net,2,Julie Symons,,,WFA_TXT
c12b228189,1994_worlds_palo_alto,Women's Sgls Net,3,Laura Cragh,,,WFA_TXT
9dd6f1fad1,1994_worlds_palo_alto,Women's Team Freestyle,1,,Julie Symons & Heather Thomas,,WFA_TXT
7c203c5d08,1994_worlds_palo_alto,Women's Team Freestyle,2,,Lisa Monti & Lynette Haat,,WFA_TXT
a20e535d93,1994_worlds_palo_alto,Women's Team Freestyle,3,,Kendall KIC & Heather Muggleton,,WFA_TXT
1a56e062ba,1995_worlds,Men's Overall,1,Allan Petersen,,,WFA_TXT
92fefa0e49,1995_worlds,Mixed Dbls Net,1,,Julie Symons & Randy Mulder,,WFA_TXT
f4b5f385b2,1995_worlds,Mixed Dbls Net,2,,Jody Welch & Brent Welch,,WFA_TXT
6d1a1a6592,1995_worlds,Mixed Dbls Net,3,,Lisa McDaniel & Emmanuel Bouchard,,WFA_TXT
60457e53ab,1995_worlds,Open Dbls Distance Consecutive,1,,Allan Petersen & Remi Kristensen,,WFA_TXT
8c51c13955,1995_worlds,Open Dbls Distance Consecutive,2,,Davie Piper & Yves Archambault,,WFA_TXT
a3c35392f5,1995_worlds,Open Dbls Distance Consecutive,3,,Bruce Guettich & Peter Shunny,,WFA_TXT
5c97aaf251,1995_worlds,Open Dbls Net,1,,Kenny Shults & Randy Mulder,,WFA_TXT
65ae0af5b0,1995_worlds,Open Dbls Net,2,,Alf Marcussen & Brent Welch,,WFA_TXT
b71d9be032,1995_worlds,Open Dbls Net,3,,Remi Kristensen & Allan Petersen,,WFA_TXT
8ce208c0c3,1995_worlds,Open Golf,1,Davie Piper,,,WFA_TXT
661420fd33,1995_worlds,Open Golf,2,Steve Smith,,,WFA_TXT
5c5881fba7,1995_worlds,Open Golf,3,Allan Petersen,,,WFA_TXT
7453007b18,1995_worlds,Open Sgls 5-min Consecutive,1,Kenny Shults,,,WFA_TXT
316d2b1a49,1995_worlds,Open Sgls 5-min Consecutive,2,Sean Flynn,,,WFA_TXT
24e2784c87,1995_worlds,Open Sgls 5-min Consecutive,3,Andy Linder,,,WFA_TXT
e80bc74505,1995_worlds,Open Sgls Freestyle,1,Peter Irish,,,WFA_TXT
533d016507,1995_worlds,Open Sgls Freestyle,2,Eric Wulff,,,WFA_TXT
6ff2fd77b8,1995_worlds,Open Sgls Freestyle,3,Greg Nelson,,,WFA_TXT
45f3e99877,1995_worlds,Open Sgls Net,1,Randy Mulder,,,WFA_TXT
a96015d3be,1995_worlds,Open Sgls Net,2,Danny Borsky,,,WFA_TXT
70b3d08d8c,1995_worlds,Open Sgls Net,3,Alf Marcussen,,,WFA_TXT
fc50376b1b,1995_worlds,Open Team Freestyle,1,,Greg Nelson & Tuan Vu,,WFA_TXT
e87d5454af,1995_worlds,Open Team Freestyle,2,,Peter Irish & Eric Wulff,,WFA_TXT
b7c5ac8386,1995_worlds,Women's Dbls Distance Consecutive,1,,Jody Welch & Tricia George,,WFA_TXT
c63869b86f,1995_worlds,Women's Dbls Distance Consecutive,2,,Julie Symons & Lisa McDaniel,,WFA_TXT
a3825145a1,1995_worlds,Women's Dbls Distance Consecutive,3,,Sam Conlon & Lisa Monti,,WFA_TXT
f52bbbd5e6,1995_worlds,Women's Dbls Net,1,,Tricia George & Jody Welch,,WFA_TXT
486504e09c,1995_worlds,Women's Dbls Net,2,,Julie Symons & Lisa McDaniel,,WFA_TXT
a9d80deb39,1995_worlds,Women's Dbls Net,3,,Constance Constable & Tina Lewis,,WFA_TXT
90f72adf4c,1995_worlds,Women's Golf,1,Julie Symons,,,WFA_TXT
3bac7bcb17,1995_worlds,Women's Golf,2,Tricia George,,,WFA_TXT
64eae03993,1995_worlds,Women's Golf,3,Heather Muggleton,,,WFA_TXT
7ab79ac2ce,1995_worlds,Women's Overall,1,Tricia George,,,WFA_TXT
d0b6c1883e,1995_worlds,Women's Sgls 5-min Consecutive,1,Tricia George,,,WFA_TXT
a11ae27402,1995_worlds,Women's Sgls 5-min Consecutive,2,Sam Conlon,,,WFA_TXT
beee27c61a,1995_worlds,Women's Sgls 5-min Consecutive,3,Jody Welch,,,WFA_TXT
bddd93f07d,1995_worlds,Women's Sgls Freestyle,1,Sam Conlon,,,WFA_TXT
390f958e5a,1995_worlds,Women's Sgls Freestyle,2,Carol Wedemeyer,,,WFA_TXT
82e9df188c,1995_worlds,Women's Sgls Freestyle,3,Tricia George,,,WFA_TXT
0180b5fb9c,1995_worlds,Women's Sgls Net,1,Jody Welch,,,WFA_TXT
15107130f2,1995_worlds,Women's Sgls Net,2,Lisa McDaniel,,,WFA_TXT
f89972c7b0,1995_worlds,Women's Sgls Net,3,Julie Symons,,,WFA_TXT
13e803fcb1,1995_worlds,Women's Team Freestyle,1,,Lisa Monti & Carol Wedemeyer,,WFA_TXT
23951295eb,1995_worlds,Women's Team Freestyle,2,,Julie Symons & Lisa McDaniel,,WFA_TXT
4620ca7c51,1995_worlds,Women's Team Freestyle,3,,Becca English-Ross & Tricia George,,WFA_TXT
4a42ef656c,1996_worlds,Men's Overall,1,Allan Petersen,,,WFA_TXT
e5a28a42e6,1996_worlds,Mixed Dbls Net,1,,Jody Welch & Brent Welch,,WFA_TXT
e565b3aeb1,1996_worlds,Mixed Dbls Net,2,,Julie Symons & Randy Mulder,,WFA_TXT
f8a3a11ded,1996_worlds,Mixed Dbls Net,3,,Lisa McDaniel & Sebastien Verdy,,WFA_TXT
f06af70eb8,1996_worlds,Open Dbls Distance Consecutive,1,,Alf Marcussen & Brent Welch,,WFA_TXT
571492d0c8,1996_worlds,Open Dbls Distance Consecutive,2,,Allan Petersen & Peter Shunny,,WFA_TXT
3759147f1d,1996_worlds,Open Dbls Distance Consecutive,3,,Sean Flynn & Jim Caveney,,WFA_TXT
a7355ba0b1,1996_worlds,Open Dbls Net,1,,Sebastien Verdy & Emmanuel Bouchard,,WFA_TXT
37897aed94,1996_worlds,Open Dbls Net,2,,Kenny Shults & Randy Mulder,,WFA_TXT
72718f0ddb,1996_worlds,Open Dbls Net,3,,Brent Welch & Alf Marcussen,,WFA_TXT
1e47aa0e82,1996_worlds,Open Golf,1,Steve Smith,,,WFA_TXT
d3107eca3f,1996_worlds,Open Golf,2,Allan Petersen,,,WFA_TXT
7d07d46d0e,1996_worlds,Open Golf,3,Peter Shunny,,,WFA_TXT
f6eacd939d,1996_worlds,Open Sgls 5-min Consecutive,1,Sean Flynn,,,WFA_TXT
913a4dedca,1996_worlds,Open Sgls 5-min Consecutive,2,Derrick Fogle,,,WFA_TXT
eb79c17a9d,1996_worlds,Open Sgls 5-min Consecutive,3,Steve Smith,,,WFA_TXT
a122735ef0,1996_worlds,Open Sgls Freestyle,1,Rick Reese,,,WFA_TXT
e12638965d,1996_worlds,Open Sgls Freestyle,2,Scott Davidson,,,WFA_TXT
93477fd4b0,1996_worlds,Open Sgls Freestyle,3,Eric Wulff,,,WFA_TXT
f6c750ce19,1996_worlds,Open Sgls Net,1,Sebastien Verdy,,,WFA_TXT
b06866baa8,1996_worlds,Open Sgls Net,2,Kenny Shults,,,WFA_TXT
049f34fd07,1996_worlds,Open Sgls Net,3,Randy Mulder,,,WFA_TXT
ec7b226e7a,1996_worlds,Open Team Freestyle,1,,Peter Irish & Eric Wulff,,WFA_TXT
6bb0b8692c,1996_worlds,Open Team Freestyle,2,,Greg Nelson & Tuan Vu,,WFA_TXT
6b7df3cc13,1996_worlds,Open Team Freestyle,3,,Rick Reese & Daryl Genz,,WFA_TXT
97a6978f15,1996_worlds,Women's Dbls Distance Consecutive,1,,Jody Welch & Julie Symons,,WFA_TXT
daf0ef4891,1996_worlds,Women's Dbls Distance Consecutive,2,,Sam Conlon & Lisa McDaniel,,WFA_TXT
3056f93561,1996_worlds,Women's Dbls Distance Consecutive,3,,Becca English-Ross & Tina Lewis,,WFA_TXT
9b812bdb31,1996_worlds,Women's Dbls Net,1,,Julie Symons & Jody Welch,,WFA_TXT
2fe3a911bd,1996_worlds,Women's Dbls Net,2,,Lisa McDaniel & Evanne LaMarche,,WFA_TXT
1f52dd9b4e,1996_worlds,Women's Dbls Net,3,,Tina Lewis & Becca English-Ross,,WFA_TXT
f0b4c33ec7,1996_worlds,Women's Golf,1,Becca English-Ross,,,WFA_TXT
56e1be907b,1996_worlds,Women's Golf,2,,Julie Symons & Evanne LaMarche,,WFA_TXT
983beef923,1996_worlds,Women's Golf,3,Valeria Davidson,,,WFA_TXT
e289f93b6c,1996_worlds,Women's Overall,1,Becca English-Ross,,,WFA_TXT
0ea656cc30,1996_worlds,Women's Sgls 5-min Consecutive,1,Ida Fogle,,,WFA_TXT
3ecefd657d,1996_worlds,Women's Sgls 5-min Consecutive,2,Sam Conlon,,,WFA_TXT
09c89f8f36,1996_worlds,Women's Sgls 5-min Consecutive,3,Jody Welch,,,WFA_TXT
0b630a586c,1996_worlds,Women's Sgls Freestyle,1,Sam Conlon,,,WFA_TXT
deb582f8f7,1996_worlds,Women's Sgls Freestyle,2,Carol Wedemeyer,,,WFA_TXT
a0b9930ac0,1996_worlds,Women's Sgls Freestyle,3,,Kendall KIC & Becca English-Ross,,WFA_TXT
427ceacf9c,1996_worlds,Women's Sgls Net,1,Lisa McDaniel,,,WFA_TXT
243af2938a,1996_worlds,Women's Sgls Net,2,Julie Symons,,,WFA_TXT
8b875786c1,1996_worlds,Women's Sgls Net,3,Tina Lewis,,,WFA_TXT
72a24c0a27,1996_worlds,Women's Team Freestyle,1,,Lisa McDaniel & Sam Conlon,,WFA_TXT
cd4da126a8,1996_worlds,Women's Team Freestyle,2,,Carol Wedemeyer & Lisa Monti,,WFA_TXT
67366b5fba,1996_worlds,Women's Team Freestyle,3,,Kendall KIC & Becca English-Ross,,WFA_TXT
