event_id,year,event_name,date,location,host_club,event_type,results_raw,placements_json,rejected_division_headers,placements
1001905008,2001,Fall Footbag Party,"October 20-21, 2001","Manassas, Virginia, United States",D.C. All-Stars,mixed,"The 1st Annual Virginia Fall Footbag Party was a big success!  We played
Awards:
Farthest Traveled: James ""The Legend"" Harley, South Carolina
Spirit Award: Andy, Teddy, Justin, and Alex, some talented and inspired
Biggest Spike: Jeff Bowling powering a sole push into Vince Bradley's
Best Prank: Teddy leaving the party without knowing that his toenails were",[],0,0.0
1003802417,2001,II Torneo Hacky Sack,"November 9, 2001","Hermosillo, Mexico",,net,"El evento empezará apartir de la 1:00 del mediodia (ya no estará
Está abierto para cualquier persona.
Las inscripciones se haran via internet ( en los correos
El costo será el siguiente para las diferentes categorias:
*Red (2 vs 2)    $10.00 por equipo
*Free Style       $ 5.00 por persona
*Hackys ( equipo de cuatro)    $20.00 por equipo
RED = es muy parecido a  tennis o volley ball pero con hacky, se juega
FREE STYLE = consiste en una sola persona dar el mayor número de
En caso de que participen en las tres modalidades se les hará un
En caso de necesitar mas informacion no dudes en contactarnos
SEGUNDO TORNEO DE HACKY SACK : HACKY WAR, junto a sus",[],0,0.0
1015198403,2002,Footbag Barbarian Training Camp,"June 22-23, 2002","Manassas, Virginia, United States",D.C. All-Stars,social,"Awards:
Most Promising Beginner:  Bobby (age 14)
Farthest Traveled:  James ""The Legend"" Harley (Columbia, SC) and Mark Daniels
(Cleveland, OH)
Overcoming Adversity Award:  Allison Smith (Point Lookout, MD) for driving on",[],0,0.0
1034212755,2002,Fall Footbag Party 2002,"October 26-27, 2002","Ocean City, Maryland, United States",D.C. All-Stars,mixed,City!  Saturday we played freestyle and net.  Sunday we rode the Ocean Bowl,[],0,0.0
1035042753,2002,SwissJam No. 6 1/2 (Bootfägers Shred #2),"October 26, 2002","Hochwald, Switzerland",Bootfägers Basel,mixed,"|||||||||||||||  26. oktober 2002 von 13.30 bis ca. 20.00 uhr
||||||||||||||| |||||||||||||||||||||
ANREISE: wie ihr nach basel sbb kommt, überlass ich euch. von da an empfielt
Tram BVB 2
Richtung Basel Eglisee Schlaufe
---------umsteigen------------
Bus BVB 34
Richtung Riehen Habermatten",[],0,0.0
1043370312,2003,4th Annual UCSF Footbag Jam,"March 29-30, 2003","San Francisco, California, United States",,mixed,"Dates are set.  No comp, just jamming.  We'll be shredding at the Milberry
Union conference center located at 500 Parnassus Avenue, San Francisco, CA.
Sunil a
""HOST"" HOTEL INFORMATION - Though not necessarily a host hotel, per se...
BEST INN
2707 Lombard Street
San Francisco, CA 94123
Rates: $58 one bed, $68 two beds (quad occupancy)
415 567 2425 or 1-800-237-8466.",[],0,0.0
1054616435,2003,1st Annual Eugene Freestyle Festival,"October 18-19, 2003","Eugene, Oregon, United States",,freestyle,"Open shred 30: 1 Red Husted, 2 Nate Linscott, 3 Jason Hall.
Intermediate shred 30: 1James Erickson, 2 Tricia George, 3 Becca Ross
Big trick- James Erickson- smog, pixie ducking butterfly, Paul Vorvick- spinn",[],0,0.0
1059060870,2003,Footbag Hall of Fame East/West Celebration,"August 30, 2003","Salem, OR / Harrisburg, PA, USA",,social,"This year's Footbag Hall of Fame inductees
In the East:
Funtastik
In the West:
Beaver Open",[],0,0.0
1061921260,2003,Pre Season Footbag Golf Open,"August 26, 2003","Paris, France",Rien N'est Hacky - RNH Footbag,golf,"Hole 1
Grischa 4
Marco 6
Hole 2
Grischa 2
Marco 6
Hole 3
Grischa 2
Marco 5
Hole 4
Grischa 5
Marco 3
Hole 5
Grischa 3
Marco 5
Hole 6
Grischa 4
Marco 4
TOTAL
Grischa 20
Marco 29
Grischa 20/6 = 3.33
Marco 29/6 = 4.83
Grischa",[],0,0.0
1063109533,2003,2003 Philly Area Oktoberfest Freestyle Jam,"September 21, 2003","Ambler, Pennsylvania, United States",Philly Footworks,freestyle,"What: 12th Annual Ambler Oktoberfest
When: September 21, 2003 12:00-5:00 pm (shredding starting at ~
1:00pm)
Where: Butler Avenue and Spring Garden Street in Ambler, PA
(mapquest it, take the SEPTA R5 toward Doyelstown, or e-mail me for
Why: Shredding is fun.
Hope to see you there!
Bob Green",[],0,0.0
1064245646,2003,Swissjam,"November 29, 2003","Regina Mundi Fribourg, Switzerland",,social,"Gruz
Shang Lee, Fribourg",[],0,0.0
1069415266,2003,"Party Golf @ ""Salon de l'Education""","November 21-23, 2003","Paris, France",Rien N'est Hacky - RNH Footbag,golf,"Frist Game
Players : Fred Touzelet, Max Boucoiran, Grischa Tellenbach + Special Guest Ya
Fred  Max Grischa  Par
Hole 1   5     6    7       5
Hole 2   4     4    4       3
Hole 3   5     6    5       5
Hole 4   6     5    5       4
Hole 5   5     4    7       4
Hole 6   4     5    4       4
Total    29    30   32      25
Second Game
Fred  Max Grischa  Par
Hole 1   7     4    6       5
Hole 2   5     4    6       4
Hole 3   3     2    2       3
Hole 4   7     4    6       5
Hole 5   5     4    7       4
Hole 6   4     5    4       4
Hole 7   5     4    4       4
Total    36    27   35      29
Third Game
Fred  Max   Par
Hole 1   6     6     5
Hole 2   6     6     4
Hole 3   3     4     3
Hole 4   5     6     5
Hole 5   5     6     4
Hole 6   4     4     4
Hole 7   4     4     4
Total    34    36    29
Forth Game
Fred  Max Grischa  Ya    Par
Hole 1   5     9    6       7     5
Hole 2   3     5    6       6     4
Hole 3   4     4    3       4     3
Hole 4   5     6    6       8     5
Hole 5   4     4    4       6     4
Hole 6   5     4    4       7     4
Hole 7   5     5    4       5     4
Total    31    37   33      43    29
G*",[],0,0.0
1070400528,2003,West Coast Xmas Shred,"December 28, 2003","San Francisco, California, United States",,freestyle,"DRIVING DIRECTIONS:
Coming from areas north of San Francisco:
Take US-101 south across the bay bridge, and continue on Park Presidio south through
LEFT onto Lincoln Way, which is the first intersection after the park. (If you can't
Watch for pedestrians. Turn LEFT into the Milberry Union garage just past the
Coming from areas south of San Francisco:
Laguna Honda, you've gone too far. But you can turn left on Laguna Honda and meet
Judah/Parnassus heading eastbound). Go through some stop signs and up the hill 'til
""footbag event"".
Coming from anywhere else, use Mapquest and read the detailed part above as you get",[],1,0.0
1079664495,2004,May Day '04,"May 1-2, 2004","B.C., Canada",Victoria Footbag,social,"Ricky	97	29	3.3	21	166.3
Dylan	104	30	3.5	22	181
Justin	95	28	3.4	18	156.2
Kevin	74	26	2.9	10	103
Greg	59	27	2.2	11	83.2
Brett	74	26	2.8	15	116",[],0,0.0
1091802943,2004,2004 Texas State Footbag Championships,"November 13, 2004","Austin, Texas, United States",Austin Style Footbag Club - Texas Footbag League,freestyle,,[],0,0.0
1093115479,2004,2nd Annual SoCal Labor Day Jam,"September 5, 2004","Claremont, California, United States",,social,"West Dorm
425 E. 12th St.
Claremont, CA 91711
You can find driving directions",[],0,0.0
1106561176,2005,Aachen Indoor Open 05,"March 5-6, 2005","Aachen, Germany",TSK Aachen e.V.,freestyle,"Freestyle
1. Nils 16,5p	7 Drops
2. Sean 15,3p	6 Drops
3. Justin 14,2	12 Drops
4. Andre 11,8p	9 Drops
5. Etienne 8,4p	13 Drops
Open Singles
Viertelfinale 1/4Finals
Flo - Hannes	16:14,15:12
Chris - Max	??:??,??:??
Phipsn - Eurik	??:??,??:??
Thomas - Andy	9:15,11:15
Halbfinale / semifinals
Flo - Chris	 ??:??,??:??
Phipsn - Andy	??:??,??:??
Finale (1st)
Flo - Andy	15:??, 15:??
Dritter Platz (3rd)
Phipsn - Chris	??:15, ??:15
Open Doubles
Viertelfinale(1/4) 	Halbfinale (1/2)         Finale
Andy/Phipsn	??
Jonas/Andreas	??	Andy/Phipsn	?? ??
Chris/Hannes	15 15	Chris/Hannes	?? ??
Eurik/Markus	12 01	 		            Andy/Phipsn	04 12
Thomas/Yassin	15 15	 		           Max/Flo	15 15
Yannik/Torsten	02 00 Thomas/Yassin	?? ??
Dritter Platz (3rd)
Adrian/Lukas	01 10	Max/Flo	?? ??	      Chris/Hannes	12 15 15
Max/Flo	15 15	 	 	                  Yassin/Thomnas	15 08 06","[{""division_raw"": ""Freestyle"", ""division_canon"": ""Freestyle"", ""division_category"": ""freestyle"", ""place"": 1, ""competitor_type"": ""player"", ""player1_name"": ""Nils"", ""player2_name"": """", ""entry_raw"": ""Nils 16,5p 7 Drops"", ""parse_confidence"": ""high"", ""notes"": """"}, {""division_raw"": ""Freestyle"", ""division_canon"": ""Freestyle"", ""division_category"": ""freestyle"", ""place"": 2, ""competitor_type"": ""player"", ""player1_name"": ""Sean"", ""player2_name"": """", ""entry_raw"": ""Sean 15,3p 6 Drops"", ""parse_confidence"": ""high"", ""notes"": """"}, {""division_raw"": ""Freestyle"", ""division_canon"": ""Freestyle"", ""division_category"": ""freestyle"", ""place"": 3, ""competitor_type"": ""player"", ""player1_name"": ""Justin"", ""player2_name"": """", ""entry_raw"": ""Justin 14,2 12 Drops"", ""parse_confidence"": ""high"", ""notes"": """"}, {""division_raw"": ""Freestyle"", ""division_canon"": ""Freestyle"", ""division_category"": ""freestyle"", ""place"": 4, ""competitor_type"": ""player"", ""player1_name"": ""Andre"", ""player2_name"": """", ""entry_raw"": ""Andre 11,8p 9 Drops"", ""parse_confidence"": ""high"", ""notes"": """"}, {""division_raw"": ""Freestyle"", ""division_canon"": ""Freestyle"", ""division_category"": ""freestyle"", ""place"": 5, ""competitor_type"": ""player"", ""player1_name"": ""Etienne"", ""player2_name"": """", ""entry_raw"": ""Etienne 8,4p 13 Drops"", ""parse_confidence"": ""high"", ""notes"": """"}, {""division_raw"": ""Open Doubles"", ""division_canon"": ""Open Doubles"", ""division_category"": ""freestyle"", ""place"": 1, ""competitor_type"": ""player"", ""player1_name"": ""Viertelfinale(1/4) Halbfinale (1/2) Finale"", ""player2_name"": """", ""entry_raw"": ""Viertelfinale(1/4) Halbfinale (1/2) Finale"", ""parse_confidence"": ""high"", ""notes"": """"}]",0,0.0
1113844078,2005,Footbag Camp Croatia 2005,"August 5-14, 2005","Baska Voda Praha-vychod, Czech Republic",Czech Footbag Association,golf,"The costs are 6000,- Kc tax included (+350,- Kc for Bus transportation Prague-Brno-Prague:
Accomodation in family tents (you wont be using them much:) 7 nights
Full pension (breakfast, lunch, dinner)
Services of TOMI TOUR delegate
Morning running and warmup
(under the supervision of Ales Zelinka)
Footbag theory hour
Specific footbag training
Shred
Contest (in swimming, arm wresling, football, footbag golf, 4square, ..etc)",[],0,0.0
1172329753,2007,Shercle Session #3 - Estonian Footbag Camp,"February 24, 2007","Vinni, Harjumaa, Estonia",Tallinn Footbag Club,social,"Transportation wise we'd recommend any ferry line between
Tallinn-Helsinki (or Stockholm), Eurolines bus company, EasyJet for
Berlin-Tallinn, and Estonian Air for many other destinations.
Alternative budget airlines such as airBaltic and RyanAir fly into Riga
Both are veeery nice places.
Registration deadline is set to March 31st, the first ten to sign up",[],0,0.0
1186079315,2007,7th Swiss National Footbag Championship,"September 15-16, 2007","Aarau, Aargau, Switzerland",unBAGrenzt Aarau,mixed,"The 7th Swiss National Footbag Championship will taken place in Aarau. The
Tournament is on Sunday, 16.9.2007.
Only Swiss people can compete in routines. But everybody can compete in shred
30s and sick3.",[],0,0.0
1189657133,2007,New Years Footbag Jam '07,"December 28-30, 2007","Chicago, Illinois, United States",MIDWEST FOOTBAG ASSOCIATION,freestyle,"10AM to 4PM All 3 Days at McCormick Place Site
New Year's Jam - Midwest - December 28-30, 2006
-Friday, Saturday & Sunday
-10 to 4, All three days
-Free to All Spectators!
-Rooms at the Hyatt, usually $300+, only $83
-Freestyle
-Four-Square
-Two-Square
-Footbag Net Demonstrations
EVENT SCHEDULE:
-Friday:  Sick 1, Sick 3
-Saturday:  4 Square, Circle Competition
Novice Tricks & Consecutives Challenge
-Sunday:    Rippin' Run
Hotel Info:
HYATT REGENCY McCORMICK PLACE
2233 S. Martin L. King Dr.
Chicago, IL 60616-9985
Tel: +1 312 567 1234 and ask for Reservations.
See ya there!
Scott Davidson","[{""division_raw"": ""Unknown"", ""division_canon"": ""Unknown"", ""division_category"": ""freestyle"", ""place"": 10, ""competitor_type"": ""player"", ""player1_name"": ""AM to 4PM All 3 Days at McCormick Place Site"", ""player2_name"": """", ""entry_raw"": ""AM to 4PM All 3 Days at McCormick Place Site"", ""parse_confidence"": ""medium"", ""notes"": ""no division header found"", ""player1_id"": ""df141d70-3d6c-5f3e-9c05-33a55f5474a4""}, {""division_raw"": ""-Friday: Sick 1, Sick 3"", ""division_canon"": ""-Friday: Sick 1, Sick 3"", ""division_category"": ""freestyle"", ""place"": 1, ""competitor_type"": ""team"", ""player1_name"": ""Saturday: 4 Square"", ""player2_name"": ""Circle Competition"", ""entry_raw"": ""Saturday: 4 Square, Circle Competition"", ""parse_confidence"": ""high"", ""notes"": """", ""player2_id"": ""f92cdd57-916d-54ef-8c2f-68fff4c48e61""}, {""division_raw"": ""Novice Tricks & Consecutives Challenge"", ""division_canon"": ""Novice Tricks & Consecutives Challenge"", ""division_category"": ""freestyle"", ""place"": 1, ""competitor_type"": ""player"", ""player1_name"": ""Sunday: Rippin' Run"", ""player2_name"": """", ""entry_raw"": ""Sunday: Rippin' Run"", ""parse_confidence"": ""high"", ""notes"": """", ""player1_id"": ""767616ef-9a30-5d1d-b148-0ec3ae615b22""}]",0,0.0
1200325415,2008,Greater Rochester Area Shred Symposium 2008,"April 18-20, 2008","Rochester, New York, United States",The Rochester Footbag Association,freestyle,"GRASS = Greater Rochester Area Shred Symposium
That's right people, GRASS 2008 is happening. The Rochester Footbag
Association and the RIT Juggling Club are joining forces once again to bring
CONTACTS:
Mike Anello - 585-455-9706
Paul Agostinelli - 585-309-1518
DATES AND TIMES:
Friday, April 18
: Day 1, Open Shred in the Clark Gym
6:00 pm - 10:30 pm - Open shred in the Clark gym at RIT.
Saturday, April 19
12:00 pm - 3:00 pm - Competitions.
3:00 pm - ? - Open shred.
Sunday, April 20
: Last day of GRASS.
? - Open shred somewhere on RIT camus. Details coming soon.
MAPS:
Rochester Institute of Technology (click for map)
Clark Gym - Building 3 (click for map)
REGISTRATION FOR EVENTS:
Saturday, April 19, 11:00 AM - 12:00 PM (noon) - Your window of opportunity.
EVENTS:
Sick 1 - Best single trick you can execute.
Sick 3 - Best combination of three tricks you can string together.
TEN - Hit any move of your choice 10 times consecutively.
Circle - Good old-fashioned circle kicking.
Routines - 2 minute routines choreographed to music.
PRIZES:
Footbags (Jay Boychuk, Matt Cross, Josiah Digges, Waylon Lew, Hania Mickiewicz)
Tshirts (GRASS 2008)
HOTEL:
Radisson Hotel (click for directions)
175 Jefferson Road
Rochester, NY 14623
HOTEL RESERVATIONS:
$89.00 1 King Size Bed *
$99.00 2 Double Beds *
* To receive a discounted room rate, you must:
1) Make reservations by phone (888) 201-1718.
(click for reservation
2) State that you are with the RIT JuggleIn Block.
3) If you are asked for a discount code it is ""juggle"".
HOTEL AMENITIES:
IN ROOM - FREE Internet, Microwave, Fridge
IN HOTEL - Indoor Pool, Fitness Room
TRAVEL - Shuttle service to RIT campus.
ATTENDEES:
Paul Agostinelli
Mike Anello
Gordon Bevier
Jay Boychuk (Open: Routines, Sick 1, Sick 3, TEN, Circle)
David Clavens
Aidan Clemente
Brian Cooper
Matt Cross
Dan Cyr (Intermediate: Sick 1)
Chris Dean
Josiah Digges
Will Digges (Open: Sick 1, Sick 3, TEN, Circle)
Pengpeng Du
Sebastien Duchesne
Zach Forth
Mathieu Gauthier
Matt Kemmer (Open: Sick 3, Circle)
Colin Kennedy
Drew Krause
Chad Landry
Waylon Lew
James McCullough
Aric McIntosh
Zac Miley (Open: Routines, Sick 1, Sick 3, TEN, Circle)
Jorden Moir (Open: Sick 1, Sick 3, TEN, Circle)
Tom Mosher
Danny Petrick (Open: Circle)
Ianek Regimbald
Ben Roscoe (Open: Routines, Circle)
Jonathan Schneider
Johnny Suderman (Open: Routines, Sick 1, Sick 3, TEN, Circle)
Doug Tank
Kyle Thompson
Pat Thomsen
GRASS 2008 T-Shirt
Sizes: Small, Medium, Large
Cost: $10
Available: Only at GRASS 2008
Click image for larger view.
Routines:
1 - Gordon Bevier
2 - Jay Boychuk
3 - Zach Forth
Sick 1:
1 - Jorden Moir (Reverse Marius)
2 - Will Digges (Pixie Paradon Swirl)
3 - Zack Forth (Stepping Same Side Eggbeater)
Sick 3:
1 - Will Digges (Alpine Blurry Whirl > Janiwalker > Whirlygig)
2 - Jorden Moir (Janiwalker > Bedwetter > Paradon Swirl)
3 - Matt Kemmer (Spinning Paradox Mirage > Toe Blur > Symposium Whirl)
TEN:
1 - Will Digges (Blurry Whirl)
2 - Tom Mosher (Flying Toe)
3 - Jay Boychuk (Ripwalk)
Circle:
1 - Jorden Moir
2 - Gordon Bevier
3 - Ianek Regimbald","[{""division_raw"": ""Routines"", ""division_canon"": ""Routines"", ""division_category"": ""freestyle"", ""place"": 1, ""competitor_type"": ""player"", ""player1_name"": ""Gordon Bevier"", ""player2_name"": """", ""entry_raw"": ""Gordon Bevier"", ""parse_confidence"": ""high"", ""notes"": """", ""player1_id"": ""cf2cf0ab-b402-59bf-b4c1-c2c3759e8be1""}, {""division_raw"": ""Routines"", ""division_canon"": ""Routines"", ""division_category"": ""freestyle"", ""place"": 2, ""competitor_type"": ""player"", ""player1_name"": ""Jay Boychuk"", ""player2_name"": """", ""entry_raw"": ""Jay Boychuk"", ""parse_confidence"": ""high"", ""notes"": """", ""player1_id"": ""9b10bf9b-e76b-5f37-b7b2-1e61bf3b42a8""}, {""division_raw"": ""Routines"", ""division_canon"": ""Routines"", ""division_category"": ""freestyle"", ""place"": 3, ""competitor_type"": ""player"", ""player1_name"": ""Zach Forth"", ""player2_name"": """", ""entry_raw"": ""Zach Forth"", ""parse_confidence"": ""high"", ""notes"": """", ""player1_id"": ""f8bd4075-1c6b-58e1-9c91-ad2d1e788d0c""}, {""division_raw"": ""Sick 1"", ""division_canon"": ""Sick 1"", ""division_category"": ""freestyle"", ""place"": 1, ""competitor_type"": ""player"", ""player1_name"": ""Jorden Moir (Reverse Marius)"", ""player2_name"": """", ""entry_raw"": ""Jorden Moir (Reverse Marius)"", ""parse_confidence"": ""high"", ""notes"": """", ""player1_id"": ""0db5420f-9989-5008-9d73-aafbddbc29d4""}, {""division_raw"": ""Sick 1"", ""division_canon"": ""Sick 1"", ""division_category"": ""freestyle"", ""place"": 2, ""competitor_type"": ""player"", ""player1_name"": ""Will Digges (Pixie Paradon Swirl)"", ""player2_name"": """", ""entry_raw"": ""Will Digges (Pixie Paradon Swirl)"", ""parse_confidence"": ""high"", ""notes"": """", ""player1_id"": ""2a3e6055-eded-5c31-a69a-ea015ff89490""}, {""division_raw"": ""Sick 1"", ""division_canon"": ""Sick 1"", ""division_category"": ""freestyle"", ""place"": 3, ""competitor_type"": ""player"", ""player1_name"": ""Zack Forth (Stepping Same Side Eggbeater)"", ""player2_name"": """", ""entry_raw"": ""Zack Forth (Stepping Same Side Eggbeater)"", ""parse_confidence"": ""high"", ""notes"": """", ""player1_id"": ""c95d567d-11f6-5e4e-906e-50ce6f07dd7a""}, {""division_raw"": ""Sick 3"", ""division_canon"": ""Sick 3"", ""division_category"": ""freestyle"", ""place"": 1, ""competitor_type"": ""player"", ""player1_name"": ""Will Digges"", ""player2_name"": """", ""entry_raw"": ""Will Digges (Alpine Blurry Whirl > Janiwalker > Whirlygig)"", ""parse_confidence"": ""low"", ""notes"": ""suspicious characters in entry"", ""player1_id"": ""bb256f40-2d1d-57b0-98ef-8dd811ae2486""}, {""division_raw"": ""Sick 3"", ""division_canon"": ""Sick 3"", ""division_category"": ""freestyle"", ""place"": 2, ""competitor_type"": ""player"", ""player1_name"": ""Jorden Moir"", ""player2_name"": """", ""entry_raw"": ""Jorden Moir (Janiwalker > Bedwetter > Paradon Swirl)"", ""parse_confidence"": ""low"", ""notes"": ""suspicious characters in entry"", ""player1_id"": ""c865b971-a3c3-5774-80af-895e4af6929b""}, {""division_raw"": ""Sick 3"", ""division_canon"": ""Sick 3"", ""division_category"": ""freestyle"", ""place"": 3, ""competitor_type"": ""player"", ""player1_name"": ""Matt Kemmer"", ""player2_name"": """", ""entry_raw"": ""Matt Kemmer (Spinning Paradox Mirage > Toe Blur > Symposium Whirl)"", ""parse_confidence"": ""low"", ""notes"": ""suspicious characters in entry"", ""player1_id"": ""ec981f6a-79ee-55d2-bd4a-59d80b66f27e""}, {""division_raw"": ""TEN"", ""division_canon"": ""Ten"", ""division_category"": ""freestyle"", ""place"": 1, ""competitor_type"": ""player"", ""player1_name"": ""Will Digges (Blurry Whirl)"", ""player2_name"": """", ""entry_raw"": ""Will Digges (Blurry Whirl)"", ""parse_confidence"": ""high"", ""notes"": """", ""player1_id"": ""f30e1b8e-4907-5874-994e-bd1cac698ad8""}, {""division_raw"": ""TEN"", ""division_canon"": ""Ten"", ""division_category"": ""freestyle"", ""place"": 2, ""competitor_type"": ""player"", ""player1_name"": ""Tom Mosher (Flying Toe)"", ""player2_name"": """", ""entry_raw"": ""Tom Mosher (Flying Toe)"", ""parse_confidence"": ""high"", ""notes"": """", ""player1_id"": ""cf8927db-8e29-5ac0-b568-fdfb37703708""}, {""division_raw"": ""TEN"", ""division_canon"": ""Ten"", ""division_category"": ""freestyle"", ""place"": 3, ""competitor_type"": ""player"", ""player1_name"": ""Jay Boychuk (Ripwalk)"", ""player2_name"": """", ""entry_raw"": ""Jay Boychuk (Ripwalk)"", ""parse_confidence"": ""high"", ""notes"": """", ""player1_id"": ""be42bdc0-7107-5a10-b951-ecf542391e65""}, {""division_raw"": ""Circle"", ""division_canon"": ""Circle"", ""division_category"": ""freestyle"", ""place"": 1, ""competitor_type"": ""player"", ""player1_name"": ""Jorden Moir"", ""player2_name"": """", ""entry_raw"": ""Jorden Moir"", ""parse_confidence"": ""high"", ""notes"": """", ""player1_id"": ""c865b971-a3c3-5774-80af-895e4af6929b""}, {""division_raw"": ""Circle"", ""division_canon"": ""Circle"", ""division_category"": ""freestyle"", ""place"": 2, ""competitor_type"": ""player"", ""player1_name"": ""Gordon Bevier"", ""player2_name"": """", ""entry_raw"": ""Gordon Bevier"", ""parse_confidence"": ""high"", ""notes"": """", ""player1_id"": ""cf2cf0ab-b402-59bf-b4c1-c2c3759e8be1""}, {""division_raw"": ""Circle"", ""division_canon"": ""Circle"", ""division_category"": ""freestyle"", ""place"": 3, ""competitor_type"": ""player"", ""player1_name"": ""Ianek Regimbald"", ""player2_name"": """", ""entry_raw"": ""Ianek Regimbald"", ""parse_confidence"": ""high"", ""notes"": """", ""player1_id"": ""e5b6071f-42e2-5419-ae9e-3a598c35bfd5""}]",0,0.0
1202444182,2008,Shred for Savvy,"March 22, 2008","College Park, Maryland, United States",D.C. All-Stars,mixed,"THE CHARITY
Association (COTA) in honor of Savannah (Savvy) Anselmo, a 1 year old girl who needs a
EVENTS:
We have the space until 10 but I am cooking dinner around 7ish
CRASH SPACE
As far as crash space, my roommates have given me permission to take over the house during
My address is 4815 Berwyn House Road College Park, MD 20740
OTHER FUN STUFF
-Friday the 21st Vince Bradley's band, Boxcar Collision, will be playing a show near
College Park that night.
(thanks Vince, Ken, and Ted!). Also, Stephen Barnes from planetfootbag will be sending",[],0,0.0
1238728089,2009,2009 Winter Buce League,"May 3, 2009","NSW, Australia",,social,"The Avalanches
21
The Sunflowers
15
Toecutters
12
The Scourge
11
The Hawks
10
Team Blek
10
Novice Strike Force
3
Grand Final was against Avalanches and Sunflowers. The Avalanches won 6-3.",[],0,0.0
1254724022,2010,Phoenix Open 2010,"January 16-18, 2010","Chandler, Arizona, United States",AIR-A-ZONA FOOTBAG NET CLUB,social,"> Doubles:
>
> 1. Jack Harris / Jeremy Mirken
> 2. PT Lovern / Eric Wulff
> 3. Chris Siebert / Tuan Vu
> 4. Walt Houston / Ben Alston
> 5. Rob Adams/Randy Mulder
> 6. Jody Welch/david Butcher
> 7. Dan Baron/Edwin Veltman
> 8. Sam Gregory/Greg Grundy
> 9. Lisa McDaniel/Amy Westberg
> 10. Chris Young/Brad Williams
> 11.Francois Leh/Mike Jauss
>
> Singles:
> 1. Chris Siebert
> 2. Jeremy Mirken
> 3. Walt Houston
> 4. Jack Harris
> 5. Jody Welsh
> 6. Brad Williams
> 7. Ben Alston
> 8. PT Lovern
> 9. Edwin Veltman
> 10. Chris Young
> 11. Sam Gregory
> 12. Dan Baron",[],0,0.0
1263589392,2010,FB-Golf-Hamburg,"January 30, 2010","Hamburg, Germany",Tu Wat,golf,"Footbaggolfturnier-Hamburg-2010
Torsten 6/5/5/5/11 = 32 Shoots
Paul    6/4/5/7/12 = 34 Shoots
Karl    6/6/6/8/9  = 35 Shoots
Stephan 5/4/6/9/13 = 37 Shoots
Ulrike  8/3/5/9/18 = 43 Shoots",[],0,0.0
1268338685,2010,II Spanish OPEN,"May 1-2, 2010","Rivas-Vaciamadrid, Madrid, Spain",Madrid Footbag Club,mixed,"Hey footbaggers!!
1st and 2nd of May! Dates are sure, so you can BOOK NOW!
-FREESTYLE: shred 30, sick3, request contest, big 1, routines, doubles
See you in Spain!",[],0,0.0
1360305756,2013,2013 U.S. Open Freestyle Footbag Championships,"June 29-30, 2013","Seattle, Washington, United States",Rain City Shred,freestyle,"Open Singles Routines:
1. Ken Somolinos (USA)
2. Nick Landes (USA)
3. Brian Sherrill (USA)
4. Rory Dawson (Canada)
5. Chris Dean (USA)
6. Dustin Rhodes (USA)
7. Alex Dworetzky (USA)
7. Gordon Bevier (USA)
9. Larry Workman (USA)
Open Circle Contest:
1. Nick Landes (USA)
2. Ken Somolinos (USA)
3. Chris Dean (USA)
4. Brian Sherrill (USA)
5. Alex Dworetzky (USA)
5. Dustin Rhodes (USA)
7. Joshua Munstermann (USA)","[{""division_raw"": ""Open Singles Routines"", ""division_canon"": ""Open Singles Routines"", ""division_category"": ""freestyle"", ""place"": 1, ""competitor_type"": ""player"", ""player1_name"": ""Ken Somolinos (USA)"", ""player2_name"": """", ""entry_raw"": ""Ken Somolinos (USA)"", ""parse_confidence"": ""high"", ""notes"": """", ""player1_id"": ""612525dc-da70-5f60-b7f7-1ba1bd3eda61""}, {""division_raw"": ""Open Singles Routines"", ""division_canon"": ""Open Singles Routines"", ""division_category"": ""freestyle"", ""place"": 2, ""competitor_type"": ""player"", ""player1_name"": ""Nick Landes (USA)"", ""player2_name"": """", ""entry_raw"": ""Nick Landes (USA)"", ""parse_confidence"": ""high"", ""notes"": """", ""player1_id"": ""8a3b3c88-5805-5d62-883d-98cd0a65800f""}, {""division_raw"": ""Open Singles Routines"", ""division_canon"": ""Open Singles Routines"", ""division_category"": ""freestyle"", ""place"": 3, ""competitor_type"": ""player"", ""player1_name"": ""Brian Sherrill (USA)"", ""player2_name"": """", ""entry_raw"": ""Brian Sherrill (USA)"", ""parse_confidence"": ""high"", ""notes"": """", ""player1_id"": ""60f5fa90-b6d5-54f5-a7ce-ec4e1b15ebef""}, {""division_raw"": ""Open Singles Routines"", ""division_canon"": ""Open Singles Routines"", ""division_category"": ""freestyle"", ""place"": 4, ""competitor_type"": ""player"", ""player1_name"": ""Rory Dawson (Canada)"", ""player2_name"": """", ""entry_raw"": ""Rory Dawson (Canada)"", ""parse_confidence"": ""high"", ""notes"": """", ""player1_id"": ""e759c54c-2d87-52e9-964a-0b0c77430ae7""}, {""division_raw"": ""Open Singles Routines"", ""division_canon"": ""Open Singles Routines"", ""division_category"": ""freestyle"", ""place"": 5, ""competitor_type"": ""player"", ""player1_name"": ""Chris Dean (USA)"", ""player2_name"": """", ""entry_raw"": ""Chris Dean (USA)"", ""parse_confidence"": ""high"", ""notes"": """", ""player1_id"": ""483bcf1e-2253-5f8d-b3f2-456d8751aba3""}, {""division_raw"": ""Open Singles Routines"", ""division_canon"": ""Open Singles Routines"", ""division_category"": ""freestyle"", ""place"": 6, ""competitor_type"": ""player"", ""player1_name"": ""Dustin Rhodes (USA)"", ""player2_name"": """", ""entry_raw"": ""Dustin Rhodes (USA)"", ""parse_confidence"": ""high"", ""notes"": """", ""player1_id"": ""b946ca00-afba-58ba-9fc1-443d89eb3d1e""}, {""division_raw"": ""Open Singles Routines"", ""division_canon"": ""Open Singles Routines"", ""division_category"": ""freestyle"", ""place"": 7, ""competitor_type"": ""player"", ""player1_name"": ""Alex Dworetzky (USA)"", ""player2_name"": """", ""entry_raw"": ""Alex Dworetzky (USA)"", ""parse_confidence"": ""high"", ""notes"": """", ""player1_id"": ""547a4ef7-24e3-5050-8cd7-bed0d2c6e57e""}, {""division_raw"": ""Open Singles Routines"", ""division_canon"": ""Open Singles Routines"", ""division_category"": ""freestyle"", ""place"": 7, ""competitor_type"": ""player"", ""player1_name"": ""Gordon Bevier (USA)"", ""player2_name"": """", ""entry_raw"": ""Gordon Bevier (USA)"", ""parse_confidence"": ""high"", ""notes"": """", ""player1_id"": ""3938a4c1-e681-5b5a-8de1-9888630a80ff""}, {""division_raw"": ""Open Singles Routines"", ""division_canon"": ""Open Singles Routines"", ""division_category"": ""freestyle"", ""place"": 9, ""competitor_type"": ""player"", ""player1_name"": ""Larry Workman (USA)"", ""player2_name"": """", ""entry_raw"": ""Larry Workman (USA)"", ""parse_confidence"": ""high"", ""notes"": """", ""player1_id"": ""c36fa6b6-8328-5616-973c-ac413dd7cb31""}, {""division_raw"": ""Open Circle Contest"", ""division_canon"": ""Open Circle Contest"", ""division_category"": ""freestyle"", ""place"": 1, ""competitor_type"": ""player"", ""player1_name"": ""Nick Landes (USA)"", ""player2_name"": """", ""entry_raw"": ""Nick Landes (USA)"", ""parse_confidence"": ""high"", ""notes"": """", ""player1_id"": ""8a3b3c88-5805-5d62-883d-98cd0a65800f""}, {""division_raw"": ""Open Circle Contest"", ""division_canon"": ""Open Circle Contest"", ""division_category"": ""freestyle"", ""place"": 2, ""competitor_type"": ""player"", ""player1_name"": ""Ken Somolinos (USA)"", ""player2_name"": """", ""entry_raw"": ""Ken Somolinos (USA)"", ""parse_confidence"": ""high"", ""notes"": """", ""player1_id"": ""612525dc-da70-5f60-b7f7-1ba1bd3eda61""}, {""division_raw"": ""Open Circle Contest"", ""division_canon"": ""Open Circle Contest"", ""division_category"": ""freestyle"", ""place"": 3, ""competitor_type"": ""player"", ""player1_name"": ""Chris Dean (USA)"", ""player2_name"": """", ""entry_raw"": ""Chris Dean (USA)"", ""parse_confidence"": ""high"", ""notes"": """", ""player1_id"": ""483bcf1e-2253-5f8d-b3f2-456d8751aba3""}, {""division_raw"": ""Open Circle Contest"", ""division_canon"": ""Open Circle Contest"", ""division_category"": ""freestyle"", ""place"": 4, ""competitor_type"": ""player"", ""player1_name"": ""Brian Sherrill (USA)"", ""player2_name"": """", ""entry_raw"": ""Brian Sherrill (USA)"", ""parse_confidence"": ""high"", ""notes"": """", ""player1_id"": ""60f5fa90-b6d5-54f5-a7ce-ec4e1b15ebef""}, {""division_raw"": ""Open Circle Contest"", ""division_canon"": ""Open Circle Contest"", ""division_category"": ""freestyle"", ""place"": 5, ""competitor_type"": ""player"", ""player1_name"": ""Alex Dworetzky (USA)"", ""player2_name"": """", ""entry_raw"": ""Alex Dworetzky (USA)"", ""parse_confidence"": ""high"", ""notes"": """", ""player1_id"": ""547a4ef7-24e3-5050-8cd7-bed0d2c6e57e""}, {""division_raw"": ""Open Circle Contest"", ""division_canon"": ""Open Circle Contest"", ""division_category"": ""freestyle"", ""place"": 5, ""competitor_type"": ""player"", ""player1_name"": ""Dustin Rhodes (USA)"", ""player2_name"": """", ""entry_raw"": ""Dustin Rhodes (USA)"", ""parse_confidence"": ""high"", ""notes"": """", ""player1_id"": ""b946ca00-afba-58ba-9fc1-443d89eb3d1e""}, {""division_raw"": ""Open Circle Contest"", ""division_canon"": ""Open Circle Contest"", ""division_category"": ""freestyle"", ""place"": 7, ""competitor_type"": ""player"", ""player1_name"": ""Joshua Munstermann (USA)"", ""player2_name"": """", ""entry_raw"": ""Joshua Munstermann (USA)"", ""parse_confidence"": ""high"", ""notes"": """", ""player1_id"": ""eb23b02a-4497-5e25-bdb1-93384090f599""}]",0,0.0
1401624489,2014,5th annual Helsinki Open Footbag Tournament,"June 28-29, 2014","Helsinki, Finland",Suomen Footbag Liitto ry. (Finnish Footbag Association),net,"Open Singles Net:
1. Tuomas Kärki (Finland)
2. Matti Pohjola (Finland)
3. Janne Uusitalo (Finland)
4. Piia Tantarimäki (Finland)
5. Jyri Ilama (Finland)
6. Evgeni Shiryaev (Russia)
Open Doubles Net:
1. Matti Pohjola / Janne Uusitalo (Finland)
2. Jani Säntti / Oskari Forstén (Finland)
3. Tuomas Kärki / Jyri Ilama (Finland)
4. Evgeni Shiryaev / Alexander Smirnov (Russia)
5. Jesse Ruotsalainen / Piia Tantarimäki (Finland)
6. Aleksi Airinen / Samu Ahola (Finland)","[{""division_raw"": ""Open Singles Net"", ""division_canon"": ""Open Singles Net"", ""division_category"": ""net"", ""place"": 1, ""competitor_type"": ""player"", ""player1_name"": ""Tuomas Kärki (Finland)"", ""player2_name"": """", ""entry_raw"": ""Tuomas Kärki (Finland)"", ""parse_confidence"": ""high"", ""notes"": """", ""player1_id"": ""b070f833-c24c-528c-b02d-d968cb87cfa2""}, {""division_raw"": ""Open Singles Net"", ""division_canon"": ""Open Singles Net"", ""division_category"": ""net"", ""place"": 2, ""competitor_type"": ""player"", ""player1_name"": ""Matti Pohjola (Finland)"", ""player2_name"": """", ""entry_raw"": ""Matti Pohjola (Finland)"", ""parse_confidence"": ""high"", ""notes"": """", ""player1_id"": ""2c815772-f4ac-5026-9d83-8a3dec9c7e4b""}, {""division_raw"": ""Open Singles Net"", ""division_canon"": ""Open Singles Net"", ""division_category"": ""net"", ""place"": 3, ""competitor_type"": ""player"", ""player1_name"": ""Janne Uusitalo (Finland)"", ""player2_name"": """", ""entry_raw"": ""Janne Uusitalo (Finland)"", ""parse_confidence"": ""high"", ""notes"": """", ""player1_id"": ""ab36c80f-e625-51f1-b814-9380c47a245d""}, {""division_raw"": ""Open Singles Net"", ""division_canon"": ""Open Singles Net"", ""division_category"": ""net"", ""place"": 4, ""competitor_type"": ""player"", ""player1_name"": ""Piia Tantarimäki (Finland)"", ""player2_name"": """", ""entry_raw"": ""Piia Tantarimäki (Finland)"", ""parse_confidence"": ""high"", ""notes"": """", ""player1_id"": ""71c21c3e-3d72-5f72-a8bd-e83f9b636189""}, {""division_raw"": ""Open Singles Net"", ""division_canon"": ""Open Singles Net"", ""division_category"": ""net"", ""place"": 5, ""competitor_type"": ""player"", ""player1_name"": ""Jyri Ilama (Finland)"", ""player2_name"": """", ""entry_raw"": ""Jyri Ilama (Finland)"", ""parse_confidence"": ""high"", ""notes"": """", ""player1_id"": ""f7c5d417-e904-56eb-9f68-d8d60d69fc01""}, {""division_raw"": ""Open Singles Net"", ""division_canon"": ""Open Singles Net"", ""division_category"": ""net"", ""place"": 6, ""competitor_type"": ""player"", ""player1_name"": ""Evgeni Shiryaev (Russia)"", ""player2_name"": """", ""entry_raw"": ""Evgeni Shiryaev (Russia)"", ""parse_confidence"": ""high"", ""notes"": """", ""player1_id"": ""e1bfb27c-198d-5b40-b048-89ab98cd7af8""}, {""division_raw"": ""Open Doubles Net"", ""division_canon"": ""Open Doubles Net"", ""division_category"": ""net"", ""place"": 1, ""competitor_type"": ""team"", ""player1_name"": ""Matti Pohjola"", ""player2_name"": ""Janne Uusitalo (Finland)"", ""entry_raw"": ""Matti Pohjola / Janne Uusitalo (Finland)"", ""parse_confidence"": ""high"", ""notes"": """", ""player1_id"": ""3547e914-9fac-5bb8-927d-8116ed47ce3f"", ""player2_id"": ""ab36c80f-e625-51f1-b814-9380c47a245d""}, {""division_raw"": ""Open Doubles Net"", ""division_canon"": ""Open Doubles Net"", ""division_category"": ""net"", ""place"": 2, ""competitor_type"": ""team"", ""player1_name"": ""Jani Säntti"", ""player2_name"": ""Oskari Forstén (Finland)"", ""entry_raw"": ""Jani Säntti / Oskari Forstén (Finland)"", ""parse_confidence"": ""high"", ""notes"": """", ""player1_id"": ""60976c94-3475-50dd-8f35-6ac27f04175d"", ""player2_id"": ""efea22a2-0a90-5b96-948e-0957fbe2fe0a""}, {""division_raw"": ""Open Doubles Net"", ""division_canon"": ""Open Doubles Net"", ""division_category"": ""net"", ""place"": 3, ""competitor_type"": ""team"", ""player1_name"": ""Tuomas Kärki"", ""player2_name"": ""Jyri Ilama (Finland)"", ""entry_raw"": ""Tuomas Kärki / Jyri Ilama (Finland)"", ""parse_confidence"": ""high"", ""notes"": """", ""player1_id"": ""c47e6bae-eedd-5c27-922e-e75f6be1611a"", ""player2_id"": ""f7c5d417-e904-56eb-9f68-d8d60d69fc01""}, {""division_raw"": ""Open Doubles Net"", ""division_canon"": ""Open Doubles Net"", ""division_category"": ""net"", ""place"": 4, ""competitor_type"": ""team"", ""player1_name"": ""Evgeni Shiryaev"", ""player2_name"": ""Alexander Smirnov (Russia)"", ""entry_raw"": ""Evgeni Shiryaev / Alexander Smirnov (Russia)"", ""parse_confidence"": ""high"", ""notes"": """", ""player1_id"": ""1d01dfac-db46-5ecb-bbd3-ed5edcca2c77"", ""player2_id"": ""fe033eea-7300-512d-9231-ff6ab69b4130""}, {""division_raw"": ""Open Doubles Net"", ""division_canon"": ""Open Doubles Net"", ""division_category"": ""net"", ""place"": 5, ""competitor_type"": ""team"", ""player1_name"": ""Jesse Ruotsalainen"", ""player2_name"": ""Piia Tantarimäki (Finland)"", ""entry_raw"": ""Jesse Ruotsalainen / Piia Tantarimäki (Finland)"", ""parse_confidence"": ""high"", ""notes"": """", ""player1_id"": ""3eec0a32-0670-5470-93aa-07059d3141cd"", ""player2_id"": ""71c21c3e-3d72-5f72-a8bd-e83f9b636189""}, {""division_raw"": ""Open Doubles Net"", ""division_canon"": ""Open Doubles Net"", ""division_category"": ""net"", ""place"": 6, ""competitor_type"": ""team"", ""player1_name"": ""Aleksi Airinen"", ""player2_name"": ""Samu Ahola (Finland)"", ""entry_raw"": ""Aleksi Airinen / Samu Ahola (Finland)"", ""parse_confidence"": ""high"", ""notes"": """", ""player1_id"": ""e8a707a0-fd80-5e3d-80ad-7c5b6380b57b"", ""player2_id"": ""120b6d23-641d-582d-8c33-6fcda528d1cc""}]",0,0.0
1408070192,2015,New Year's Footbag Jam,"January 3-4, 2015","Ann Arbor, Michigan, United States",\m/ichigan footbag,freestyle,"Int Circle-1.David Moutard 2. Ryan Morris 3.Ben Baybak
Open Circle-1.Evan Gatesman 2.Nick Landes 3.Nathan Pipenburg
Int Request-Khoa Nyguyen
Open Request-Evan Gatesman
Mirage race-Brian Sherrill
Tiltless till you drop-Matt Kemmer","[{""division_raw"": ""Int Circle-1.David Moutard"", ""division_canon"": ""Int Circle-1.David Moutard"", ""division_category"": ""freestyle"", ""place"": 2, ""competitor_type"": ""player"", ""player1_name"": ""Ryan Morris 3.Ben Baybak"", ""player2_name"": """", ""entry_raw"": ""Ryan Morris 3.Ben Baybak"", ""parse_confidence"": ""high"", ""notes"": """", ""player1_id"": ""7d46ebd1-891c-525a-9e3d-ca52bc0835cb""}]",0,0.0
1429205408,2015,"Stanford Footbag presents: ""Cardinal Cup"" Freestyle","May 23, 2015","Palo Alto, California, United States",Stanford University Footbag Club,freestyle,"Tentative Schedule:
Saturday, May 23, 2015:
* 12pm - warm-up and late registration
* 1pm - open singles routines (women's & intermediate only if enough players)
* 2pm -
* 3pm - free play
* 5pm - end of day",[],0,0.0
1447494731,2016,Lake Erie Footbag Tournament,"May 14-15, 2016","Erie, Pennsylvania, United States",FOOTBAG ERIE,net,"*Expecting inclement weather, all potential traveling participants informed me that
*Weather 40 degrees Saturday 30 degrees Sunday. light snow and rain
* 6 singles players 3 doubles teams
* Trophies given:1st - 3rd in both singles and doubles categories.
Save, etc.
* Donated food from Mighty Fine Doughnuts, 8' x 3' poster of event from Budweiser.
- the complete results for all events (places 1st, 2nd, 3rd...20th, etc.)
Footbag Net: Singles
1st Place: Greer, Daniel        IFPA # 51574             Open
2ndPlace: Ritz, Anthony                81222             Open
3rd Place: Hogan, Jim                  83027             Open
4th Place: McCloskey, Robert           12506             Open
5th Place: Richardson, Steve           83113             Amature
6th Place: Johnson, Dan               (No IFPA #)     Amature
(he does have a past ranking under Doubles Net)
Footbag Net: Doubles
1st Place: Greer, Daniel                  51574
McCloskey, Rob                 12506
2nd Place: Ritz, Anthony                  81222
Richardson, Steve              83113
3rd Place: Hogan, Jim                     83027
Johnson, Dan                 (No #)","[{""division_raw"": ""Footbag Net: Singles"", ""division_canon"": ""Footbag Net: Singles"", ""division_category"": ""net"", ""place"": 1, ""competitor_type"": ""team"", ""player1_name"": ""Greer"", ""player2_name"": ""Daniel"", ""entry_raw"": ""Greer, Daniel IFPA # 51574 Open"", ""parse_confidence"": ""high"", ""notes"": """"}, {""division_raw"": ""Footbag Net: Singles"", ""division_canon"": ""Footbag Net: Singles"", ""division_category"": ""net"", ""place"": 3, ""competitor_type"": ""team"", ""player1_name"": ""Hogan"", ""player2_name"": ""Jim"", ""entry_raw"": ""Hogan, Jim 83027 Open"", ""parse_confidence"": ""high"", ""notes"": """"}, {""division_raw"": ""Footbag Net: Singles"", ""division_canon"": ""Footbag Net: Singles"", ""division_category"": ""net"", ""place"": 4, ""competitor_type"": ""team"", ""player1_name"": ""McCloskey"", ""player2_name"": ""Robert"", ""entry_raw"": ""McCloskey, Robert 12506 Open"", ""parse_confidence"": ""high"", ""notes"": """"}, {""division_raw"": ""Footbag Net: Singles"", ""division_canon"": ""Footbag Net: Singles"", ""division_category"": ""net"", ""place"": 5, ""competitor_type"": ""team"", ""player1_name"": ""Richardson"", ""player2_name"": ""Steve"", ""entry_raw"": ""Richardson, Steve 83113 Amature"", ""parse_confidence"": ""high"", ""notes"": """"}, {""division_raw"": ""Footbag Net: Singles"", ""division_canon"": ""Footbag Net: Singles"", ""division_category"": ""net"", ""place"": 6, ""competitor_type"": ""team"", ""player1_name"": ""Johnson"", ""player2_name"": ""Dan"", ""entry_raw"": ""Johnson, Dan (No IFPA #) Amature"", ""parse_confidence"": ""high"", ""notes"": """"}, {""division_raw"": ""Footbag Net: Doubles"", ""division_canon"": ""Footbag Net: Doubles"", ""division_category"": ""net"", ""place"": 1, ""competitor_type"": ""team"", ""player1_name"": ""Greer"", ""player2_name"": ""Daniel"", ""entry_raw"": ""Greer, Daniel 51574"", ""parse_confidence"": ""high"", ""notes"": """"}, {""division_raw"": ""Footbag Net: Doubles"", ""division_canon"": ""Footbag Net: Doubles"", ""division_category"": ""net"", ""place"": 2, ""competitor_type"": ""team"", ""player1_name"": ""Ritz"", ""player2_name"": ""Anthony"", ""entry_raw"": ""Ritz, Anthony 81222"", ""parse_confidence"": ""high"", ""notes"": """"}, {""division_raw"": ""Footbag Net: Doubles"", ""division_canon"": ""Footbag Net: Doubles"", ""division_category"": ""net"", ""place"": 3, ""competitor_type"": ""team"", ""player1_name"": ""Hogan"", ""player2_name"": ""Jim"", ""entry_raw"": ""Hogan, Jim 83027"", ""parse_confidence"": ""high"", ""notes"": """"}]",0,0.0
1562271704,2019,Ohio Footbag Jam,"July 27-28, 2019","Ohio, United States",,freestyle,"The Jordans truely live in a unique and beautiful part of Ohio. Lima, Oh has
4 square, and a large freestyle circle!",[],0,0.0
1664206719,2023,2023 US Open,"June 9-11, 2023","Erie, Pennsylvania, United States",FOOTBAG ERIE,mixed,"Attention, US Open 2023 Footbag championship final results.
We hosted 44 signed in participants, 12 additional circle kickers. With our
Josh Gayhart and Scot Hansen for volunteering as our 2023 US Open Freestyle and
Net Director.
James Kane for volunteering as DJ, organizing and preparing trophies.,etc.
Country Fair for their generous donation!
Additionally; The Erie sports commission for, Grant assistance, and promoting.
Net Players
1v1, First place:
Luka Weyler-Lavallée 80074
2nd
Chris Siebert 12722
3rd
Daniel Greer 51574
4th
Jim Hogan 83027
5th
Antoine The Rocks-Godin id#?
6th
Anthony Ritz 81222
7th
Mark Hunsbuger 77151
8th
Rob McCloskey 12506
9th
Sammy Hogan
2v2, First place:
*Luka Weyler-Lavallée 80074
*Emmanuel Bouchard 14240
2nd
Daniel Greer 51574
Anthony Ritz 81222
3rd
Chris Siebert 12722
Rob McCloskey 12506
4th
Léa LÈspérance 83986
Antoine The Rocks-Godin id#?
5th
Mark Huntsbuger 77154
Jim Hogan 83027
Intermediate
1v1, first place
Lyric Ester 83658
2nd
Dan Johnson 64241
3rd
Benjamin Babiak 82615
4th
Kyle
2v2, first place
Benjamin Babiak 82615
Joe
2nd
Kyle
Lyric Ester 83658
Freestyle
Circle, First place:
Mathew Kemmer 75720
2nd
Kevin Hogan 78874
3rd
Peter Bowler 71321
4th
Josh Gayhart 65860
Routines, First place:
Brian Sherrill 76455
2nd
Christian Britting 83583
3rd
Kevin Hogan 78874
4th
Benjamin Barrows 64715
First place:
Ken Moller
2nd
Lyric Ester","[{""division_raw"": ""Open Singles Net"", ""division_canon"": ""Open Singles Net"", ""division_category"": ""net"", ""place"": 1, ""competitor_type"": ""player"", ""player1_name"": ""Luka Weyler-Lavallée"", ""player2_name"": """", ""entry_raw"": ""Luka Weyler-Lavallée 80074"", ""parse_confidence"": ""high"", ""notes"": """", ""player1_id"": ""baf38eed-bf4a-52af-8576-121c789375fe""}, {""division_raw"": ""Open Singles Net"", ""division_canon"": ""Open Singles Net"", ""division_category"": ""net"", ""place"": 2, ""competitor_type"": ""player"", ""player1_name"": ""Chris Siebert"", ""player2_name"": """", ""entry_raw"": ""Chris Siebert 12722"", ""parse_confidence"": ""high"", ""notes"": """", ""player1_id"": ""09fc1206-b9aa-5b93-a3d0-68dc5194cb98""}, {""division_raw"": ""Open Singles Net"", ""division_canon"": ""Open Singles Net"", ""division_category"": ""net"", ""place"": 3, ""competitor_type"": ""player"", ""player1_name"": ""Daniel Greer"", ""player2_name"": """", ""entry_raw"": ""Daniel Greer 51574"", ""parse_confidence"": ""high"", ""notes"": """", ""player1_id"": ""14b8bb40-1b53-51c7-b9a1-be4f82f3250a""}, {""division_raw"": ""Open Singles Net"", ""division_canon"": ""Open Singles Net"", ""division_category"": ""net"", ""place"": 4, ""competitor_type"": ""player"", ""player1_name"": ""Jim Hogan"", ""player2_name"": """", ""entry_raw"": ""Jim Hogan 83027"", ""parse_confidence"": ""high"", ""notes"": """", ""player1_id"": ""2101d466-72c4-500f-9954-fb9d0103ea40""}, {""division_raw"": ""Open Singles Net"", ""division_canon"": ""Open Singles Net"", ""division_category"": ""net"", ""place"": 6, ""competitor_type"": ""player"", ""player1_name"": ""Anthony Ritz"", ""player2_name"": """", ""entry_raw"": ""Anthony Ritz 81222"", ""parse_confidence"": ""high"", ""notes"": """", ""player1_id"": ""2e1dafe5-2cc3-5185-bab1-df57e0792362""}, {""division_raw"": ""Open Singles Net"", ""division_canon"": ""Open Singles Net"", ""division_category"": ""net"", ""place"": 7, ""competitor_type"": ""player"", ""player1_name"": ""Mark Hunsbuger"", ""player2_name"": """", ""entry_raw"": ""Mark Hunsbuger 77151"", ""parse_confidence"": ""high"", ""notes"": """", ""player1_id"": ""37c70935-4936-54a6-8533-562c4c3bbad0""}, {""division_raw"": ""Open Singles Net"", ""division_canon"": ""Open Singles Net"", ""division_category"": ""net"", ""place"": 8, ""competitor_type"": ""player"", ""player1_name"": ""Rob McCloskey"", ""player2_name"": """", ""entry_raw"": ""Rob McCloskey 12506"", ""parse_confidence"": ""high"", ""notes"": """", ""player1_id"": ""5641f926-589a-5cf0-858b-53ebe967b9cd""}, {""division_raw"": ""Open Singles Net"", ""division_canon"": ""Open Singles Net"", ""division_category"": ""net"", ""place"": 9, ""competitor_type"": ""player"", ""player1_name"": ""Sammy Hogan"", ""player2_name"": """", ""entry_raw"": ""Sammy Hogan"", ""parse_confidence"": ""high"", ""notes"": """", ""player1_id"": ""43e6c67e-01ed-5e30-be71-6fd9d65079ab""}, {""division_raw"": ""Open Doubles Net"", ""division_canon"": ""Open Doubles Net"", ""division_category"": ""net"", ""place"": 1, ""competitor_type"": ""player"", ""player1_name"": ""Luka Weyler-Lavallée"", ""player2_name"": """", ""entry_raw"": ""Luka Weyler-Lavallée 80074"", ""parse_confidence"": ""high"", ""notes"": """", ""player1_id"": ""baf38eed-bf4a-52af-8576-121c789375fe""}, {""division_raw"": ""Open Doubles Net"", ""division_canon"": ""Open Doubles Net"", ""division_category"": ""net"", ""place"": 2, ""competitor_type"": ""player"", ""player1_name"": ""Daniel Greer"", ""player2_name"": """", ""entry_raw"": ""Daniel Greer 51574"", ""parse_confidence"": ""high"", ""notes"": """", ""player1_id"": ""14b8bb40-1b53-51c7-b9a1-be4f82f3250a""}, {""division_raw"": ""Open Doubles Net"", ""division_canon"": ""Open Doubles Net"", ""division_category"": ""net"", ""place"": 3, ""competitor_type"": ""player"", ""player1_name"": ""Chris Siebert"", ""player2_name"": """", ""entry_raw"": ""Chris Siebert 12722"", ""parse_confidence"": ""high"", ""notes"": """", ""player1_id"": ""09fc1206-b9aa-5b93-a3d0-68dc5194cb98""}, {""division_raw"": ""Open Doubles Net"", ""division_canon"": ""Open Doubles Net"", ""division_category"": ""net"", ""place"": 4, ""competitor_type"": ""player"", ""player1_name"": ""Léa LÈspérance"", ""player2_name"": """", ""entry_raw"": ""Léa LÈspérance 83986"", ""parse_confidence"": ""high"", ""notes"": """", ""player1_id"": ""d619799d-50e3-53f6-8f63-0b371164d166""}, {""division_raw"": ""Open Doubles Net"", ""division_canon"": ""Open Doubles Net"", ""division_category"": ""net"", ""place"": 5, ""competitor_type"": ""player"", ""player1_name"": ""Mark Huntsbuger"", ""player2_name"": """", ""entry_raw"": ""Mark Huntsbuger 77154"", ""parse_confidence"": ""high"", ""notes"": """", ""player1_id"": ""95cc8acc-7c26-543e-b49a-c5e632313086""}, {""division_raw"": ""Intermediate Singles Net"", ""division_canon"": ""Intermediate Singles Net"", ""division_category"": ""net"", ""place"": 1, ""competitor_type"": ""player"", ""player1_name"": ""Lyric Ester"", ""player2_name"": """", ""entry_raw"": ""Lyric Ester 83658"", ""parse_confidence"": ""high"", ""notes"": """", ""player1_id"": ""966ee00e-aecc-5366-8485-09c058808d39""}, {""division_raw"": ""Intermediate Singles Net"", ""division_canon"": ""Intermediate Singles Net"", ""division_category"": ""net"", ""place"": 2, ""competitor_type"": ""player"", ""player1_name"": ""Dan Johnson"", ""player2_name"": """", ""entry_raw"": ""Dan Johnson 64241"", ""parse_confidence"": ""high"", ""notes"": """", ""player1_id"": ""91c6362e-c5f3-5d21-9504-9ff831acc425""}, {""division_raw"": ""Intermediate Singles Net"", ""division_canon"": ""Intermediate Singles Net"", ""division_category"": ""net"", ""place"": 3, ""competitor_type"": ""player"", ""player1_name"": ""Benjamin Babiak"", ""player2_name"": """", ""entry_raw"": ""Benjamin Babiak 82615"", ""parse_confidence"": ""high"", ""notes"": """", ""player1_id"": ""768c9d81-fc67-5c54-9a49-e5f19e3407f4""}, {""division_raw"": ""Intermediate Singles Net"", ""division_canon"": ""Intermediate Singles Net"", ""division_category"": ""net"", ""place"": 4, ""competitor_type"": ""player"", ""player1_name"": ""Kyle"", ""player2_name"": """", ""entry_raw"": ""Kyle"", ""parse_confidence"": ""high"", ""notes"": """"}, {""division_raw"": ""Intermediate Doubles Net"", ""division_canon"": ""Intermediate Doubles Net"", ""division_category"": ""net"", ""place"": 1, ""competitor_type"": ""player"", ""player1_name"": ""Benjamin Babiak"", ""player2_name"": """", ""entry_raw"": ""Benjamin Babiak 82615"", ""parse_confidence"": ""high"", ""notes"": """", ""player1_id"": ""768c9d81-fc67-5c54-9a49-e5f19e3407f4""}, {""division_raw"": ""Intermediate Doubles Net"", ""division_canon"": ""Intermediate Doubles Net"", ""division_category"": ""net"", ""place"": 2, ""competitor_type"": ""player"", ""player1_name"": ""Kyle"", ""player2_name"": """", ""entry_raw"": ""Kyle"", ""parse_confidence"": ""high"", ""notes"": """"}, {""division_raw"": ""Circle Contest"", ""division_canon"": ""Circle Contest"", ""division_category"": ""freestyle"", ""place"": 1, ""competitor_type"": ""player"", ""player1_name"": ""Mathew Kemmer"", ""player2_name"": """", ""entry_raw"": ""Mathew Kemmer 75720"", ""parse_confidence"": ""high"", ""notes"": """", ""player1_id"": ""9429f4c8-c152-5cc4-ab4f-183e9e74ca15""}, {""division_raw"": ""Circle Contest"", ""division_canon"": ""Circle Contest"", ""division_category"": ""freestyle"", ""place"": 2, ""competitor_type"": ""player"", ""player1_name"": ""Kevin Hogan"", ""player2_name"": """", ""entry_raw"": ""Kevin Hogan 78874"", ""parse_confidence"": ""high"", ""notes"": """", ""player1_id"": ""ed1a25f1-3334-5151-bc6f-76f01750657f""}, {""division_raw"": ""Circle Contest"", ""division_canon"": ""Circle Contest"", ""division_category"": ""freestyle"", ""place"": 3, ""competitor_type"": ""player"", ""player1_name"": ""Peter Bowler"", ""player2_name"": """", ""entry_raw"": ""Peter Bowler 71321"", ""parse_confidence"": ""high"", ""notes"": """", ""player1_id"": ""39ea68f7-7089-5f24-a62e-0ff694008874""}, {""division_raw"": ""Circle Contest"", ""division_canon"": ""Circle Contest"", ""division_category"": ""freestyle"", ""place"": 4, ""competitor_type"": ""player"", ""player1_name"": ""Josh Gayhart"", ""player2_name"": """", ""entry_raw"": ""Josh Gayhart 65860"", ""parse_confidence"": ""high"", ""notes"": """", ""player1_id"": ""78a3d3c2-7889-5248-99f7-dc5371a9c3ec""}, {""division_raw"": ""Routines"", ""division_canon"": ""Routines"", ""division_category"": ""freestyle"", ""place"": 1, ""competitor_type"": ""player"", ""player1_name"": ""Brian Sherrill"", ""player2_name"": """", ""entry_raw"": ""Brian Sherrill 76455"", ""parse_confidence"": ""high"", ""notes"": """", ""player1_id"": ""69942784-36e5-5170-b319-3dd0a4fb57b6""}, {""division_raw"": ""Routines"", ""division_canon"": ""Routines"", ""division_category"": ""freestyle"", ""place"": 2, ""competitor_type"": ""player"", ""player1_name"": ""Christian Britting"", ""player2_name"": """", ""entry_raw"": ""Christian Britting 83583"", ""parse_confidence"": ""high"", ""notes"": """", ""player1_id"": ""548fac27-d219-5c70-a1ad-c3a7306d8724""}, {""division_raw"": ""Routines"", ""division_canon"": ""Routines"", ""division_category"": ""freestyle"", ""place"": 3, ""competitor_type"": ""player"", ""player1_name"": ""Kevin Hogan"", ""player2_name"": """", ""entry_raw"": ""Kevin Hogan 78874"", ""parse_confidence"": ""high"", ""notes"": """", ""player1_id"": ""ed1a25f1-3334-5151-bc6f-76f01750657f""}, {""division_raw"": ""Routines"", ""division_canon"": ""Routines"", ""division_category"": ""freestyle"", ""place"": 4, ""competitor_type"": ""player"", ""player1_name"": ""Benjamin Barrows"", ""player2_name"": """", ""entry_raw"": ""Benjamin Barrows 64715"", ""parse_confidence"": ""high"", ""notes"": """", ""player1_id"": ""f57533ce-dad1-51a7-9bd6-3c2814c809e5""}, {""division_raw"": ""Intermediate Routines"", ""division_canon"": ""Intermediate Routines"", ""division_category"": ""freestyle"", ""place"": 1, ""competitor_type"": ""player"", ""player1_name"": ""Ken Moller"", ""player2_name"": """", ""entry_raw"": ""Ken Moller"", ""parse_confidence"": ""high"", ""notes"": """", ""player1_id"": ""ccf8fde2-7a8d-5ef0-815b-d432f6c70e29""}, {""division_raw"": ""Intermediate Routines"", ""division_canon"": ""Intermediate Routines"", ""division_category"": ""freestyle"", ""place"": 2, ""competitor_type"": ""player"", ""player1_name"": ""Lyric Ester"", ""player2_name"": """", ""entry_raw"": ""Lyric Ester"", ""parse_confidence"": ""high"", ""notes"": """", ""player1_id"": ""966ee00e-aecc-5366-8485-09c058808d39""}]",0,0.0
1737312020,2025,Canadian Closed,"April 25-28, 2025","London, Ontario, Canada",DLO,freestyle,"IMPORTANT! Registration now OPEN
Deadline to pay for attendance is March 3rd, 2025.
28&source_impression_id=p3_1722816403_P3zrFDQ1EbCETwkF&previous_page_section_name=1000
&federated_search_id=fee1c85f-eb09-48de-8df7-dbde3276d211
30-second attempts
Cost:
$220 Floor
$300 Bed
Payment method suggestions:
PayPal-
E-transfer (Canadians)- ^same email. Security question answer for transfer: footbag
Wise- ^same email
Bitcoin
Last minute attendees likely won't be allowed overnight.
Again. Deadline to pay for attendance is March 3rd, 2025","[{""division_raw"": ""[Inferred from event name: Canadian Closed]"", ""division_canon"": ""Open Singles Freestyle"", ""division_category"": ""freestyle"", ""place"": 30, ""competitor_type"": ""player"", ""player1_name"": ""second attempts"", ""player2_name"": """", ""entry_raw"": ""second attempts"", ""parse_confidence"": ""medium"", ""notes"": ""no division header found; division inferred from event name"", ""player1_id"": ""a6089331-65cf-5738-99db-374f6e9610f4""}]",0,0.0
857875468,1997,U.S. OPEN FOOTBAG NET CHAMPIONSHIPS,"June 21-22, 1997","Portland, Oregon, United States",,mixed,"RESULTS FROM THE 1997 adidas U.S. OPEN FOOTBAG NET CHAMPIONSHIPS
June 21-22, 1997, Waterfront Park, Portland, Oregon
Total entrants: 64
Major prizes were 3 Southwest Airlines tickets and 3 Freestyle
Snakeboards, gift certificates from Caplans Sportsworld and Think Good
Rainbow Imports, Teva Sandals, and seven pairs of choice Vans for the
The Open Singles finals was de javu from two years ago, Kenny stepped
EVENTS:
BEGINNERS SINGLES (Saturday)
1ST Jason Hardin
2ND Chris Ward
3RD John Pimentel
4TH Chris Hughes
5TH Matt Reeves
BEGINNERS DOUBLES (Sunday)
1ST John Pimentel/Jason Hardin
2ND Ryan Austin/Scott McNeill
3RD Lucas Prokopiak/Chris Hughes
WOMENíS SINGLES 8 entrants
1ST Amy Westberg
2ND Becca English-Ross
3RD Christy Rapp
4TH Vera DeBaere
WOMENíS DOUBLES
1ST Becca English-Ross/Christy Rapp
2ND Heather Muggleton/Amy Westberg
3RD Kendall KIC/Cheryl Hughes
4TH Darlene Goodridge/Vera DeBaere
5TH Lori Jean Conover/Wendy Curran
6TH Judy Prokopiak/Gaylene Grossen
INTERMEDIATE SINGLES 15 entrants
1ST Ben Little
2ND Edwin Veltman
3RD Wayne Gamber
4TH Francois Leh
5TH TIE Aaron Gregg and Chris Young
INTERMEDIATE DOUBLES 7 teams
1ST Edwin Veltman/Adrian Verhoef
2ND Kevin Jenkins/Francois Leh
3RD Aaron Gregg/Bobby Heiney
4TH Ben Kersens/Iain McKechnie
OPEN SINGLES  27 entrants
1ST Randy Mulder
2ND Kenny Shults
3RD David Bernard, III
4TH Jake Leong
5TH Rick Bates
6TH Yosarian Kelly
7TH Rob Adams
8TH Jim Cobb
OPEN DOUBLES 16 teams
1ST Kenny Shults/Randy Mulder
2ND Andy Ronald/Jake Leong
3RD David Bernard,III/Chris Routh
4TH Rick Bates/Yosarian Kelly
5TH Jim Derricott/Scott Milne
6TH James Holkko/Chard Cook
7TH JJ Jones/ Rob Adams
8TH Jim Cobb/Bill Langbehn
MIXED DOUBLES 10 teams
1ST Becca English-Ross/David Bernard, III
2ND Vera DeBaere/Jim Derricott
3RD Amy Westberg/Chris Routh
4TH Heather Muggleton/Bill Langbehn",[],0,0.0
860944937,1997,1997 Mountain Dew's Kansas Footbag Open,"May 17-18, 1997","Watson Park Wichita, Kansas, USA",,mixed,"Footbag Net:                           Footbag Golf:
Pro Single                             Pro
Pro Doubles                            Intermediate
Int. Singels                           Novice
Int. Doubles
Novice Singles
Novice Doubles
Footbag Freestyle:
Pro Singles
Pro Doubles
Intermediate Singles
Footbag Consecutive:
Pro Sngls 5 - min timed
Pro Dbls 10 - min 1 pass
Int. Singles 5 - min
Note: Separate women's division held if enough show up!
Entry Fees:
Pro  $40.       Intermediate  $15.          Novice  $2.
Note: Non-wfa members must pay an additional $1 fee
97' Mtn Dew Kansas Footbag T- shirt
Hacky Sack Footbag
Lunch provided on site
Free beverages
Free beer at Phillybob's (over 21)
Includes Festival Button","[{""division_raw"": ""Pro Single Pro"", ""division_canon"": ""Pro Single Pro"", ""division_category"": ""golf"", ""place"": 1, ""competitor_type"": ""player"", ""player1_name"": ""Pro Doubles Intermediate"", ""player2_name"": """", ""entry_raw"": ""Pro Doubles Intermediate"", ""parse_confidence"": ""high"", ""notes"": """", ""player1_id"": ""88a8b6bd-c0cd-5ca0-8216-62e666670264""}, {""division_raw"": ""Int. Singles 5 - min"", ""division_canon"": ""Int. Singles 5 - Min"", ""division_category"": ""golf"", ""place"": 97, ""competitor_type"": ""player"", ""player1_name"": ""' Mtn Dew Kansas Footbag T"", ""player2_name"": """", ""entry_raw"": ""' Mtn Dew Kansas Footbag T- shirt"", ""parse_confidence"": ""high"", ""notes"": """", ""player1_id"": ""a5b5caee-41ed-5925-9e1d-2a9f891b7e93""}]",0,0.0
980253113,2001,Swiss Footbag Jam,"January 27-28, 2001","Zurich, Switzerland",Sole Rebels Zürich,freestyle,"Well what are the results?
Oh, the perhaps most important result was to hold regular Jams around
Switzerland every one to two months! Basel you're next...",[],0,0.0
987361779,2001,Cornerstone Festival 2001 Largest Footbag Circle World Record Attempt,"July 6, 2001","Bushnell, Illinois, United States",,freestyle,"The record attempt will take place between 5:00 and 6:30. The attempt
(rap, ska, hard core, punk, rock, dance, etc) perform on 10 stages from
July 3 to July 7. There are many activities including children's programs",[],0,0.0
994186570,2001,Faith Footbag Forum,"July 14, 2001","Washington, Pennsylvania, United States",,freestyle,,[],0,0.0
