effective_person_id,person_id,person_canon,norm_key,token_count,location_suffix_detected,unresolved_class,review_status,unresolved_reason,source,notes,player_ids_seen,player_names_seen,aliases,alias_statuses,person_canon_clean,person_canon_clean_reason,aliases_presentable,exclusion_reason,last_token,person_canon_final,person_canon.1
613dcf21-2444-5d77-91b1-378c28c75fc1,,Christian Loewe,christian loewe,2,,NEEDS_CONTEXT,UNREVIEWED,preexisting_unresolved,overrides+data,,604e14b0-a7fd-594b-8bae-4cf40e368191,Christian Loewe,,,Christian Loewe,,,,loewe,Christian Loew,
61656316-f92f-5235-a6fd-e3218d5601f8,,Jim Hankins,jim hankins,2,,NEEDS_CONTEXT,UNREVIEWED,preexisting_unresolved,overrides+data,,01d00b55-c852-5655-aea8-52c839398faf | 0d9233da-b85c-5e48-a488-f2a7a555a6d0 | 2837fb70-6d41-5f74-98c7-6a10bdc5ac63 | 29d008fe-8b2c-5a95-9e9e-fea202e4b10f | 6789810d-6a02-5c66-8d5e-0cd439be8cf5 | 957bdfdb-2241-59a5-a3fd-b05b99e948d6 | b21d60bc-daf3-52d4-9a3a-ba10a810f987 | cd7c014b-fded-5c04-a9b0-921214cbf5ff,Jim Hankins,,,Jim Hankins,,Jim Hankins-,,hankins,Jim Hankin,
619a16fc-fe87-552c-b882-b92d96d15588,,Richard Cook,richard cook,2,,NEEDS_CONTEXT,UNREVIEWED,preexisting_unresolved,overrides+data,,079cebcb-b81e-55b2-ae3d-7963d0023515 | d7b18714-282d-5df1-b437-fd78b35384f1 | f56fb7cc-b8d1-5eed-b203-c87e69026988,Richard Cook,,,Richard Cook,,Rich Chard Cook | Richard Chard Cook | Richard Cook -,,cook,Chard Cook,
9337337c-b3c1-53a6-9f38-ee3923ef6c13,,Fabien Riffaud,fabien riffaud,2,,NEEDS_CONTEXT,UNREVIEWED,preexisting_unresolved,overrides+data,,43a94938-7ae7-5182-a2a8-f66cb9fca26c | 7407cf23-8ddd-5ec6-96da-240983969378 | 964c3e64-eb3d-577f-af5e-35f9608ce458 | a9a0554c-97b6-5223-8a32-09e08dc3c73e | fe191b5d-e0b8-5673-a647-436cafa84997,Fabien Riffaud,,,Fabien Riffaud,,,,riffaud,Fabien Riffau,
a7185225-1a36-5ba9-9f03-5713ef72c21a,,Krystof Maléø,krystof male,2,,NEEDS_CONTEXT,UNREVIEWED,preexisting_unresolved,overrides+data,,0b87283e-aa5e-52c2-a886-b48671f7c663,Krystof Maléø,,,Krystof Maléø,,,,maléø,Krystof Maler,
b204207d-3b25-5502-91d6-4911337185fc,,Alex Trenner,alex trenner,2,,NEEDS_CONTEXT,UNREVIEWED,preexisting_unresolved,overrides+data,,6b6e0b0a-92fb-521d-8244-1a22b9e28c78 | d77e8cbe-4eca-580c-b7f4-9633db22d08c,Alex Trenner,,,Alex Trenner,,,,trenner,Alex Trenne,
c8aa0d72-fc62-5da2-94ab-b7eabd58ae19,,Eric Chang,eric chang,2,,NEEDS_CONTEXT,UNREVIEWED,preexisting_unresolved,overrides+data,,27625345-23d1-516b-931e-754d3c631309 | fefce27d-2ad5-5e05-add0-8ef60b4cf7f0,Eric Chang,,,Eric Chang,,,,chang,Eric Chan,
c939bbca-61e3-5333-b6fc-46e62ac30619,,James Deans,james deans,2,,NEEDS_CONTEXT,UNREVIEWED,preexisting_unresolved,overrides+data,,4ca6e6e7-44b7-533a-9347-b09201962845,James Deans,,,James Deans,,,,deans,James Dean,
d1aace44-cd92-5b85-9ed1-fe4afb2cd502,,Ken Somolinos,ken somolinos,2,,NEEDS_CONTEXT,UNREVIEWED,preexisting_unresolved,overrides+data,,03507ab2-52b8-5cac-9f29-2f2aac08a210 | 05b2ace6-a19e-5eb9-9f21-25d7ef65b1c4 | 0a52da90-b00e-5110-93b7-bb3f4905396b | 0edd15e1-c28c-53f2-8934-0d68ac3c4f50 | 0ef55d02-470d-567f-b1d0-8f7a3e7ae68d | 208e8cff-6a56-500a-9b8a-4ffda196790e | 31c29b20-435b-5f3d-8662-397f59fce1b9 | 612525dc-da70-5f60-b7f7-1ba1bd3eda61 | d4b9b75a-0938-522c-a8a6-b31b17eb1379 | dbb1aad8-2325-5222-8379-b212ced083cf | eb40062a-f4cb-5725-98da-49741c05dbdb,Ken Somolinos,,,Ken Somolinos,,,,somolinos,Ken Somolino,
dbb89c0f-fbb8-55e8-b8f7-27a68f6b61c0,,Élise Regreny,elise regreny,2,,NEEDS_CONTEXT,UNREVIEWED,preexisting_unresolved,overrides+data,,5bfaa339-2bcf-5a3b-8d93-fc454414ec74,Élise Regreny,,,Élise Regreny,,,,regreny,Elise Regreny,
e7a93f28-d6e9-5106-bff1-3e1c3120a7d2,,Jorden Moirs,jorden moirs,2,,NEEDS_CONTEXT,UNREVIEWED,preexisting_unresolved,overrides+data,,,Jorden Moirs,,,Jorden Moirs,,,,moirs,Jorden Moir,
ff122e97-643d-5088-92c6-8e3c38ab4294,,Andy Ronalds,andy ronalds,2,,NEEDS_CONTEXT,UNREVIEWED,preexisting_unresolved,overrides+data,,5686cd1f-62e2-5959-8579-ebb5b68627b2,Andy Ronalds,,,Andy Ronalds,,,,ronalds,Andy Ronald,
,,Jean,jean,1,,AUTO_COVERAGE_BACKFILL,UNREVIEWED,coverage_backfill_from_placements,coverage_repair_v9,Auto-added to Unresolved to restore coverage invariant; requires review,,,,,,,,,,,
,,Yves Kreil,yves kreil,2,,AUTO_COVERAGE_BACKFILL,UNREVIEWED,coverage_backfill_from_placements,coverage_repair_v9,Auto-added to Unresolved to restore coverage invariant; requires review,,,,,,,,,,,
,,Robin Puchel,robin puchel,2,,AUTO_COVERAGE_BACKFILL,UNREVIEWED,coverage_backfill_from_placements,coverage_repair_v9,Auto-added to Unresolved to restore coverage invariant; requires review,,,,,,,,,,,
,,Walt Houston,walt houston,2,houston,NEEDS_CONTEXT,UNREVIEWED,coverage_backfill_from_placements|location_suffix:houston,coverage_repair_v9,Auto-added to Unresolved to restore coverage invariant; requires review,,,,,,,,,,,
,,Nicolas De Zeeuw,nicolas de zeeuw,3,,AUTO_COVERAGE_BACKFILL,UNREVIEWED,coverage_backfill_from_placements,coverage_repair_v9,Auto-added to Unresolved to restore coverage invariant; requires review,,,,,,,,,,,
,,Benjamin De Bastos,benjamin de bastos,3,,AUTO_COVERAGE_BACKFILL,UNREVIEWED,coverage_backfill_from_placements,coverage_repair_v9,Auto-added to Unresolved to restore coverage invariant; requires review,,,,,,,,,,,
,,Sunil Tsunami Jani,sunil tsunami jani,3,,AUTO_COVERAGE_BACKFILL,UNREVIEWED,coverage_backfill_from_placements,coverage_repair_v9,Auto-added to Unresolved to restore coverage invariant; requires review,,,,,,,,,,,
,,Pierre,pierre,1,,AUTO_COVERAGE_BACKFILL,UNREVIEWED,coverage_backfill_from_placements,coverage_repair_v9,Auto-added to Unresolved to restore coverage invariant; requires review,,,,,,,,,,,
,,Juha,juha,1,,AUTO_COVERAGE_BACKFILL,UNREVIEWED,coverage_backfill_from_placements,coverage_repair_v9,Auto-added to Unresolved to restore coverage invariant; requires review,,,,,,,,,,,
,,Jessica Cedeńo,jessica cedeno,2,,AUTO_COVERAGE_BACKFILL,UNREVIEWED,coverage_backfill_from_placements,coverage_repair_v9,Auto-added to Unresolved to restore coverage invariant; requires review,,,,,,,,,,,
,,Marie,marie,1,,AUTO_COVERAGE_BACKFILL,UNREVIEWED,coverage_backfill_from_placements,coverage_repair_v9,Auto-added to Unresolved to restore coverage invariant; requires review,,,,,,,,,,,
,,Carl,carl,1,,AUTO_COVERAGE_BACKFILL,UNREVIEWED,coverage_backfill_from_placements,coverage_repair_v9,Auto-added to Unresolved to restore coverage invariant; requires review,,,,,,,,,,,
,,AJ Shultz,aj shultz,2,,AUTO_COVERAGE_BACKFILL,UNREVIEWED,coverage_backfill_from_placements,coverage_repair_v9,Auto-added to Unresolved to restore coverage invariant; requires review,,,,,,,,,,,
,,Łukasz Krysiewicz,ukasz krysiewicz,2,,AUTO_COVERAGE_BACKFILL,UNREVIEWED,coverage_backfill_from_placements,coverage_repair_v9,Auto-added to Unresolved to restore coverage invariant; requires review,,,,,,,,,,,
,,st,st,1,,AUTO_COVERAGE_BACKFILL,UNREVIEWED,coverage_backfill_from_placements,coverage_repair_v9,Auto-added to Unresolved to restore coverage invariant; requires review,,,,,,,,,,,
,,ALEX LOPEZ,alex lopez,2,,AUTO_COVERAGE_BACKFILL,UNREVIEWED,coverage_backfill_from_placements,coverage_repair_v9,Auto-added to Unresolved to restore coverage invariant; requires review,,,,,,,,,,,
,,EJ Gammage,ej gammage,2,,AUTO_COVERAGE_BACKFILL,UNREVIEWED,coverage_backfill_from_placements,coverage_repair_v9,Auto-added to Unresolved to restore coverage invariant; requires review,,,,,,,,,,,
,,T.J. Boutorwick,t j boutorwick,2,,AUTO_COVERAGE_BACKFILL,UNREVIEWED,coverage_backfill_from_placements,coverage_repair_v9,Auto-added to Unresolved to restore coverage invariant; requires review,,,,,,,,,,,
,,Maciej Długoszek,maciej d ugoszek,2,,AUTO_COVERAGE_BACKFILL,UNREVIEWED,coverage_backfill_from_placements,coverage_repair_v9,Auto-added to Unresolved to restore coverage invariant; requires review,,,,,,,,,,,
,,Aaron De Glanville,aaron de glanville,3,,AUTO_COVERAGE_BACKFILL,UNREVIEWED,coverage_backfill_from_placements,coverage_repair_v9,Auto-added to Unresolved to restore coverage invariant; requires review,,,,,,,,,,,
,,Brent Welch,brent welch,2,,AUTO_COVERAGE_BACKFILL,UNREVIEWED,coverage_backfill_from_placements,coverage_repair_v9,Auto-added to Unresolved to restore coverage invariant; requires review,,,,,,,,,,,
,,Simon,simon,1,,AUTO_COVERAGE_BACKFILL,UNREVIEWED,coverage_backfill_from_placements,coverage_repair_v9,Auto-added to Unresolved to restore coverage invariant; requires review,,,,,,,,,,,
,,TG Sux,tg sux,2,,AUTO_COVERAGE_BACKFILL,UNREVIEWED,coverage_backfill_from_placements,coverage_repair_v9,Auto-added to Unresolved to restore coverage invariant; requires review,,,,,,,,,,,
,,Footbag Team Moscow,footbag team moscow,3,,AUTO_COVERAGE_BACKFILL,UNREVIEWED,coverage_backfill_from_placements,coverage_repair_v9,Auto-added to Unresolved to restore coverage invariant; requires review,,,,,,,,,,,
,,Natalia Fry,natalia fry,2,,AUTO_COVERAGE_BACKFILL,UNREVIEWED,coverage_backfill_from_placements,coverage_repair_v9,Auto-added to Unresolved to restore coverage invariant; requires review,,,,,,,,,,,
,,Kamil Hucał,kamil huca,2,,AUTO_COVERAGE_BACKFILL,UNREVIEWED,coverage_backfill_from_placements,coverage_repair_v9,Auto-added to Unresolved to restore coverage invariant; requires review,,,,,,,,,,,
,,Dexter,dexter,1,,AUTO_COVERAGE_BACKFILL,UNREVIEWED,coverage_backfill_from_placements,coverage_repair_v9,Auto-added to Unresolved to restore coverage invariant; requires review,,,,,,,,,,,
,,JAN CERMAK,jan cermak,2,,AUTO_COVERAGE_BACKFILL,UNREVIEWED,coverage_backfill_from_placements,coverage_repair_v9,Auto-added to Unresolved to restore coverage invariant; requires review,,,,,,,,,,,
,,Luka W.-Lavallée,luka w lavallee,2,,AUTO_COVERAGE_BACKFILL,UNREVIEWED,coverage_backfill_from_placements,coverage_repair_v9,Auto-added to Unresolved to restore coverage invariant; requires review,,,,,,,,,,,
,,Tomasz Strzałkowski,tomasz strza kowski,2,,AUTO_COVERAGE_BACKFILL,UNREVIEWED,coverage_backfill_from_placements,coverage_repair_v9,Auto-added to Unresolved to restore coverage invariant; requires review,,,,,,,,,,,
,,Ian Pfeiffer,ian pfeiffer,2,,AUTO_COVERAGE_BACKFILL,UNREVIEWED,coverage_backfill_from_placements,coverage_repair_v9,Auto-added to Unresolved to restore coverage invariant; requires review,,,,,,,,,,,
,,places,places,1,,AUTO_COVERAGE_BACKFILL,UNREVIEWED,coverage_backfill_from_placements,coverage_repair_v9,Auto-added to Unresolved to restore coverage invariant; requires review,,,,,,,,,,,
,,Matyáš Mach,matyas mach,2,,AUTO_COVERAGE_BACKFILL,UNREVIEWED,coverage_backfill_from_placements,coverage_repair_v9,Auto-added to Unresolved to restore coverage invariant; requires review,,,,,,,,,,,
,,de finales,de finales,2,,AUTO_COVERAGE_BACKFILL,UNREVIEWED,coverage_backfill_from_placements,coverage_repair_v9,Auto-added to Unresolved to restore coverage invariant; requires review,,,,,,,,,,,
,,Fcky,fcky,1,,AUTO_COVERAGE_BACKFILL,UNREVIEWED,coverage_backfill_from_placements,coverage_repair_v9,Auto-added to Unresolved to restore coverage invariant; requires review,,,,,,,,,,,
,,Kamil Burzyński,kamil burzynski,2,,AUTO_COVERAGE_BACKFILL,UNREVIEWED,coverage_backfill_from_placements,coverage_repair_v9,Auto-added to Unresolved to restore coverage invariant; requires review,,,,,,,,,,,
,,Lisa Uebele ? Kerstin Anhuth,lisa uebele kerstin anhuth,5,,AUTO_COVERAGE_BACKFILL,UNREVIEWED,coverage_backfill_from_placements,coverage_repair_v9,Auto-added to Unresolved to restore coverage invariant; requires review,,,,,,,,,,,
,,Robert McCloskey ID,robert mccloskey id,3,,AUTO_COVERAGE_BACKFILL,UNREVIEWED,coverage_backfill_from_placements,coverage_repair_v9,Auto-added to Unresolved to restore coverage invariant; requires review,,,,,,,,,,,
,,Ulrike Häßler,ulrike ha ler,2,,AUTO_COVERAGE_BACKFILL,UNREVIEWED,coverage_backfill_from_placements,coverage_repair_v9,Auto-added to Unresolved to restore coverage invariant; requires review,,,,,,,,,,,
,,Leuch,leuch,1,,AUTO_COVERAGE_BACKFILL,UNREVIEWED,coverage_backfill_from_placements,coverage_repair_v9,Auto-added to Unresolved to restore coverage invariant; requires review,,,,,,,,,,,
,,James Geraci,james geraci,2,austin,NEEDS_CONTEXT,UNREVIEWED,coverage_backfill_from_placements|location_suffix:austin,coverage_repair_v9,Auto-added to Unresolved to restore coverage invariant; requires review | 2026-02-26: canon cleaned (stripped country/city/nickname noise),,,,,,,,,,,
,,Rafał Piórkowski,rafa piorkowski,2,,AUTO_COVERAGE_BACKFILL,UNREVIEWED,coverage_backfill_from_placements,coverage_repair_v9,Auto-added to Unresolved to restore coverage invariant; requires review,,,,,,,,,,,
,,Lukáš Blažek,lukas blazek,2,,AUTO_COVERAGE_BACKFILL,UNREVIEWED,coverage_backfill_from_placements,coverage_repair_v9,Auto-added to Unresolved to restore coverage invariant; requires review,,,,,,,,,,,
,,Jana Čačáková,jana cacakova,2,,AUTO_COVERAGE_BACKFILL,UNREVIEWED,coverage_backfill_from_placements,coverage_repair_v9,Auto-added to Unresolved to restore coverage invariant; requires review,,,,,,,,,,,
,,Ninni Liukko ? Piia Tantarimäki,ninni liukko piia tantarimaki,5,,AUTO_COVERAGE_BACKFILL,UNREVIEWED,coverage_backfill_from_placements,coverage_repair_v9,Auto-added to Unresolved to restore coverage invariant; requires review,,,,,,,,,,,
,,C.J. Zohrer,c j zohrer,2,,AUTO_COVERAGE_BACKFILL,UNREVIEWED,coverage_backfill_from_placements,coverage_repair_v9,Auto-added to Unresolved to restore coverage invariant; requires review,,,,,,,,,,,
,,JJ Jones,jj jones,2,,AUTO_COVERAGE_BACKFILL,UNREVIEWED,coverage_backfill_from_placements,coverage_repair_v9,Auto-added to Unresolved to restore coverage invariant; requires review,,,,,,,,,,,
,,Jim Hankins ID,jim hankins id,3,,AUTO_COVERAGE_BACKFILL,UNREVIEWED,coverage_backfill_from_placements,coverage_repair_v9,Auto-added to Unresolved to restore coverage invariant; requires review,,,,,,,,,,,
,,Toxic Tom B.,toxic tom b,3,,AUTO_COVERAGE_BACKFILL,UNREVIEWED,coverage_backfill_from_placements,coverage_repair_v9,Auto-added to Unresolved to restore coverage invariant; requires review,,,,,,,,,,,
,,JB Pinto,jb pinto,2,,AUTO_COVERAGE_BACKFILL,UNREVIEWED,coverage_backfill_from_placements,coverage_repair_v9,Auto-added to Unresolved to restore coverage invariant; requires review,,,,,,,,,,,
,,Rake,rake,1,,AUTO_COVERAGE_BACKFILL,UNREVIEWED,coverage_backfill_from_placements,coverage_repair_v9,Auto-added to Unresolved to restore coverage invariant; requires review,,,,,,,,,,,
,,Piia Tantarimäki ? Uli Haase,piia tantarimaki uli haase,5,,AUTO_COVERAGE_BACKFILL,UNREVIEWED,coverage_backfill_from_placements,coverage_repair_v9,Auto-added to Unresolved to restore coverage invariant; requires review,,,,,,,,,,,
,,Mikulá¹ Èáp,mikula1 eap,2,,AUTO_COVERAGE_BACKFILL,UNREVIEWED,coverage_backfill_from_placements,coverage_repair_v9,Auto-added to Unresolved to restore coverage invariant; requires review,,,,,,,,,,,
,,Mikołaj Kulesz,miko aj kulesz,2,,AUTO_COVERAGE_BACKFILL,UNREVIEWED,coverage_backfill_from_placements,coverage_repair_v9,Auto-added to Unresolved to restore coverage invariant; requires review,,,,,,,,,,,
,,Petra,petra,1,,AUTO_COVERAGE_BACKFILL,UNREVIEWED,coverage_backfill_from_placements,coverage_repair_v9,Auto-added to Unresolved to restore coverage invariant; requires review,,,,,,,,,,,
,,Przemysław Popławski,przemys aw pop awski,2,,AUTO_COVERAGE_BACKFILL,UNREVIEWED,coverage_backfill_from_placements,coverage_repair_v9,Auto-added to Unresolved to restore coverage invariant; requires review,,,,,,,,,,,
,,Min. Timed Consecutives,min timed consecutives,3,,AUTO_COVERAGE_BACKFILL,UNREVIEWED,coverage_backfill_from_placements,coverage_repair_v9,Auto-added to Unresolved to restore coverage invariant; requires review,,,,,,,,,,,
,,Radek Łątka,radek atka,2,,AUTO_COVERAGE_BACKFILL,UNREVIEWED,coverage_backfill_from_placements,coverage_repair_v9,Auto-added to Unresolved to restore coverage invariant; requires review,,,,,,,,,,,
,,Noemie,noemie,1,,AUTO_COVERAGE_BACKFILL,UNREVIEWED,coverage_backfill_from_placements,coverage_repair_v9,Auto-added to Unresolved to restore coverage invariant; requires review,,,,,,,,,,,
,,Petr Stejskal ? Pavel Cerveny,petr stejskal pavel cerveny,5,,AUTO_COVERAGE_BACKFILL,UNREVIEWED,coverage_backfill_from_placements,coverage_repair_v9,Auto-added to Unresolved to restore coverage invariant; requires review,,,,,,,,,,,
,,Nicolas de Zeeuw ? Miquel Clemente,nicolas de zeeuw miquel clemente,6,,AUTO_COVERAGE_BACKFILL,UNREVIEWED,coverage_backfill_from_placements,coverage_repair_v9,Auto-added to Unresolved to restore coverage invariant; requires review,,,,,,,,,,,
,,Reaper,reaper,1,,AUTO_COVERAGE_BACKFILL,UNREVIEWED,coverage_backfill_from_placements,coverage_repair_v9,Auto-added to Unresolved to restore coverage invariant; requires review,,,,,,,,,,,
,,Pablo ?,pablo,2,,AUTO_COVERAGE_BACKFILL,UNREVIEWED,coverage_backfill_from_placements,coverage_repair_v9,Auto-added to Unresolved to restore coverage invariant; requires review,,,,,,,,,,,
,,Nils G. Unna,nils g unna,3,,AUTO_COVERAGE_BACKFILL,UNREVIEWED,coverage_backfill_from_placements,coverage_repair_v9,Auto-added to Unresolved to restore coverage invariant; requires review,,,,,,,,,,,
,,Nina,nina,1,,AUTO_COVERAGE_BACKFILL,UNREVIEWED,coverage_backfill_from_placements,coverage_repair_v9,Auto-added to Unresolved to restore coverage invariant; requires review,,,,,,,,,,,
,,PAVEL HEJRA-PETR FUCIK,pavel hejra petr fucik,3,,AUTO_COVERAGE_BACKFILL,UNREVIEWED,coverage_backfill_from_placements,coverage_repair_v9,Auto-added to Unresolved to restore coverage invariant; requires review,,,,,,,,,,,
,,PAVEL HEJRA-PATRIK CERNY,pavel hejra patrik cerny,3,,AUTO_COVERAGE_BACKFILL,UNREVIEWED,coverage_backfill_from_placements,coverage_repair_v9,Auto-added to Unresolved to restore coverage invariant; requires review,,,,,,,,,,,
,,Ninni Liukko ? Yassin Khateeb,ninni liukko yassin khateeb,5,,AUTO_COVERAGE_BACKFILL,UNREVIEWED,coverage_backfill_from_placements,coverage_repair_v9,Auto-added to Unresolved to restore coverage invariant; requires review,,,,,,,,,,,
,,Nino,nino,1,,AUTO_COVERAGE_BACKFILL,UNREVIEWED,coverage_backfill_from_placements,coverage_repair_v9,Auto-added to Unresolved to restore coverage invariant; requires review,,,,,,,,,,,
,,Omma T,omma t,2,,AUTO_COVERAGE_BACKFILL,UNREVIEWED,coverage_backfill_from_placements,coverage_repair_v9,Auto-added to Unresolved to restore coverage invariant; requires review,,,,,,,,,,,
,,Olivier B.-Bergé,olivier b berge,2,,AUTO_COVERAGE_BACKFILL,UNREVIEWED,coverage_backfill_from_placements,coverage_repair_v9,Auto-added to Unresolved to restore coverage invariant; requires review,,,,,,,,,,,
,,Nora,nora,1,,AUTO_COVERAGE_BACKFILL,UNREVIEWED,coverage_backfill_from_placements,coverage_repair_v9,Auto-added to Unresolved to restore coverage invariant; requires review,,,,,,,,,,,
,,Nono,nono,1,,AUTO_COVERAGE_BACKFILL,UNREVIEWED,coverage_backfill_from_placements,coverage_repair_v9,Auto-added to Unresolved to restore coverage invariant; requires review,,,,,,,,,,,
,,Patrik Šmerda,patrik smerda,2,,AUTO_COVERAGE_BACKFILL,UNREVIEWED,coverage_backfill_from_placements,coverage_repair_v9,Auto-added to Unresolved to restore coverage invariant; requires review,,,,,,,,,,,
,,Paty ?,paty,2,,AUTO_COVERAGE_BACKFILL,UNREVIEWED,coverage_backfill_from_placements,coverage_repair_v9,Auto-added to Unresolved to restore coverage invariant; requires review,,,,,,,,,,,
,,Morgan F,morgan f,2,,AUTO_COVERAGE_BACKFILL,UNREVIEWED,coverage_backfill_from_placements,coverage_repair_v9,Auto-added to Unresolved to restore coverage invariant; requires review,,,,,,,,,,,
,,Paweł Rożek,paweł rozek,2,poland,NEEDS_CONTEXT,UNREVIEWED,coverage_backfill_from_placements|location_suffix:poland,coverage_repair_v9,Auto-added to Unresolved to restore coverage invariant; requires review | 2026-02-26: canon cleaned (stripped country/city/nickname noise),,,,,,,,,,,
,,Paweł Ptaszyński,pawe ptaszynski,2,,AUTO_COVERAGE_BACKFILL,UNREVIEWED,coverage_backfill_from_placements,coverage_repair_v9,Auto-added to Unresolved to restore coverage invariant; requires review,,,,,,,,,,,
,,Paweł Kosoń,pawe koson,2,,AUTO_COVERAGE_BACKFILL,UNREVIEWED,coverage_backfill_from_placements,coverage_repair_v9,Auto-added to Unresolved to restore coverage invariant; requires review,,,,,,,,,,,
,,Natalia Fryś,natalia frys,2,,AUTO_COVERAGE_BACKFILL,UNREVIEWED,coverage_backfill_from_placements,coverage_repair_v9,Auto-added to Unresolved to restore coverage invariant; requires review,,,,,,,,,,,
,,Paweł Holiczko,pawe holiczko,2,,AUTO_COVERAGE_BACKFILL,UNREVIEWED,coverage_backfill_from_placements,coverage_repair_v9,Auto-added to Unresolved to restore coverage invariant; requires review,,,,,,,,,,,
,,NiNo,nino,1,,AUTO_COVERAGE_BACKFILL,UNREVIEWED,coverage_backfill_from_placements,coverage_repair_v9,Auto-added to Unresolved to restore coverage invariant; requires review,,,,,,,,,,,
,,Nick A Szwarc,nick a szwarc,3,,AUTO_COVERAGE_BACKFILL,UNREVIEWED,coverage_backfill_from_placements,coverage_repair_v9,Auto-added to Unresolved to restore coverage invariant; requires review,,,,,,,,,,,
,,Paweł Ciepielski,pawe ciepielski,2,,AUTO_COVERAGE_BACKFILL,UNREVIEWED,coverage_backfill_from_placements,coverage_repair_v9,Auto-added to Unresolved to restore coverage invariant; requires review,,,,,,,,,,,
,,Nicolas,nicolas,1,,AUTO_COVERAGE_BACKFILL,UNREVIEWED,coverage_backfill_from_placements,coverage_repair_v9,Auto-added to Unresolved to restore coverage invariant; requires review,,,,,,,,,,,
,,Pascal T,pascal t,2,,AUTO_COVERAGE_BACKFILL,UNREVIEWED,coverage_backfill_from_placements,coverage_repair_v9,Auto-added to Unresolved to restore coverage invariant; requires review,,,,,,,,,,,
,,Reid ??,reid,2,,AUTO_COVERAGE_BACKFILL,UNREVIEWED,coverage_backfill_from_placements,coverage_repair_v9,Auto-added to Unresolved to restore coverage invariant; requires review,,,,,,,,,,,
,,Yan ?,yan,2,,AUTO_COVERAGE_BACKFILL,UNREVIEWED,coverage_backfill_from_placements,coverage_repair_v9,Auto-added to Unresolved to restore coverage invariant; requires review,,,,,,,,,,,
,,X. Anhuth,x anhuth,2,,AUTO_COVERAGE_BACKFILL,UNREVIEWED,coverage_backfill_from_placements,coverage_repair_v9,Auto-added to Unresolved to restore coverage invariant; requires review,,,,,,,,,,,
,,X. Hankins,x hankins,2,,AUTO_COVERAGE_BACKFILL,UNREVIEWED,coverage_backfill_from_placements,coverage_repair_v9,Auto-added to Unresolved to restore coverage invariant; requires review,,,,,,,,,,,
,,Yassin Khateeb ? Markus Portenkirchner,yassin khateeb markus portenkirchner,5,,AUTO_COVERAGE_BACKFILL,UNREVIEWED,coverage_backfill_from_placements,coverage_repair_v9,Auto-added to Unresolved to restore coverage invariant; requires review,,,,,,,,,,,
,,Zelda,zelda,1,,AUTO_COVERAGE_BACKFILL,UNREVIEWED,coverage_backfill_from_placements,coverage_repair_v9,Auto-added to Unresolved to restore coverage invariant; requires review,,,,,,,,,,,
,,Zerg,zerg,1,,AUTO_COVERAGE_BACKFILL,UNREVIEWED,coverage_backfill_from_placements,coverage_repair_v9,Auto-added to Unresolved to restore coverage invariant; requires review,,,,,,,,,,,
,,Winner,winner,1,,AUTO_COVERAGE_BACKFILL,UNREVIEWED,coverage_backfill_from_placements,coverage_repair_v9,Auto-added to Unresolved to restore coverage invariant; requires review,,,,,,,,,,,
,,Vojta,vojta,1,,AUTO_COVERAGE_BACKFILL,UNREVIEWED,coverage_backfill_from_placements,coverage_repair_v9,Auto-added to Unresolved to restore coverage invariant; requires review,,,,,,,,,,,
,,Veli,veli,1,,AUTO_COVERAGE_BACKFILL,UNREVIEWED,coverage_backfill_from_placements,coverage_repair_v9,Auto-added to Unresolved to restore coverage invariant; requires review,,,,,,,,,,,
,,Victor Lezama-Ángel Hernández,victor lezama angel hernandez,3,,AUTO_COVERAGE_BACKFILL,UNREVIEWED,coverage_backfill_from_placements,coverage_repair_v9,Auto-added to Unresolved to restore coverage invariant; requires review,,,,,,,,,,,
,,Wiktor Dębski,wiktor debski,2,poland,NEEDS_CONTEXT,UNREVIEWED,coverage_backfill_from_placements|location_suffix:poland,coverage_repair_v9,Auto-added to Unresolved to restore coverage invariant; requires review | 2026-02-26: canon cleaned (stripped country/city/nickname noise),,,,,,,,,,,
,,Walter Houston ID,walter houston id,3,,AUTO_COVERAGE_BACKFILL,UNREVIEWED,coverage_backfill_from_placements,coverage_repair_v9,Auto-added to Unresolved to restore coverage invariant; requires review,,,,,,,,,,,
,,Walter R. Houston,walter r houston,3,houston,NEEDS_CONTEXT,UNREVIEWED,coverage_backfill_from_placements|location_suffix:houston,coverage_repair_v9,Auto-added to Unresolved to restore coverage invariant; requires review,,,,,,,,,,,
,,Weiss,weiss,1,,AUTO_COVERAGE_BACKFILL,UNREVIEWED,coverage_backfill_from_placements,coverage_repair_v9,Auto-added to Unresolved to restore coverage invariant; requires review,,,,,,,,,,,
,,Wigger,wigger,1,,AUTO_COVERAGE_BACKFILL,UNREVIEWED,coverage_backfill_from_placements,coverage_repair_v9,Auto-added to Unresolved to restore coverage invariant; requires review,,,,,,,,,,,
,,tivteřinová smr?ť triků,tivterinova smr t triku,3,,AUTO_COVERAGE_BACKFILL,UNREVIEWED,coverage_backfill_from_placements,coverage_repair_v9,Auto-added to Unresolved to restore coverage invariant; requires review,,,,,,,,,,,
,,yves kreil,yves kreil,2,,AUTO_COVERAGE_BACKFILL,UNREVIEWED,coverage_backfill_from_placements,coverage_repair_v9,Auto-added to Unresolved to restore coverage invariant; requires review,,,,,,,,,,,
,,Łukasz,ukasz,1,,AUTO_COVERAGE_BACKFILL,UNREVIEWED,coverage_backfill_from_placements,coverage_repair_v9,Auto-added to Unresolved to restore coverage invariant; requires review,,,,,,,,,,,
,,Łukasz Bochenek,ukasz bochenek,2,,AUTO_COVERAGE_BACKFILL,UNREVIEWED,coverage_backfill_from_placements,coverage_repair_v9,Auto-added to Unresolved to restore coverage invariant; requires review,,,,,,,,,,,
,,Śmigulski Cezary,smigulski cezary,2,,AUTO_COVERAGE_BACKFILL,UNREVIEWED,coverage_backfill_from_placements,coverage_repair_v9,Auto-added to Unresolved to restore coverage invariant; requires review,,,,,,,,,,,
,,thru 8th,thru 8th,2,,AUTO_COVERAGE_BACKFILL,UNREVIEWED,coverage_backfill_from_placements,coverage_repair_v9,Auto-added to Unresolved to restore coverage invariant; requires review,,,,,,,,,,,
,,d Eric Schmidt,d eric schmidt,3,,AUTO_COVERAGE_BACKFILL,UNREVIEWED,coverage_backfill_from_placements,coverage_repair_v9,Auto-added to Unresolved to restore coverage invariant; requires review,,,,,,,,,,,
,,d Michael Wilson,d michael wilson,3,,AUTO_COVERAGE_BACKFILL,UNREVIEWED,coverage_backfill_from_placements,coverage_repair_v9,Auto-added to Unresolved to restore coverage invariant; requires review,,,,,,,,,,,
,,hanna,hanna,1,,AUTO_COVERAGE_BACKFILL,UNREVIEWED,coverage_backfill_from_placements,coverage_repair_v9,Auto-added to Unresolved to restore coverage invariant; requires review,,,,,,,,,,,
,,Ulrike H?fller,ulrike h fller,2,,AUTO_COVERAGE_BACKFILL,UNREVIEWED,coverage_backfill_from_placements,coverage_repair_v9,Auto-added to Unresolved to restore coverage invariant; requires review,,,,,,,,,,,
,,Scott K,scott k,2,,AUTO_COVERAGE_BACKFILL,UNREVIEWED,coverage_backfill_from_placements,coverage_repair_v9,Auto-added to Unresolved to restore coverage invariant; requires review,,,,,,,,,,,
,,Sidart,sidart,1,,AUTO_COVERAGE_BACKFILL,UNREVIEWED,coverage_backfill_from_placements,coverage_repair_v9,Auto-added to Unresolved to restore coverage invariant; requires review,,,,,,,,,,,
,,Skaut,skaut,1,,AUTO_COVERAGE_BACKFILL,UNREVIEWED,coverage_backfill_from_placements,coverage_repair_v9,Auto-added to Unresolved to restore coverage invariant; requires review,,,,,,,,,,,
,,Stejsky,stejsky,1,,AUTO_COVERAGE_BACKFILL,UNREVIEWED,coverage_backfill_from_placements,coverage_repair_v9,Auto-added to Unresolved to restore coverage invariant; requires review,,,,,,,,,,,
,,Stephen R. Richardson,stephen r richardson,3,,AUTO_COVERAGE_BACKFILL,UNREVIEWED,coverage_backfill_from_placements,coverage_repair_v9,Auto-added to Unresolved to restore coverage invariant; requires review | 2026-02-26: canon cleaned (stripped city/nickname/trick noise),,,,,,,,,,,
,,Robin,robin,1,,AUTO_COVERAGE_BACKFILL,UNREVIEWED,coverage_backfill_from_placements,coverage_repair_v9,Auto-added to Unresolved to restore coverage invariant; requires review,,,,,,,,,,,
,,Robin P¸chel,robin p chel,2,,AUTO_COVERAGE_BACKFILL,UNREVIEWED,coverage_backfill_from_placements,coverage_repair_v9,Auto-added to Unresolved to restore coverage invariant; requires review,,,,,,,,,,,
,,Roger,roger,1,,AUTO_COVERAGE_BACKFILL,UNREVIEWED,coverage_backfill_from_placements,coverage_repair_v9,Auto-added to Unresolved to restore coverage invariant; requires review,,,,,,,,,,,
,,Ronald Ańez,ronald anez,2,,AUTO_COVERAGE_BACKFILL,UNREVIEWED,coverage_backfill_from_placements,coverage_repair_v9,Auto-added to Unresolved to restore coverage invariant; requires review,,,,,,,,,,,
,,Ronalde plus H,ronalde plus h,3,,AUTO_COVERAGE_BACKFILL,UNREVIEWED,coverage_backfill_from_placements,coverage_repair_v9,Auto-added to Unresolved to restore coverage invariant; requires review,,,,,,,,,,,
,,Rush,rush,1,,AUTO_COVERAGE_BACKFILL,UNREVIEWED,coverage_backfill_from_placements,coverage_repair_v9,Auto-added to Unresolved to restore coverage invariant; requires review,,,,,,,,,,,
,,Rémi ?,remi,2,,AUTO_COVERAGE_BACKFILL,UNREVIEWED,coverage_backfill_from_placements,coverage_repair_v9,Auto-added to Unresolved to restore coverage invariant; requires review,,,,,,,,,,,
,,Tyrpekl,tyrpekl,1,,AUTO_COVERAGE_BACKFILL,UNREVIEWED,coverage_backfill_from_placements,coverage_repair_v9,Auto-added to Unresolved to restore coverage invariant; requires review,,,,,,,,,,,
,,Tomá¹ Mirovský,toma1 mirovsky,2,,AUTO_COVERAGE_BACKFILL,UNREVIEWED,coverage_backfill_from_placements,coverage_repair_v9,Auto-added to Unresolved to restore coverage invariant; requires review,,,,,,,,,,,
,,Toni L.,toni l,2,,AUTO_COVERAGE_BACKFILL,UNREVIEWED,coverage_backfill_from_placements,coverage_repair_v9,Auto-added to Unresolved to restore coverage invariant; requires review,,,,,,,,,,,
,,Tre L.,tre l,2,,AUTO_COVERAGE_BACKFILL,UNREVIEWED,coverage_backfill_from_placements,coverage_repair_v9,Auto-added to Unresolved to restore coverage invariant; requires review,,,,,,,,,,,
,,Thomas,thomas,1,,AUTO_COVERAGE_BACKFILL,UNREVIEWED,coverage_backfill_from_placements,coverage_repair_v9,Auto-added to Unresolved to restore coverage invariant; requires review,,,,,,,,,,,
,,Szymański Robert,szymanski robert,2,,AUTO_COVERAGE_BACKFILL,UNREVIEWED,coverage_backfill_from_placements,coverage_repair_v9,Auto-added to Unresolved to restore coverage invariant; requires review,,,,,,,,,,,
,,Team Magic,team magic,2,,AUTO_COVERAGE_BACKFILL,UNREVIEWED,coverage_backfill_from_placements,coverage_repair_v9,Auto-added to Unresolved to restore coverage invariant; requires review,,,,,,,,,,,
,,Team Spirit,team spirit,2,,AUTO_COVERAGE_BACKFILL,UNREVIEWED,coverage_backfill_from_placements,coverage_repair_v9,Auto-added to Unresolved to restore coverage invariant; requires review,,,,,,,,,,,
,,Team Tüte,team tute,2,,AUTO_COVERAGE_BACKFILL,UNREVIEWED,coverage_backfill_from_placements,coverage_repair_v9,Auto-added to Unresolved to restore coverage invariant; requires review,,,,,,,,,,,
,,Teen,teen,1,,AUTO_COVERAGE_BACKFILL,UNREVIEWED,coverage_backfill_from_placements,coverage_repair_v9,Auto-added to Unresolved to restore coverage invariant; requires review,,,,,,,,,,,
,,'Dr. Mike' Stefanelli,dr mike stefanelli,3,,AUTO_COVERAGE_BACKFILL,UNREVIEWED,coverage_backfill_from_placements,coverage_repair_v9,Auto-added to Unresolved to restore coverage invariant; requires review,,,,,,,,,,,
,,Michał Zembaty,micha zembaty,2,,AUTO_COVERAGE_BACKFILL,UNREVIEWED,coverage_backfill_from_placements,coverage_repair_v9,Auto-added to Unresolved to restore coverage invariant; requires review,,,,,,,,,,,
,,Dylan,dylan,1,,AUTO_COVERAGE_BACKFILL,UNREVIEWED,coverage_backfill_from_placements,coverage_repair_v9,Auto-added to Unresolved to restore coverage invariant; requires review,,,,,,,,,,,
,,Dorner,dorner,1,,AUTO_COVERAGE_BACKFILL,UNREVIEWED,coverage_backfill_from_placements,coverage_repair_v9,Auto-added to Unresolved to restore coverage invariant; requires review,,,,,,,,,,,
,,Doro,doro,1,,AUTO_COVERAGE_BACKFILL,UNREVIEWED,coverage_backfill_from_placements,coverage_repair_v9,Auto-added to Unresolved to restore coverage invariant; requires review,,,,,,,,,,,
,,Dr. Mike Stefanelli,dr mike stefanelli,3,,AUTO_COVERAGE_BACKFILL,UNREVIEWED,coverage_backfill_from_placements,coverage_repair_v9,Auto-added to Unresolved to restore coverage invariant; requires review,,,,,,,,,,,
,,Dreuf,dreuf,1,,AUTO_COVERAGE_BACKFILL,UNREVIEWED,coverage_backfill_from_placements,coverage_repair_v9,Auto-added to Unresolved to restore coverage invariant; requires review,,,,,,,,,,,
,,Dubuis,dubuis,1,,AUTO_COVERAGE_BACKFILL,UNREVIEWED,coverage_backfill_from_placements,coverage_repair_v9,Auto-added to Unresolved to restore coverage invariant; requires review,,,,,,,,,,,
,,Eduardo Martinez,eduardo martinez,2,venezuela,NEEDS_CONTEXT,UNREVIEWED,coverage_backfill_from_placements|location_suffix:venezuela,coverage_repair_v9,Auto-added to Unresolved to restore coverage invariant; requires review | 2026-02-26: canon cleaned (stripped country/city/nickname noise),,,,,,,,,,,
,,Eduardo Martinez-Diego Chávez,eduardo martinez diego chavez,3,,AUTO_COVERAGE_BACKFILL,UNREVIEWED,coverage_backfill_from_placements,coverage_repair_v9,Auto-added to Unresolved to restore coverage invariant; requires review,,,,,,,,,,,
,,Dominic O?Brien-Stéphane Tailleur,dominic o brien stephane tailleur,3,,AUTO_COVERAGE_BACKFILL,UNREVIEWED,coverage_backfill_from_placements,coverage_repair_v9,Auto-added to Unresolved to restore coverage invariant; requires review,,,,,,,,,,,
,,DER CHAMP,der champ,2,,AUTO_COVERAGE_BACKFILL,UNREVIEWED,coverage_backfill_from_placements,coverage_repair_v9,Auto-added to Unresolved to restore coverage invariant; requires review,,,,,,,,,,,
,,DJ Dourney,dj dourney,2,,AUTO_COVERAGE_BACKFILL,UNREVIEWED,coverage_backfill_from_placements,coverage_repair_v9,Auto-added to Unresolved to restore coverage invariant; requires review,,,,,,,,,,,
,,Dave Hill,dave hill,2,,AUTO_COVERAGE_BACKFILL,UNREVIEWED,coverage_backfill_from_placements,coverage_repair_v9,Auto-added to Unresolved to restore coverage invariant; requires review,,,,,,,,,,,
,,David,david,1,,AUTO_COVERAGE_BACKFILL,UNREVIEWED,coverage_backfill_from_placements,coverage_repair_v9,Auto-added to Unresolved to restore coverage invariant; requires review,,,,,,,,,,,
,,De Zeeuw,de zeeuw,2,,AUTO_COVERAGE_BACKFILL,UNREVIEWED,coverage_backfill_from_placements,coverage_repair_v9,Auto-added to Unresolved to restore coverage invariant; requires review,,,,,,,,,,,
,,Garikoitz Casquero,garikoitz casquero,2,,AUTO_COVERAGE_BACKFILL,UNREVIEWED,coverage_backfill_from_placements,coverage_repair_v9,Auto-added to Unresolved to restore coverage invariant; requires review | 2026-02-26: canon cleaned (stripped city/nickname/trick noise),,,,,,,,,,,
,,G*,g,1,,AUTO_COVERAGE_BACKFILL,UNREVIEWED,coverage_backfill_from_placements,coverage_repair_v9,Auto-added to Unresolved to restore coverage invariant; requires review,,,,,,,,,,,
,,Gadziński Marcin,gadzinski marcin,2,,AUTO_COVERAGE_BACKFILL,UNREVIEWED,coverage_backfill_from_placements,coverage_repair_v9,Auto-added to Unresolved to restore coverage invariant; requires review,,,,,,,,,,,
,,Gina Meyer J.J. Jones,gina meyer j j jones,4,,AUTO_COVERAGE_BACKFILL,UNREVIEWED,coverage_backfill_from_placements,coverage_repair_v9,Auto-added to Unresolved to restore coverage invariant; requires review | 2026-02-26: confirmed split: Gina Meyer / J.J. Jones,,,,,,,,,,,
,,Gobbish,gobbish,1,,AUTO_COVERAGE_BACKFILL,UNREVIEWED,coverage_backfill_from_placements,coverage_repair_v9,Auto-added to Unresolved to restore coverage invariant; requires review,,,,,,,,,,,
,,Greg GFSmoothie Nelson,greg gfsmoothie nelson,3,,AUTO_COVERAGE_BACKFILL,UNREVIEWED,coverage_backfill_from_placements,coverage_repair_v9,Auto-added to Unresolved to restore coverage invariant; requires review,,,,,,,,,,,
,,Francis Guimond-Stéphane Roy,francis guimond stephane roy,3,,AUTO_COVERAGE_BACKFILL,UNREVIEWED,coverage_backfill_from_placements,coverage_repair_v9,Auto-added to Unresolved to restore coverage invariant; requires review,,,,,,,,,,,
,,Footcraft,footcraft,1,,AUTO_COVERAGE_BACKFILL,UNREVIEWED,coverage_backfill_from_placements,coverage_repair_v9,Auto-added to Unresolved to restore coverage invariant; requires review,,,,,,,,,,,
,,Erik ???,erik,2,,AUTO_COVERAGE_BACKFILL,UNREVIEWED,coverage_backfill_from_placements,coverage_repair_v9,Auto-added to Unresolved to restore coverage invariant; requires review,,,,,,,,,,,
,,Erik ?????,erik,2,,AUTO_COVERAGE_BACKFILL,UNREVIEWED,coverage_backfill_from_placements,coverage_repair_v9,Auto-added to Unresolved to restore coverage invariant; requires review,,,,,,,,,,,
,,FLT,flt,1,,AUTO_COVERAGE_BACKFILL,UNREVIEWED,coverage_backfill_from_placements,coverage_repair_v9,Auto-added to Unresolved to restore coverage invariant; requires review,,,,,,,,,,,
,,Filip Prędkiewicz,filip predkiewicz,2,,AUTO_COVERAGE_BACKFILL,UNREVIEWED,coverage_backfill_from_placements,coverage_repair_v9,Auto-added to Unresolved to restore coverage invariant; requires review,,,,,,,,,,,
,,Fingerbang,fingerbang,1,,AUTO_COVERAGE_BACKFILL,UNREVIEWED,coverage_backfill_from_placements,coverage_repair_v9,Auto-added to Unresolved to restore coverage invariant; requires review,,,,,,,,,,,
,,Finjas,finjas,1,,AUTO_COVERAGE_BACKFILL,UNREVIEWED,coverage_backfill_from_placements,coverage_repair_v9,Auto-added to Unresolved to restore coverage invariant; requires review,,,,,,,,,,,
,,Greg RNH,greg rnh,2,,AUTO_COVERAGE_BACKFILL,UNREVIEWED,coverage_backfill_from_placements,coverage_repair_v9,Auto-added to Unresolved to restore coverage invariant; requires review,,,,,,,,,,,
,,Andre P. Aberration,andre p aberration,3,,AUTO_COVERAGE_BACKFILL,UNREVIEWED,coverage_backfill_from_placements,coverage_repair_v9,Auto-added to Unresolved to restore coverage invariant; requires review,,,,,,,,,,,
,,Andi N.,andi n,2,,AUTO_COVERAGE_BACKFILL,UNREVIEWED,coverage_backfill_from_placements,coverage_repair_v9,Auto-added to Unresolved to restore coverage invariant; requires review,,,,,,,,,,,
,,Andreas Wolff ? Uli Haase,andreas wolff uli haase,5,,AUTO_COVERAGE_BACKFILL,UNREVIEWED,coverage_backfill_from_placements,coverage_repair_v9,Auto-added to Unresolved to restore coverage invariant; requires review,,,,,,,,,,,
,,Andreina Peńa-Reinaldo Pérez,andreina pena reinaldo perez,3,,AUTO_COVERAGE_BACKFILL,UNREVIEWED,coverage_backfill_from_placements,coverage_repair_v9,Auto-added to Unresolved to restore coverage invariant; requires review,,,,,,,,,,,
,,Alex Trenne,alex trenne,2,,AUTO_COVERAGE_BACKFILL,UNREVIEWED,coverage_backfill_from_placements,coverage_repair_v9,Auto-added to Unresolved to restore coverage invariant; requires review,,,,,,,,,,,
,,Alex Trener,alex trener,2,,AUTO_COVERAGE_BACKFILL,UNREVIEWED,coverage_backfill_from_placements,coverage_repair_v9,Auto-added to Unresolved to restore coverage invariant; requires review,,,,,,,,,,,
,,Abram,abram,1,,AUTO_COVERAGE_BACKFILL,UNREVIEWED,coverage_backfill_from_placements,coverage_repair_v9,Auto-added to Unresolved to restore coverage invariant; requires review,,,,,,,,,,,
,,Alejandro Rueda Patińo,alejandro rueda patino,3,,AUTO_COVERAGE_BACKFILL,UNREVIEWED,coverage_backfill_from_placements,coverage_repair_v9,Auto-added to Unresolved to restore coverage invariant; requires review,,,,,,,,,,,
,,Charles,charles,1,,AUTO_COVERAGE_BACKFILL,UNREVIEWED,coverage_backfill_from_placements,coverage_repair_v9,Auto-added to Unresolved to restore coverage invariant; requires review,,,,,,,,,,,
,,Arnaud Mamoute Saniez,arnaud mamoute saniez,3,,AUTO_COVERAGE_BACKFILL,UNREVIEWED,coverage_backfill_from_placements,coverage_repair_v9,Auto-added to Unresolved to restore coverage invariant; requires review,,,,,,,,,,,
,,Clément,clement,1,,AUTO_COVERAGE_BACKFILL,UNREVIEWED,coverage_backfill_from_placements,coverage_repair_v9,Auto-added to Unresolved to restore coverage invariant; requires review,,,,,,,,,,,
,,Boriskov,boriskov,1,,AUTO_COVERAGE_BACKFILL,UNREVIEWED,coverage_backfill_from_placements,coverage_repair_v9,Auto-added to Unresolved to restore coverage invariant; requires review,,,,,,,,,,,
,,Augustin,augustin,1,,AUTO_COVERAGE_BACKFILL,UNREVIEWED,coverage_backfill_from_placements,coverage_repair_v9,Auto-added to Unresolved to restore coverage invariant; requires review,,,,,,,,,,,
,,BEB RIEFER,beb riefer,2,,AUTO_COVERAGE_BACKFILL,UNREVIEWED,coverage_backfill_from_placements,coverage_repair_v9,Auto-added to Unresolved to restore coverage invariant; requires review,,,,,,,,,,,
,,Boris de nantes,boris de nantes,3,,AUTO_COVERAGE_BACKFILL,UNREVIEWED,coverage_backfill_from_placements,coverage_repair_v9,Auto-added to Unresolved to restore coverage invariant; requires review,,,,,,,,,,,
,,Michał Róg ? Michał Klimczak,micha rog micha klimczak,5,,AUTO_COVERAGE_BACKFILL,UNREVIEWED,coverage_backfill_from_placements,coverage_repair_v9,Auto-added to Unresolved to restore coverage invariant; requires review,,,,,,,,,,,
,,Luka WeyLav ID,luka weylav id,3,,AUTO_COVERAGE_BACKFILL,UNREVIEWED,coverage_backfill_from_placements,coverage_repair_v9,Auto-added to Unresolved to restore coverage invariant; requires review,,,,,,,,,,,
,,Leo,leo,1,,AUTO_COVERAGE_BACKFILL,UNREVIEWED,coverage_backfill_from_placements,coverage_repair_v9,Auto-added to Unresolved to restore coverage invariant; requires review,,,,,,,,,,,
,,Lino Landau ? Marc Brunet,lino landau marc brunet,5,,AUTO_COVERAGE_BACKFILL,UNREVIEWED,coverage_backfill_from_placements,coverage_repair_v9,Auto-added to Unresolved to restore coverage invariant; requires review,,,,,,,,,,,
,,Lisa Uebele ? Andreas Wolff,lisa uebele andreas wolff,5,,AUTO_COVERAGE_BACKFILL,UNREVIEWED,coverage_backfill_from_placements,coverage_repair_v9,Auto-added to Unresolved to restore coverage invariant; requires review,,,,,,,,,,,
,,Lotus,lotus,1,,AUTO_COVERAGE_BACKFILL,UNREVIEWED,coverage_backfill_from_placements,coverage_repair_v9,Auto-added to Unresolved to restore coverage invariant; requires review,,,,,,,,,,,
,,Louis,louis,1,,AUTO_COVERAGE_BACKFILL,UNREVIEWED,coverage_backfill_from_placements,coverage_repair_v9,Auto-added to Unresolved to restore coverage invariant; requires review,,,,,,,,,,,
,,Ludovic Lacaze ? Eric Fonteneau,ludovic lacaze eric fonteneau,5,,AUTO_COVERAGE_BACKFILL,UNREVIEWED,coverage_backfill_from_placements,coverage_repair_v9,Auto-added to Unresolved to restore coverage invariant; requires review,,,,,,,,,,,
,,MLS,mls,1,,AUTO_COVERAGE_BACKFILL,UNREVIEWED,coverage_backfill_from_placements,coverage_repair_v9,Auto-added to Unresolved to restore coverage invariant; requires review,,,,,,,,,,,
,,*,,1,,AUTO_COVERAGE_BACKFILL,UNREVIEWED,coverage_backfill_from_placements,coverage_repair_v9,Auto-added to Unresolved to restore coverage invariant; requires review,,,,,,,,,,,
,,Lee S.,lee s,2,,AUTO_COVERAGE_BACKFILL,UNREVIEWED,coverage_backfill_from_placements,coverage_repair_v9,Auto-added to Unresolved to restore coverage invariant; requires review,,,,,,,,,,,
,,Laurence,laurence,1,,AUTO_COVERAGE_BACKFILL,UNREVIEWED,coverage_backfill_from_placements,coverage_repair_v9,Auto-added to Unresolved to restore coverage invariant; requires review,,,,,,,,,,,
,,Karl,karl,1,,AUTO_COVERAGE_BACKFILL,UNREVIEWED,coverage_backfill_from_placements,coverage_repair_v9,Auto-added to Unresolved to restore coverage invariant; requires review,,,,,,,,,,,
,,Kendall KIC,kendall kic,2,,AUTO_COVERAGE_BACKFILL,UNREVIEWED,coverage_backfill_from_placements,coverage_repair_v9,Auto-added to Unresolved to restore coverage invariant; requires review,,,,,,,,,,,
,,Kerstin Anhuth ? Chris Löw,kerstin anhuth chris low,5,,AUTO_COVERAGE_BACKFILL,UNREVIEWED,coverage_backfill_from_placements,coverage_repair_v9,Auto-added to Unresolved to restore coverage invariant; requires review,,,,,,,,,,,
,,Krysiewicz Łukasz,krysiewicz ukasz,2,,AUTO_COVERAGE_BACKFILL,UNREVIEWED,coverage_backfill_from_placements,coverage_repair_v9,Auto-added to Unresolved to restore coverage invariant; requires review,,,,,,,,,,,
,,LAbitch,labitch,1,,AUTO_COVERAGE_BACKFILL,UNREVIEWED,coverage_backfill_from_placements,coverage_repair_v9,Auto-added to Unresolved to restore coverage invariant; requires review,,,,,,,,,,,
,,LEG OVER.,leg over,2,,AUTO_COVERAGE_BACKFILL,UNREVIEWED,coverage_backfill_from_placements,coverage_repair_v9,Auto-added to Unresolved to restore coverage invariant; requires review,,,,,,,,,,,
,,Manuel Kruse ? Simon Voss,manuel kruse simon voss,5,,AUTO_COVERAGE_BACKFILL,UNREVIEWED,coverage_backfill_from_placements,coverage_repair_v9,Auto-added to Unresolved to restore coverage invariant; requires review,,,,,,,,,,,
,,Michal Hadaś,michal hadas,2,,AUTO_COVERAGE_BACKFILL,UNREVIEWED,coverage_backfill_from_placements,coverage_repair_v9,Auto-added to Unresolved to restore coverage invariant; requires review,,,,,,,,,,,
,,Max S.M.,max s m,2,,AUTO_COVERAGE_BACKFILL,UNREVIEWED,coverage_backfill_from_placements,coverage_repair_v9,Auto-added to Unresolved to restore coverage invariant; requires review,,,,,,,,,,,
,,Michal,michal,1,,AUTO_COVERAGE_BACKFILL,UNREVIEWED,coverage_backfill_from_placements,coverage_repair_v9,Auto-added to Unresolved to restore coverage invariant; requires review,,,,,,,,,,,
,,Michal Černý,michal cerny,2,,AUTO_COVERAGE_BACKFILL,UNREVIEWED,coverage_backfill_from_placements,coverage_repair_v9,Auto-added to Unresolved to restore coverage invariant; requires review,,,,,,,,,,,
,,Marc Weber* Bob Silva,marc weber bob silva,4,,AUTO_COVERAGE_BACKFILL,UNREVIEWED,coverage_backfill_from_placements,coverage_repair_v9,Auto-added to Unresolved to restore coverage invariant; requires review | 2026-02-26: confirmed split: Marc Weber / Bob Silva,,,,,,,,,,,
,,Michał Pietryńczak,micha pietrynczak,2,,AUTO_COVERAGE_BACKFILL,UNREVIEWED,coverage_backfill_from_placements,coverage_repair_v9,Auto-added to Unresolved to restore coverage invariant; requires review,,,,,,,,,,,
,,Michał Przybyłowicz,micha przyby owicz,2,,AUTO_COVERAGE_BACKFILL,UNREVIEWED,coverage_backfill_from_placements,coverage_repair_v9,Auto-added to Unresolved to restore coverage invariant; requires review,,,,,,,,,,,
,,Marchiani,marchiani,1,,AUTO_COVERAGE_BACKFILL,UNREVIEWED,coverage_backfill_from_placements,coverage_repair_v9,Auto-added to Unresolved to restore coverage invariant; requires review,,,,,,,,,,,
,,Marcin Gadziński,marcin gadzinski,2,,AUTO_COVERAGE_BACKFILL,UNREVIEWED,coverage_backfill_from_placements,coverage_repair_v9,Auto-added to Unresolved to restore coverage invariant; requires review,,,,,,,,,,,
,,Mark Hunsberger-Josh DeClercq,mark hunsberger josh declercq,3,,AUTO_COVERAGE_BACKFILL,UNREVIEWED,coverage_backfill_from_placements,coverage_repair_v9,Auto-added to Unresolved to restore coverage invariant; requires review,,,,,,,,,,,
,,Mat P,mat p,2,,AUTO_COVERAGE_BACKFILL,UNREVIEWED,coverage_backfill_from_placements,coverage_repair_v9,Auto-added to Unresolved to restore coverage invariant; requires review,,,,,,,,,,,
,,Mateusz Związek,mateusz zwiazek,2,,AUTO_COVERAGE_BACKFILL,UNREVIEWED,coverage_backfill_from_placements,coverage_repair_v9,Auto-added to Unresolved to restore coverage invariant; requires review,,,,,,,,,,,
,,Mathieu,mathieu,1,,AUTO_COVERAGE_BACKFILL,UNREVIEWED,coverage_backfill_from_placements,coverage_repair_v9,Auto-added to Unresolved to restore coverage invariant; requires review,,,,,,,,,,,
,,Matja? Borič,matja boric,2,,AUTO_COVERAGE_BACKFILL,UNREVIEWED,coverage_backfill_from_placements,coverage_repair_v9,Auto-added to Unresolved to restore coverage invariant; requires review,,,,,,,,,,,
,,Matt E.,matt e,2,,AUTO_COVERAGE_BACKFILL,UNREVIEWED,coverage_backfill_from_placements,coverage_repair_v9,Auto-added to Unresolved to restore coverage invariant; requires review,,,,,,,,,,,
,,Karim,karim,1,,AUTO_COVERAGE_BACKFILL,UNREVIEWED,coverage_backfill_from_placements,coverage_repair_v9,Auto-added to Unresolved to restore coverage invariant; requires review,,,,,,,,,,,
,,Gregor Morel Ale¹ Pelko,gregor morel ale1 pelko,4,,AUTO_COVERAGE_BACKFILL,UNREVIEWED,coverage_backfill_from_placements,coverage_repair_v9,Auto-added to Unresolved to restore coverage invariant; requires review,,,,,,,,,,,
,,IRON MAN,iron man,2,,AUTO_COVERAGE_BACKFILL,UNREVIEWED,coverage_backfill_from_placements,coverage_repair_v9,Auto-added to Unresolved to restore coverage invariant; requires review,,,,,,,,,,,
,,Ian Pfeiffer ?,ian pfeiffer,3,,AUTO_COVERAGE_BACKFILL,UNREVIEWED,coverage_backfill_from_placements,coverage_repair_v9,Auto-added to Unresolved to restore coverage invariant; requires review,,,,,,,,,,,
,,JF,jf,1,,AUTO_COVERAGE_BACKFILL,UNREVIEWED,coverage_backfill_from_placements,coverage_repair_v9,Auto-added to Unresolved to restore coverage invariant; requires review,,,,,,,,,,,
,,JF Lemeiux,jf lemeiux,2,,AUTO_COVERAGE_BACKFILL,UNREVIEWED,coverage_backfill_from_placements,coverage_repair_v9,Auto-added to Unresolved to restore coverage invariant; requires review,,,,,,,,,,,
,,JF Lemiux,jf lemiux,2,,AUTO_COVERAGE_BACKFILL,UNREVIEWED,coverage_backfill_from_placements,coverage_repair_v9,Auto-added to Unresolved to restore coverage invariant; requires review,,,,,,,,,,,
,,JF Lonieux,jf lonieux,2,,AUTO_COVERAGE_BACKFILL,UNREVIEWED,coverage_backfill_from_placements,coverage_repair_v9,Auto-added to Unresolved to restore coverage invariant; requires review,,,,,,,,,,,
,,Jack s Bissell,jack s bissell,3,,AUTO_COVERAGE_BACKFILL,UNREVIEWED,coverage_backfill_from_placements,coverage_repair_v9,Auto-added to Unresolved to restore coverage invariant; requires review,,,,,,,,,,,
,,Jared W.,jared w,2,,AUTO_COVERAGE_BACKFILL,UNREVIEWED,coverage_backfill_from_placements,coverage_repair_v9,Auto-added to Unresolved to restore coverage invariant; requires review,,,,,,,,,,,
,,Jakub Ścisiński,jakub scisinski,2,,AUTO_COVERAGE_BACKFILL,UNREVIEWED,coverage_backfill_from_placements,coverage_repair_v9,Auto-added to Unresolved to restore coverage invariant; requires review,,,,,,,,,,,
,,James Geraci,james geraci,2,austin,NEEDS_CONTEXT,UNREVIEWED,coverage_backfill_from_placements|location_suffix:austin,coverage_repair_v9,Auto-added to Unresolved to restore coverage invariant; requires review | 2026-02-26: canon cleaned (stripped city/nickname/trick noise),,,,,,,,,,,
,,IAN PRICE,ian price,2,,AUTO_COVERAGE_BACKFILL,UNREVIEWED,coverage_backfill_from_placements,coverage_repair_v9,Auto-added to Unresolved to restore coverage invariant; requires review,,,,,,,,,,,
,,Grzesiek Łatuszyński,grzesiek atuszynski,2,,AUTO_COVERAGE_BACKFILL,UNREVIEWED,coverage_backfill_from_placements,coverage_repair_v9,Auto-added to Unresolved to restore coverage invariant; requires review,,,,,,,,,,,
,,Hanna,hanna,1,,AUTO_COVERAGE_BACKFILL,UNREVIEWED,coverage_backfill_from_placements,coverage_repair_v9,Auto-added to Unresolved to restore coverage invariant; requires review,,,,,,,,,,,
,,Herra X,herra x,2,,AUTO_COVERAGE_BACKFILL,UNREVIEWED,coverage_backfill_from_placements,coverage_repair_v9,Auto-added to Unresolved to restore coverage invariant; requires review,,,,,,,,,,,
,,Holiczko Paweł,holiczko pawe,2,,AUTO_COVERAGE_BACKFILL,UNREVIEWED,coverage_backfill_from_placements,coverage_repair_v9,Auto-added to Unresolved to restore coverage invariant; requires review,,,,,,,,,,,
,,Kacper Prędkiewicz,kacper predkiewicz,2,,AUTO_COVERAGE_BACKFILL,UNREVIEWED,coverage_backfill_from_placements,coverage_repair_v9,Auto-added to Unresolved to restore coverage invariant; requires review,,,,,,,,,,,
,,Josu Royuela,josu royuela,2,,AUTO_COVERAGE_BACKFILL,UNREVIEWED,coverage_backfill_from_placements,coverage_repair_v9,Auto-added to Unresolved to restore coverage invariant; requires review | 2026-02-26: canon cleaned (stripped city/nickname/trick noise),,,,,,,,,,,
,,Julio Garcia-Ángel Vivas,julio garcia angel vivas,3,,AUTO_COVERAGE_BACKFILL,UNREVIEWED,coverage_backfill_from_placements,coverage_repair_v9,Auto-added to Unresolved to restore coverage invariant; requires review,,,,,,,,,,,
,,KEN SAMS,ken sams,2,,AUTO_COVERAGE_BACKFILL,UNREVIEWED,coverage_backfill_from_placements,coverage_repair_v9,Auto-added to Unresolved to restore coverage invariant; requires review,,,,,,,,,,,
,,KEN SCHUYLER,ken schuyler,2,,AUTO_COVERAGE_BACKFILL,UNREVIEWED,coverage_backfill_from_placements,coverage_repair_v9,Auto-added to Unresolved to restore coverage invariant; requires review,,,,,,,,,,,
,,Jose Cocolan,jose cocolan,2,san antonio,NEEDS_CONTEXT,UNREVIEWED,coverage_backfill_from_placements|location_suffix:san antonio,coverage_repair_v9,Auto-added to Unresolved to restore coverage invariant; requires review | 2026-02-26: canon cleaned (stripped city/nickname/trick noise),,,,,,,,,,,
,,Jeremy S.,jeremy s,2,,AUTO_COVERAGE_BACKFILL,UNREVIEWED,coverage_backfill_from_placements,coverage_repair_v9,Auto-added to Unresolved to restore coverage invariant; requires review,,,,,,,,,,,
,,Jeremy Watlers-prizes,jeremy watlers prizes,2,,AUTO_COVERAGE_BACKFILL,UNREVIEWED,coverage_backfill_from_placements,coverage_repair_v9,Auto-added to Unresolved to restore coverage invariant; requires review,,,,,,,,,,,
,,Jester,jester,1,,AUTO_COVERAGE_BACKFILL,UNREVIEWED,coverage_backfill_from_placements,coverage_repair_v9,Auto-added to Unresolved to restore coverage invariant; requires review,,,,,,,,,,,
,,Jir,jir,1,,AUTO_COVERAGE_BACKFILL,UNREVIEWED,coverage_backfill_from_placements,coverage_repair_v9,Auto-added to Unresolved to restore coverage invariant; requires review,,,,,,,,,,,
fc00a6db-968d-55da-90cd-7a2cfddf88d0,,Lisa Uebele Andreas Wolff,lisa uebele andreas wolff,4,,NEEDS_CONTEXT,UNREVIEWED,auto_split_from_likely_split,coverage_closure | finalization_v8,Added for QC07 referential integrity (no merges). | 2026-02-25: approved split candidate (moved unresolved; do not guess split parts),,Lisa Uebele Andreas Wolff,,,Lisa Uebele Andreas Wolff,coverage_closure,,SPLIT_CANDIDATE,wolff,,Lisa Uebele Andreas Wolff
3b063e15-4b06-5cff-8b89-3ca6228fb1e7,,Boris Ollivier Marco Trentmann,boris ollivier marco trentmann,4,,NEEDS_CONTEXT,UNREVIEWED,auto_split_from_likely_split,overrides+data | finalization_v8,2026-02-25: approved split candidate (moved unresolved; do not guess split parts),6a235f5b-7f55-5989-bc9c-3343afc337b3,Boris Ollivier Marco Trentmann,,,Boris Ollivier Marco Trentmann,,,SPLIT_CANDIDATE,trentmann,,Boris Ollivier Marco Trentmann
39fc37b3-2d1e-55e4-868f-35ba3c797d1f,,Christian Bock Christian Bruhn,christian bock christian bruhn,4,,NEEDS_CONTEXT,UNREVIEWED,auto_split_from_likely_split,coverage_closure | finalization_v8,Added for QC07 referential integrity (no merges). | 2026-02-25: approved split candidate (moved unresolved; do not guess split parts),,Christian Bock Christian Bruhn,,,Christian Bock Christian Bruhn,coverage_closure,,SPLIT_CANDIDATE,bruhn,,Christian Bock Christian Bruhn
33f37cbb-2ece-5904-81e9-f3143fa0daf9,,Craig McNair Sage Woodmansee,craig mcnair sage woodmansee,4,,NEEDS_CONTEXT,UNREVIEWED,auto_split_from_likely_split,coverage_closure | finalization_v8,Added for QC07 referential integrity (no merges). | 2026-02-25: approved split candidate (moved unresolved; do not guess split parts),,Craig McNair Sage Woodmansee,,,Craig McNair Sage Woodmansee,coverage_closure,,SPLIT_CANDIDATE,woodmansee,,Craig McNair Sage Woodmansee
454c296d-f01a-5bfb-95d2-639843ae5920,,Jacob Kunde Marc Gebauer,jacob kunde marc gebauer,4,,NEEDS_CONTEXT,UNREVIEWED,auto_split_from_likely_split,overrides+data | finalization_v8,2026-02-25: approved split candidate (moved unresolved; do not guess split parts),a355733e-4829-5bd3-b669-a98ce1897c4a,Jacob Kunde Marc Gebauer,,,Jacob Kunde Marc Gebauer,,,SPLIT_CANDIDATE,gebauer,,Jacob Kunde Marc Gebauer
2c30bc0d-08cc-5f99-8a09-6c3e92a4f11d,,Lonya Julin davID Butcher,lonya julin david butcher,4,,NEEDS_CONTEXT,UNREVIEWED,auto_split_from_likely_split,overrides+data | finalization_v8,2026-02-25: approved split candidate (moved unresolved; do not guess split parts),ec1529f3-af06-5782-af21-a3580047a4d8,Lonya Julin davID Butcher,,,Lonya Julin davID Butcher,,,SPLIT_CANDIDATE,butcher,,Lonya Julin davID Butcher
aa964c20-28b9-5a37-82b3-11503f385e88,,Noah Haunhorst Anton Kunde,noah haunhorst anton kunde,4,,NEEDS_CONTEXT,UNREVIEWED,auto_split_from_likely_split,overrides+data | finalization_v8,2026-02-25: approved split candidate (moved unresolved; do not guess split parts),9a95a929-a7a8-5e13-b8dc-569120cc898e,Noah Haunhorst Anton Kunde,,,Noah Haunhorst Anton Kunde,,,SPLIT_CANDIDATE,kunde,,Noah Haunhorst Anton Kunde
6b1ce5d0-165c-5a5c-a23e-8a4cdc61459b,,Rob Sorenson Brian Jones,rob sorenson brian jones,4,,NEEDS_CONTEXT,UNREVIEWED,auto_split_from_likely_split,overrides+data | finalization_v8,2026-02-25: approved split candidate (moved unresolved; do not guess split parts),68d015f3-e19d-5adf-9b1b-73e1b705fcc0,Rob Sorenson Brian Jones,,,Rob Sorenson Brian Jones,,,SPLIT_CANDIDATE,jones,,Rob Sorenson Brian Jones
d2f5106e-db22-5808-bc7f-1de39dab2a16,,Szymon Kalwak Radoslav Turek,szymon kalwak radoslav turek,4,,NEEDS_CONTEXT,UNREVIEWED,auto_split_from_likely_split,overrides+data | finalization_v8,2026-02-25: approved split candidate (moved unresolved; do not guess split parts),8b0db7df-7664-52a5-99e4-d47e24a0dae6,Szymon Kalwak Radoslav Turek,,,Szymon Kalwak Radoslav Turek,,,SPLIT_CANDIDATE,turek,,Szymon Kalwak Radoslav Turek
0bf28f3a-c245-56fb-9f93-d60e8af8192c,,Wilfrid Vincendeau Valentin Gigaud,wilfrid vincendeau valentin gigaud,4,,NEEDS_CONTEXT,UNREVIEWED,auto_split_from_likely_split,overrides+data | finalization_v8,2026-02-25: approved split candidate (moved unresolved; do not guess split parts),28616094-29c2-569d-9d13-f2108acb6e23,Wilfrid Vincendeau Valentin Gigaud,,,Wilfrid Vincendeau Valentin Gigaud,,,SPLIT_CANDIDATE,gigaud,,Wilfrid Vincendeau Valentin Gigaud
,,Ken Hamric,ken hamric,2,,NEEDS_CONTEXT,UNREVIEWED,auto_split_from_likely_split,coverage_repair_v9,Auto-added to Unresolved to restore coverage invariant; requires review | 2026-02-26: canon cleaned (stripped city/nickname/trick noise),,,,,,,,,,,
,,Maude Landreville CAN Lena Mlakar,maude landreville can lena mlakar,5,,NEEDS_CONTEXT,UNREVIEWED,auto_split_from_likely_split,coverage_repair_v9,Auto-added to Unresolved to restore coverage invariant; requires review | 2026-02-26: confirmed split: Maude Landreville / Lena Mlakar,,,,,,,,,,,
,,Cameron Dowie,cameron dowie,2,,NEEDS_CONTEXT,UNREVIEWED,auto_split_from_likely_split,coverage_repair_v9,Auto-added to Unresolved to restore coverage invariant; requires review | 2026-02-26: canon cleaned (stripped city/nickname/trick noise),,,,,,,,,,,
,,Mikkel Frederiksen og Thomas Mortensen,mikkel frederiksen og thomas mortensen,5,,NEEDS_CONTEXT,UNREVIEWED,auto_split_from_likely_split,coverage_repair_v9,Auto-added to Unresolved to restore coverage invariant; requires review | 2026-02-26: confirmed split: Mikkel Frederiksen / Thomas Mortensen,,,,,,,,,,,
,,Andrey Pomanov,andrey pomanov,2,,NEEDS_CONTEXT,UNREVIEWED,auto_split_from_likely_split,coverage_repair_v9,Auto-added to Unresolved to restore coverage invariant; requires review | 2026-02-26: canon cleaned (stripped city/nickname/trick noise),,,,,,,,,,,
,,Olivier Fages,olivier fages,2,,NEEDS_CONTEXT,UNREVIEWED,auto_split_from_likely_split,coverage_repair_v9,Auto-added to Unresolved to restore coverage invariant; requires review | 2026-02-26: canon cleaned (stripped city/nickname/trick noise),,,,,,,,,,,
,,Ole Snack og Ryan Mulroney,ole snack og ryan mulroney,5,,NEEDS_CONTEXT,UNREVIEWED,auto_split_from_likely_split,coverage_repair_v9,Auto-added to Unresolved to restore coverage invariant; requires review | 2026-02-26: confirmed split: Ole Snack / Ryan Mulroney,,,,,,,,,,,
,,Nicolas De Zeeuw Serge Kaldany,nicolas de zeeuw serge kaldany,5,,NEEDS_CONTEXT,UNREVIEWED,auto_split_from_likely_split,coverage_repair_v9,Auto-added to Unresolved to restore coverage invariant; requires review | 2026-02-26: confirmed split: Nicolas De Zeeuw / Serge Kaldany,,,,,,,,,,,
,,Pavel Hejra a Petr Stejskal,pavel hejra a petr stejskal,5,,NEEDS_CONTEXT,UNREVIEWED,auto_split_from_likely_split,coverage_repair_v9,Auto-added to Unresolved to restore coverage invariant; requires review | 2026-02-26: confirmed split: Pavel Hejra / Petr Stejskal,,,,,,,,,,,
,,Xavier Lancret Boris Julien Ollivier,xavier lancret boris julien ollivier,5,,NEEDS_CONTEXT,UNREVIEWED,auto_split_from_likely_split,coverage_repair_v9,Auto-added to Unresolved to restore coverage invariant; requires review | 2026-02-26: confirmed split: Xavier Lancret / Boris Julien Ollivier,,,,,,,,,,,
,,YEISON OCAMPO Y ANDRES GALLEGO,yeison ocampo y andres gallego,5,,NEEDS_CONTEXT,UNREVIEWED,auto_split_from_likely_split,coverage_repair_v9,Auto-added to Unresolved to restore coverage invariant; requires review | 2026-02-26: confirmed split: Yeison Ocampo / Andres Gallego,,,,,,,,,,,
,,Victor Burnham,victor burnham,2,,NEEDS_CONTEXT,UNREVIEWED,auto_split_from_likely_split,coverage_repair_v9,Auto-added to Unresolved to restore coverage invariant; requires review | 2026-02-26: canon cleaned (stripped city/nickname/trick noise),,,,,,,,,,,
,,SEBASTIAN CEBALLOS Y ANDRES ZAPATA,sebastian ceballos y andres zapata,5,,NEEDS_CONTEXT,UNREVIEWED,auto_split_from_likely_split,coverage_repair_v9,Auto-added to Unresolved to restore coverage invariant; requires review | 2026-02-26: confirmed split: Sebastian Ceballos / Andres Zapata,,,,,,,,,,,
,,Félix Antoine Guérard,robert creel felix antoine guerard,3,,NEEDS_CONTEXT,UNREVIEWED,auto_split_from_likely_split,coverage_repair_v9,Auto-added to Unresolved to restore coverage invariant; requires review,,,,,,,,,,,
,,EDISSON DUQUE Y GIANY,edisson duque y giany,4,,NEEDS_CONTEXT,UNREVIEWED,auto_split_from_likely_split,coverage_repair_v9,Auto-added to Unresolved to restore coverage invariant; requires review | 2026-02-26: confirmed split: Edisson Duque / Giany,,,,,,,,,,,
,,Andrey Egorov,andrey egorov,2,,NEEDS_CONTEXT,UNREVIEWED,auto_split_from_likely_split,coverage_repair_v9,Auto-added to Unresolved to restore coverage invariant; requires review | 2026-02-26: canon cleaned (stripped city/nickname/trick noise),,,,,,,,,,,
,,Edison Alejandro Rodriguez Betancur,edison alejandro rodriguez betancur,4,,NEEDS_CONTEXT,UNREVIEWED,auto_split_from_likely_split,coverage_repair_v9,Auto-added to Unresolved to restore coverage invariant; requires review,,,,,,,,,,,
,,Dexter a Pavel Èervený,dexter a pavel eerveny,4,,NEEDS_CONTEXT,UNREVIEWED,auto_split_from_likely_split,coverage_repair_v9,Auto-added to Unresolved to restore coverage invariant; requires review | 2026-02-26: confirmed split: Dexter / Pavel Červený,,,,,,,,,,,
,,Sébastien Verdy,emmanuel bouchard sebastien verdy,2,,NEEDS_CONTEXT,UNREVIEWED,auto_split_from_likely_split,coverage_repair_v9,Auto-added to Unresolved to restore coverage invariant; requires review,,,,,,,,,,,
,,Stéphane Comeau,alexandre belanger stephane comeau,2,,NEEDS_CONTEXT,UNREVIEWED,auto_split_from_likely_split,coverage_repair_v9,Auto-added to Unresolved to restore coverage invariant; requires review,,,,,,,,,,,
,,Andreas Beimel Frenzel Eduardo Martinez,andreas beimel frenzel eduardo martinez,5,,NEEDS_CONTEXT,UNREVIEWED,auto_split_from_likely_split,coverage_repair_v9,Auto-added to Unresolved to restore coverage invariant; requires review | 2026-02-26: confirmed split: Andreas Beimel Frenzel / Eduardo Martinez,,,,,,,,,,,
,,Andy Götze und Flo Wolff,andy gotze und flo wolff,5,,NEEDS_CONTEXT,UNREVIEWED,auto_split_from_likely_split,coverage_repair_v9,Auto-added to Unresolved to restore coverage invariant; requires review | 2026-02-26: confirmed split: Andy Götze / Flo Wolff,,,,,,,,,,,
,,CARLOS MEDINA,alejandro rodriguez carlos medina,2,,NEEDS_CONTEXT,UNREVIEWED,auto_split_from_likely_split,coverage_repair_v9,Auto-added to Unresolved to restore coverage invariant; requires review,,,,,,,,,,,
,,ALEX LOPEZ Y GABRIEL BOHORQUEZ,alex lopez y gabriel bohorquez,5,,NEEDS_CONTEXT,UNREVIEWED,auto_split_from_likely_split,coverage_repair_v9,Auto-added to Unresolved to restore coverage invariant; requires review | 2026-02-26: confirmed split: Alex Lopez / Gabriel Bohorquez,,,,,,,,,,,
,,ANDRES ARCE Y BERNARDO PALACIOS,andres arce y bernardo palacios,5,,NEEDS_CONTEXT,UNREVIEWED,auto_split_from_likely_split,coverage_repair_v9,Auto-added to Unresolved to restore coverage invariant; requires review | 2026-02-26: confirmed split: Andres Arce / Bernardo Palacios,,,,,,,,,,,
,,ANTONO LINERO Y ALBERTO PEREZ,antono linero y alberto perez,5,,NEEDS_CONTEXT,UNREVIEWED,auto_split_from_likely_split,coverage_repair_v9,Auto-added to Unresolved to restore coverage invariant; requires review | 2026-02-26: confirmed split: Antonio Linero / Alberto Perez,,,,,,,,,,,
,,Christian Löwe und Hanneé Tiger,christian lowe und hannee tiger,5,,NEEDS_CONTEXT,UNREVIEWED,auto_split_from_likely_split,coverage_repair_v9,Auto-added to Unresolved to restore coverage invariant; requires review | 2026-02-26: confirmed split: Christian Löwe / Hannée Tiger,,,,,,,,,,,
,,Baptiste Supan,baptiste supan,2,,NEEDS_CONTEXT,UNREVIEWED,auto_split_from_likely_split,coverage_repair_v9,Auto-added to Unresolved to restore coverage invariant; requires review | 2026-02-26: canon cleaned (stripped city/nickname/trick noise),,,,,,,,,,,
,,Benjamin De Bastos Louis Marchadier,benjamin de bastos louis marchadier,5,,NEEDS_CONTEXT,UNREVIEWED,auto_split_from_likely_split,coverage_repair_v9,Auto-added to Unresolved to restore coverage invariant; requires review | 2026-02-26: confirmed split: Benjamin De Bastos / Louis Marchadier,,,,,,,,,,,
,,Bjarne Everberg og Benny Leich,bjarne everberg og benny leich,5,,NEEDS_CONTEXT,UNREVIEWED,auto_split_from_likely_split,coverage_repair_v9,Auto-added to Unresolved to restore coverage invariant; requires review | 2026-02-26: confirmed split: Bjarne Everberg / Benny Leich,,,,,,,,,,,
,,Luke Anderson,luke anderson,2,,NEEDS_CONTEXT,UNREVIEWED,auto_split_from_likely_split,coverage_repair_v9,Auto-added to Unresolved to restore coverage invariant; requires review | 2026-02-26: canon cleaned (stripped city/nickname/trick noise),,,,,,,,,,,
,,Luke Legault CAN Lena Mlakar,luke legault can lena mlakar,5,,NEEDS_CONTEXT,UNREVIEWED,auto_split_from_likely_split,coverage_repair_v9,Auto-added to Unresolved to restore coverage invariant; requires review | 2026-02-26: confirmed split: Luke Legault / Lena Mlakar,,,,,,,,,,,
,,Lena Mlakar Jereb Wlady Pachexo,lena mlakar jereb wlady pachexo,5,,NEEDS_CONTEXT,UNREVIEWED,auto_split_from_likely_split,coverage_repair_v9,Auto-added to Unresolved to restore coverage invariant; requires review | 2026-02-26: confirmed split: Lena Mlakar Jereb / Wlady Pachexo,,,,,,,,,,,
,,Max Kerkoff,max kerkoff,2,,NEEDS_CONTEXT,UNREVIEWED,auto_split_from_likely_split,coverage_repair_v9,Auto-added to Unresolved to restore coverage invariant; requires review | 2026-02-26: canon cleaned (stripped city/nickname/trick noise),,,,,,,,,,,
,,Martin a Honza Hulejovi,martin a honza hulejovi,4,,NEEDS_CONTEXT,UNREVIEWED,auto_split_from_likely_split,coverage_repair_v9,Auto-added to Unresolved to restore coverage invariant; requires review | 2026-02-26: confirmed split: Martin Hulejovi / Honza Hulejovi,,,,,,,,,,,
,,Jamie Lepley,jamie lepley,2,,NEEDS_CONTEXT,UNREVIEWED,auto_split_from_likely_split,coverage_repair_v9,Auto-added to Unresolved to restore coverage invariant; requires review | 2026-02-26: canon cleaned (stripped city/nickname/trick noise),,,,,,,,,,,
