event_id,year,event_name,line_no,line_raw,line_class,name_raw,person_id,person_canon,match_type,score_raw,score_value,score_type,extract_method,filter_reason
1031334528,2003,Funtastik Summer Classic Footbag Tournament,30,1. Jamie Lepley- 29 $50,result_score,Jamie Lepley,3e46c4db-089a-55ed-a5ff-f0ce0ed793f3,Jamie Lepley,exact,29,29.0,golf_score,placement_line_tail_score,
1031334528,2003,Funtastik Summer Classic Footbag Tournament,30,1. Jamie Lepley- 29 $50,result_score,Jamie Lepley,3e46c4db-089a-55ed-a5ff-f0ce0ed793f3,Jamie Lepley,exact,29,29.0,golf_score,name_score_inline,
1031334528,2003,Funtastik Summer Classic Footbag Tournament,31,2. Garth Smith- 30 prize,result_score,Garth Smith,08ecb6e2-5ae2-539e-a4be-41cb2d98524b,Garth Smith,exact,30,30.0,raw_integer,placement_line_tail_score,
1031334528,2003,Funtastik Summer Classic Footbag Tournament,31,2. Garth Smith- 30 prize,result_score,Garth Smith,08ecb6e2-5ae2-539e-a4be-41cb2d98524b,Garth Smith,exact,30,30.0,raw_integer,name_score_inline,
1031334528,2003,Funtastik Summer Classic Footbag Tournament,32,3. Jeremy Walters- 35,result_score,Jeremy Walters,de3e9581-85a2-520b-92e5-d48c0d7f8bd2,Jeremy Walters,exact,35,35.0,raw_integer,placement_line_tail_score,
1031334528,2003,Funtastik Summer Classic Footbag Tournament,32,3. Jeremy Walters- 35,result_score,Jeremy Walters,de3e9581-85a2-520b-92e5-d48c0d7f8bd2,Jeremy Walters,exact,35,35.0,raw_integer,name_score_inline,
1031334528,2003,Funtastik Summer Classic Footbag Tournament,33,4. Jon Felix- 37,result_score,Jon Felix,995b3cb0-5d4d-5695-9413-3c7d4110f481,Jon Felix,exact,37,37.0,raw_integer,placement_line_tail_score,
1031334528,2003,Funtastik Summer Classic Footbag Tournament,33,4. Jon Felix- 37,result_score,Jon Felix,995b3cb0-5d4d-5695-9413-3c7d4110f481,Jon Felix,exact,37,37.0,raw_integer,name_score_inline,
1031334528,2003,Funtastik Summer Classic Footbag Tournament,60,1. Effram Press- 41,result_score,Effram Press,1e11a981-de87-536a-abdb-31030a1ce540,Effram Press,exact,41,41.0,raw_integer,placement_line_tail_score,
1031334528,2003,Funtastik Summer Classic Footbag Tournament,60,1. Effram Press- 41,result_score,Effram Press,1e11a981-de87-536a-abdb-31030a1ce540,Effram Press,exact,41,41.0,raw_integer,name_score_inline,
1031334528,2003,Funtastik Summer Classic Footbag Tournament,61,2. Ben Kellman- 42,result_score,Ben Kellman,edb7ff85-0dae-5590-b5df-ac61cd472031,Ben Kellman,exact,42,42.0,raw_integer,placement_line_tail_score,
1031334528,2003,Funtastik Summer Classic Footbag Tournament,61,2. Ben Kellman- 42,result_score,Ben Kellman,edb7ff85-0dae-5590-b5df-ac61cd472031,Ben Kellman,exact,42,42.0,raw_integer,name_score_inline,
1031334528,2003,Funtastik Summer Classic Footbag Tournament,62,3. Jason Varvaro- 44 (tie breaker),result_score,Jason Varvaro,86e02868-8a77-5e1f-9783-e7b43e95ddb2,Jason Varvaro,exact,44,44.0,raw_integer,placement_line_tail_score,
1031334528,2003,Funtastik Summer Classic Footbag Tournament,62,3. Jason Varvaro- 44 (tie breaker),result_score,Jason Varvaro,86e02868-8a77-5e1f-9783-e7b43e95ddb2,Jason Varvaro,exact,44,44.0,raw_integer,name_score_inline,
1031334528,2003,Funtastik Summer Classic Footbag Tournament,63,4. Matt Vilade- 44,result_score,Matt Vilade,38235b83-a291-534d-ae4b-6ba8c6d6bf67,Matt Vilade,exact,44,44.0,raw_integer,placement_line_tail_score,
1031334528,2003,Funtastik Summer Classic Footbag Tournament,63,4. Matt Vilade- 44,result_score,Matt Vilade,38235b83-a291-534d-ae4b-6ba8c6d6bf67,Matt Vilade,exact,44,44.0,raw_integer,name_score_inline,
1031334528,2003,Funtastik Summer Classic Footbag Tournament,64,5. Errol Stryker-44,result_score,Errol Stryker,c256196e-aeb4-5011-9dce-81719a307619,Erroll Stryker,exact,44,44.0,raw_integer,placement_line_tail_score,
1031334528,2003,Funtastik Summer Classic Footbag Tournament,64,5. Errol Stryker-44,result_score,Errol Stryker,c256196e-aeb4-5011-9dce-81719a307619,Erroll Stryker,exact,44,44.0,raw_integer,name_score_inline,
1109356644,2005,Funtastik Summer Classic,51,1. Matt Matson- 36,result_score,Matt Matson,e5eca718-d710-54a4-a38a-9b3df2de3a21,Matt Matson,exact,36,36.0,raw_integer,placement_line_tail_score,
1109356644,2005,Funtastik Summer Classic,51,1. Matt Matson- 36,result_score,Matt Matson,e5eca718-d710-54a4-a38a-9b3df2de3a21,Matt Matson,exact,36,36.0,raw_integer,name_score_inline,
1124840254,2005,The Hackrifice Open 2005,3,1) Andrew Grant - 162.0,result_score,Andrew Grant,8606f658-92cd-570c-bf5e-2865de4a9b48,Andrew Grant,exact,162.0,162.0,raw_integer,placement_line_tail_score,
1124840254,2005,The Hackrifice Open 2005,3,1) Andrew Grant - 162.0,result_score,Andrew Grant,8606f658-92cd-570c-bf5e-2865de4a9b48,Andrew Grant,exact,162.0,162.0,raw_integer,name_score_inline,
1124840254,2005,The Hackrifice Open 2005,4,2) Brett Campbell - 128.9,result_score,Brett Campbell,96456a6d-5895-58ab-8175-9408424e79d1,Brett Campbell,exact,128.9,128.9,raw_integer,placement_line_tail_score,
1124840254,2005,The Hackrifice Open 2005,4,2) Brett Campbell - 128.9,result_score,Brett Campbell,96456a6d-5895-58ab-8175-9408424e79d1,Brett Campbell,exact,128.9,128.9,raw_integer,name_score_inline,
1124840254,2005,The Hackrifice Open 2005,5,3) Byrin Wylie - 118.3,result_score,Byrin Wylie,bf5ce745-18b5-50b5-87a5-b2af6ffbf21c,Byrin Wylie,exact,118.3,118.3,raw_integer,placement_line_tail_score,
1124840254,2005,The Hackrifice Open 2005,5,3) Byrin Wylie - 118.3,result_score,Byrin Wylie,bf5ce745-18b5-50b5-87a5-b2af6ffbf21c,Byrin Wylie,exact,118.3,118.3,raw_integer,name_score_inline,
1124840254,2005,The Hackrifice Open 2005,6,4) Erik Chan - 107.7,result_score,Erik Chan,10f0e26c-4ec9-5916-bc9b-ff587c0681d4,Eric Chan,exact,107.7,107.7,raw_integer,placement_line_tail_score,
1124840254,2005,The Hackrifice Open 2005,6,4) Erik Chan - 107.7,result_score,Erik Chan,10f0e26c-4ec9-5916-bc9b-ff587c0681d4,Eric Chan,exact,107.7,107.7,raw_integer,name_score_inline,
1124840254,2005,The Hackrifice Open 2005,7,5) Rory Dawson - 102. 1,result_score,Rory Dawson,e53e759e-e2e1-589b-a5b2-4c95e89b8e8c,Rory Dawson,exact,102,102.0,raw_integer,placement_line_tail_score,
1124840254,2005,The Hackrifice Open 2005,7,5) Rory Dawson - 102. 1,result_score,Rory Dawson,e53e759e-e2e1-589b-a5b2-4c95e89b8e8c,Rory Dawson,exact,102,102.0,raw_integer,name_score_inline,
1124840254,2005,The Hackrifice Open 2005,9,1) Erik Magnusson - 49.2,result_score,Erik Magnusson,d5e3365e-ca56-5337-84fd-eaac9b7d7de4,Erik Magnusson,exact,49.2,49.2,raw_integer,placement_line_tail_score,
1124840254,2005,The Hackrifice Open 2005,9,1) Erik Magnusson - 49.2,result_score,Erik Magnusson,d5e3365e-ca56-5337-84fd-eaac9b7d7de4,Erik Magnusson,exact,49.2,49.2,raw_integer,name_score_inline,
1124840254,2005,The Hackrifice Open 2005,10,2) Jessica Archer - 33.3,result_score,Jessica Archer,3ff6ba8b-ae30-553e-81f9-18538fb5c86b,Jessica Archer,exact,33.3,33.3,raw_integer,placement_line_tail_score,
1124840254,2005,The Hackrifice Open 2005,10,2) Jessica Archer - 33.3,result_score,Jessica Archer,3ff6ba8b-ae30-553e-81f9-18538fb5c86b,Jessica Archer,exact,33.3,33.3,raw_integer,name_score_inline,
1131659634,2006,2006 Green Cup Presented by Chaos,20,"1. Emmanuel Bouchard (semi: 2 - 1 JF; final: 11 - 1, 12 - 10)",result_score,Emmanuel Bouchard,3ef63282-9e9c-5f57-94c5-e1b5c4fe8c3c,Emmanuel Bouchard,exact,2,2.0,golf_score,placement_line_tail_score,
1135116604,2006,27th IFPA WORLD FOOTBAG CHAMPIONSHIPS,309,1. Lauri Jaakkola (FI) - 3 placing points,result_score,Lauri Jaakkola,d02af1ed-7c5d-5ee3-8dbe-422421ec5b3a,Lauri Jaakkola,exact,3,3.0,golf_score,placement_line_tail_score,
1135116604,2006,27th IFPA WORLD FOOTBAG CHAMPIONSHIPS,310,2. Wiktor Debski (PL) - 7 placing points,result_score,Wiktor Debski,,,unresolved,7,7.0,golf_score,placement_line_tail_score,
1135116604,2006,27th IFPA WORLD FOOTBAG CHAMPIONSHIPS,311,3. Dylan Fry (UK) - 11 placing points,result_score,Dylan Fry,9aa9e85a-1dbb-54ad-8aed-10bd7e5719ad,Dylan Fry,exact,11,11.0,golf_score,placement_line_tail_score,
1135116604,2006,27th IFPA WORLD FOOTBAG CHAMPIONSHIPS,312,4. Evan Lovely (US) - 12 placing points,result_score,Evan Lovely,bc25cbb5-3010-58ac-8bba-b7b745d309dd,Evan Lovely,exact,12,12.0,golf_score,placement_line_tail_score,
1135116604,2006,27th IFPA WORLD FOOTBAG CHAMPIONSHIPS,313,4. Yves Archambault (CA) - 12 placing points,result_score,Yves Archambault,691f48a0-1dbd-5ef5-99ea-13615a7437d2,Yves Archambault,exact,12,12.0,golf_score,placement_line_tail_score,
1137347261,2006,7th Annual Colorado Shred Symposium,3,2. Dylan Johnson - 84,result_score,Dylan Johnson,162332af-26d3-557e-9bf8-ff21c226fbaf,Dylan Johnson,exact,84,84.0,raw_integer,placement_line_tail_score,
1137347261,2006,7th Annual Colorado Shred Symposium,3,2. Dylan Johnson - 84,result_score,Dylan Johnson,162332af-26d3-557e-9bf8-ff21c226fbaf,Dylan Johnson,exact,84,84.0,raw_integer,name_score_inline,
1137347261,2006,7th Annual Colorado Shred Symposium,4,3. Sunny Freeman Genz- 75.5,result_score,Sunny Freeman Genz,226d0da7-f659-5870-a9ac-6bff94c85319,Sunny Freeman-Genz,exact,75.5,75.5,raw_integer,placement_line_tail_score,
1137347261,2006,7th Annual Colorado Shred Symposium,4,3. Sunny Freeman Genz- 75.5,result_score,Sunny Freeman Genz,226d0da7-f659-5870-a9ac-6bff94c85319,Sunny Freeman-Genz,exact,75.5,75.5,raw_integer,name_score_inline,
1137347261,2006,7th Annual Colorado Shred Symposium,5,4. Chris Balch - 66.46,result_score,Chris Balch,e8aa88b0-f630-555a-ac0c-60d033607464,Chris Balch,exact,66.46,66.46,raw_integer,placement_line_tail_score,
1137347261,2006,7th Annual Colorado Shred Symposium,5,4. Chris Balch - 66.46,result_score,Chris Balch,e8aa88b0-f630-555a-ac0c-60d033607464,Chris Balch,exact,66.46,66.46,raw_integer,name_score_inline,
1148241486,2006,2006 Steel City Shred Off,3,1) David Clavens - 232,result_score,David Clavens,033a8589-0c98-5729-a8b4-068c4efcf025,David Clavens,exact,232,232.0,raw_integer,placement_line_tail_score,
1148241486,2006,2006 Steel City Shred Off,3,1) David Clavens - 232,result_score,David Clavens,033a8589-0c98-5729-a8b4-068c4efcf025,David Clavens,exact,232,232.0,raw_integer,name_score_inline,
1148241486,2006,2006 Steel City Shred Off,4,2) Gordon Bevier - 210,result_score,Gordon Bevier,10573dc4-31ee-5440-9df4-a68d11bd4801,Gordon Bevier,exact,210,210.0,raw_integer,placement_line_tail_score,
1148241486,2006,2006 Steel City Shred Off,4,2) Gordon Bevier - 210,result_score,Gordon Bevier,10573dc4-31ee-5440-9df4-a68d11bd4801,Gordon Bevier,exact,210,210.0,raw_integer,name_score_inline,
1148241486,2006,2006 Steel City Shred Off,5,3) Caleb Abraham - 152,result_score,Caleb Abraham,ea4b97b8-2ee0-516b-94ce-ccdf349463da,Caleb Abraham,exact,152,152.0,raw_integer,placement_line_tail_score,
1148241486,2006,2006 Steel City Shred Off,5,3) Caleb Abraham - 152,result_score,Caleb Abraham,ea4b97b8-2ee0-516b-94ce-ccdf349463da,Caleb Abraham,exact,152,152.0,raw_integer,name_score_inline,
1148241486,2006,2006 Steel City Shred Off,9,3) Nathan Pipenberg - 69,result_score,Nathan Pipenberg,eae790d9-83f5-5339-8828-c641f33ec86d,Nathan Pipenberg,exact,69,69.0,raw_integer,placement_line_tail_score,
1148241486,2006,2006 Steel City Shred Off,9,3) Nathan Pipenberg - 69,result_score,Nathan Pipenberg,eae790d9-83f5-5339-8828-c641f33ec86d,Nathan Pipenberg,exact,69,69.0,raw_integer,name_score_inline,
1177512537,2007,Championnats de France de Footbag,17,"1- Serge Kaldany : 183,97",result_score,Serge Kaldany,8983b558-9cb9-5a25-bb28-589435a8f34e,Serge Kaldany,exact,183,183.0,raw_integer,placement_line_tail_score,
1177512537,2007,Championnats de France de Footbag,17,"1- Serge Kaldany : 183,97",result_score,Serge Kaldany,8983b558-9cb9-5a25-bb28-589435a8f34e,Serge Kaldany,exact,183,183.0,raw_integer,name_score_inline,
1177512537,2007,Championnats de France de Footbag,18,"2- Jeremy Masselis : 123,34",result_score,Jeremy Masselis,1f864e5e-28bc-5370-8f30-49bc3c65c64c,Jeremy Masselis,exact,123,123.0,raw_integer,placement_line_tail_score,
1177512537,2007,Championnats de France de Footbag,18,"2- Jeremy Masselis : 123,34",result_score,Jeremy Masselis,1f864e5e-28bc-5370-8f30-49bc3c65c64c,Jeremy Masselis,exact,123,123.0,raw_integer,name_score_inline,
1177512537,2007,Championnats de France de Footbag,19,"3- Maxime Boucoiran : 118,46",result_score,Maxime Boucoiran,8069a4cf-1543-5a0a-bf83-92edff9e120f,Maxime Boucoiran,exact,118,118.0,raw_integer,placement_line_tail_score,
1177512537,2007,Championnats de France de Footbag,19,"3- Maxime Boucoiran : 118,46",result_score,Maxime Boucoiran,8069a4cf-1543-5a0a-bf83-92edff9e120f,Maxime Boucoiran,exact,118,118.0,raw_integer,name_score_inline,
1185556078,2007,Austrian Footbag Championships 2007,36,1. Ali Dastrandj - 26,result_score,Ali Dastrandj,e2a90d21-3f84-5e96-b568-8750b69ca493,Ali Djastranj,exact,26,26.0,golf_score,placement_line_tail_score,
1185556078,2007,Austrian Footbag Championships 2007,36,1. Ali Dastrandj - 26,result_score,Ali Dastrandj,e2a90d21-3f84-5e96-b568-8750b69ca493,Ali Djastranj,exact,26,26.0,golf_score,name_score_inline,
1185556078,2007,Austrian Footbag Championships 2007,37,2. Bernhard Leiner - 28,result_score,Bernhard Leiner,600c7e31-01f3-50f4-9a65-c79c13691920,Bernhard Leiner,exact,28,28.0,golf_score,placement_line_tail_score,
1185556078,2007,Austrian Footbag Championships 2007,37,2. Bernhard Leiner - 28,result_score,Bernhard Leiner,600c7e31-01f3-50f4-9a65-c79c13691920,Bernhard Leiner,exact,28,28.0,golf_score,name_score_inline,
1185556078,2007,Austrian Footbag Championships 2007,38,3. Klemens Längauer - 29,result_score,Klemens Längauer,b41cedc4-cb5f-5d49-899f-5a04af4092da,Klemenz Längauer,exact,29,29.0,golf_score,placement_line_tail_score,
1185556078,2007,Austrian Footbag Championships 2007,38,3. Klemens Längauer - 29,result_score,Klemens Längauer,b41cedc4-cb5f-5d49-899f-5a04af4092da,Klemenz Längauer,exact,29,29.0,golf_score,name_score_inline,
1185556078,2007,Austrian Footbag Championships 2007,39,4. Alexander Trenner - 31,result_score,Alexander Trenner,24ffb4bb-a58e-54d8-b0d9-06b989c794cd,Alexander Trenner,exact,31,31.0,raw_integer,placement_line_tail_score,
1185556078,2007,Austrian Footbag Championships 2007,39,4. Alexander Trenner - 31,result_score,Alexander Trenner,24ffb4bb-a58e-54d8-b0d9-06b989c794cd,Alexander Trenner,exact,31,31.0,raw_integer,name_score_inline,
1185556078,2007,Austrian Footbag Championships 2007,41,"1. Paul Cronjäger - 186,06",result_score,Paul Cronjäger,be1b4187-c73a-58a6-beb7-1bba61be3f28,Paul Cronjaeger,exact,186,186.0,raw_integer,placement_line_tail_score,
1185556078,2007,Austrian Footbag Championships 2007,41,"1. Paul Cronjäger - 186,06",result_score,Paul Cronjäger,be1b4187-c73a-58a6-beb7-1bba61be3f28,Paul Cronjaeger,exact,186,186.0,raw_integer,name_score_inline,
1185556078,2007,Austrian Footbag Championships 2007,42,"2. Alexander Trenner - 158,52",result_score,Alexander Trenner,24ffb4bb-a58e-54d8-b0d9-06b989c794cd,Alexander Trenner,exact,158,158.0,raw_integer,placement_line_tail_score,
1185556078,2007,Austrian Footbag Championships 2007,42,"2. Alexander Trenner - 158,52",result_score,Alexander Trenner,24ffb4bb-a58e-54d8-b0d9-06b989c794cd,Alexander Trenner,exact,158,158.0,raw_integer,name_score_inline,
1185556078,2007,Austrian Footbag Championships 2007,43,"3. Rene Rühr - 138,83",result_score,Rene Rühr,9585ffd8-cc96-528e-ba4a-4211da8cef00,Rene Ruehr,exact,138,138.0,raw_integer,placement_line_tail_score,
1185556078,2007,Austrian Footbag Championships 2007,43,"3. Rene Rühr - 138,83",result_score,Rene Rühr,9585ffd8-cc96-528e-ba4a-4211da8cef00,Rene Ruehr,exact,138,138.0,raw_integer,name_score_inline,
1185556078,2007,Austrian Footbag Championships 2007,44,"4. Matthias Schmidt - 136,36",result_score,Matthias Schmidt,,,unresolved,136,136.0,raw_integer,placement_line_tail_score,
1185556078,2007,Austrian Footbag Championships 2007,44,"4. Matthias Schmidt - 136,36",result_score,Matthias Schmidt,,,unresolved,136,136.0,raw_integer,name_score_inline,
1185556078,2007,Austrian Footbag Championships 2007,45,"5. Klemens Längauer - 110,38",result_score,Klemens Längauer,b41cedc4-cb5f-5d49-899f-5a04af4092da,Klemenz Längauer,exact,110,110.0,raw_integer,placement_line_tail_score,
1185556078,2007,Austrian Footbag Championships 2007,45,"5. Klemens Längauer - 110,38",result_score,Klemens Längauer,b41cedc4-cb5f-5d49-899f-5a04af4092da,Klemenz Längauer,exact,110,110.0,raw_integer,name_score_inline,
1185556078,2007,Austrian Footbag Championships 2007,46,"6. Chrisoph Larndorfer - 73,38",result_score,Chrisoph Larndorfer,4cbec9a2-d07a-5400-b645-ce6e573e93b2,Chrisoph Larndorfer,exact,73,73.0,raw_integer,placement_line_tail_score,
1185556078,2007,Austrian Footbag Championships 2007,46,"6. Chrisoph Larndorfer - 73,38",result_score,Chrisoph Larndorfer,4cbec9a2-d07a-5400-b645-ce6e573e93b2,Chrisoph Larndorfer,exact,73,73.0,raw_integer,name_score_inline,
1185556078,2007,Austrian Footbag Championships 2007,47,"7. Ali Dastrandj - 51,32",result_score,Ali Dastrandj,e2a90d21-3f84-5e96-b568-8750b69ca493,Ali Djastranj,exact,51,51.0,raw_integer,placement_line_tail_score,
1185556078,2007,Austrian Footbag Championships 2007,47,"7. Ali Dastrandj - 51,32",result_score,Ali Dastrandj,e2a90d21-3f84-5e96-b568-8750b69ca493,Ali Djastranj,exact,51,51.0,raw_integer,name_score_inline,
1195585401,2008,The 2008 Green Cup Presented by Chaos,64,"1. Florian Goetze / Lisa McDaniel (El Cerrito, CA, USA) [Final: 15-13, 15-10]",result_score,Florian Goetze / Lisa McDaniel,ab966624-6643-5dea-b165-67e66af402f9,Florian Goetze,exact,15,15.0,golf_score,placement_line_tail_score,
1195585401,2008,The 2008 Green Cup Presented by Chaos,64,"1. Florian Goetze / Lisa McDaniel (El Cerrito, CA, USA) [Final: 15-13, 15-10]",result_score,Final,,,unresolved,15,15.0,reject,name_score_inline,score_classifier_reject
1208345952,2008,9th Annual Turku Open,21,"1. Jani Markkanen (final 11-8, 9-11, 11-6)",result_score,Jani Markkanen,0dee73bb-caed-5f5c-9c20-5ea946939871,Jani Sakari Markkanen,exact,8,8.0,golf_score,placement_line_tail_score,
1235653935,2009,11th Annual IFPA European Footbag Championships - Strzelin,114,1. Milan Benda - 246 (Czechy),result_score,Milan Benda,0b3204c8-7e99-586e-aeb2-4186d0901fe3,Milan Benda,exact,246,246.0,raw_integer,placement_line_tail_score,
1235653935,2009,11th Annual IFPA European Footbag Championships - Strzelin,114,1. Milan Benda - 246 (Czechy),result_score,Milan Benda,0b3204c8-7e99-586e-aeb2-4186d0901fe3,Milan Benda,exact,246,246.0,raw_integer,name_score_inline,
1235653935,2009,11th Annual IFPA European Footbag Championships - Strzelin,119,"6. Mariusz Wilk - 144,83 (Warszawa)",result_score,Mariusz Wilk,4ad82639-801d-5c4b-aae6-f07e5dfe67d2,Mariusz Wilk,exact,144,144.0,raw_integer,placement_line_tail_score,
1235653935,2009,11th Annual IFPA European Footbag Championships - Strzelin,119,"6. Mariusz Wilk - 144,83 (Warszawa)",result_score,Mariusz Wilk,4ad82639-801d-5c4b-aae6-f07e5dfe67d2,Mariusz Wilk,exact,144,144.0,raw_integer,name_score_inline,
1240469006,2009,Turku Open 2009,19,"1. Matti Pohjola (Final 15-10, 15-1)",result_score,Matti Pohjola,ddffefad-c620-55ab-b1bc-ca01939671c6,Matti Pohjola,exact,10,10.0,golf_score,placement_line_tail_score,
1255957016,2009,Zocha Jam 2009,38,1. Arkadiusz Dudziñski - 240 pkt,result_score,Arkadiusz Dudziñski,6513b145-8a4a-556a-a04f-981d95db2d70,Arkadiusz Dudzinski,exact,240,240.0,raw_integer,placement_line_tail_score,
1255957016,2009,Zocha Jam 2009,38,1. Arkadiusz Dudziñski - 240 pkt,result_score,Arkadiusz Dudziñski,6513b145-8a4a-556a-a04f-981d95db2d70,Arkadiusz Dudzinski,exact,240,240.0,raw_integer,name_score_inline,
1255957016,2009,Zocha Jam 2009,39,2. Jakub Grabarczyk - 195 pkt,result_score,Jakub Grabarczyk,3568ce18-bf1b-55b6-aefd-61f65f55b08c,Jakub Grabarczyk,exact,195,195.0,raw_integer,placement_line_tail_score,
1255957016,2009,Zocha Jam 2009,39,2. Jakub Grabarczyk - 195 pkt,result_score,Jakub Grabarczyk,3568ce18-bf1b-55b6-aefd-61f65f55b08c,Jakub Grabarczyk,exact,195,195.0,raw_integer,name_score_inline,
1255957016,2009,Zocha Jam 2009,40,3. Marcin Bujko - 183 pkt,result_score,Marcin Bujko,4f0fcdbc-8dfe-51fc-b92c-b3cda4dd0c00,Marcin Bujko,exact,183,183.0,raw_integer,placement_line_tail_score,
1255957016,2009,Zocha Jam 2009,40,3. Marcin Bujko - 183 pkt,result_score,Marcin Bujko,4f0fcdbc-8dfe-51fc-b92c-b3cda4dd0c00,Marcin Bujko,exact,183,183.0,raw_integer,name_score_inline,
1255957016,2009,Zocha Jam 2009,41,4. Damian Gielnicki - 180 pkt,result_score,Damian Gielnicki,ac1268dc-a961-568f-860e-63e9ea815c01,Damian Gielnicki,exact,180,180.0,raw_integer,placement_line_tail_score,
1255957016,2009,Zocha Jam 2009,41,4. Damian Gielnicki - 180 pkt,result_score,Damian Gielnicki,ac1268dc-a961-568f-860e-63e9ea815c01,Damian Gielnicki,exact,180,180.0,raw_integer,name_score_inline,
1255957016,2009,Zocha Jam 2009,42,5. Mariusz Wilk - 160 pkt,result_score,Mariusz Wilk,4ad82639-801d-5c4b-aae6-f07e5dfe67d2,Mariusz Wilk,exact,160,160.0,raw_integer,placement_line_tail_score,
1255957016,2009,Zocha Jam 2009,42,5. Mariusz Wilk - 160 pkt,result_score,Mariusz Wilk,4ad82639-801d-5c4b-aae6-f07e5dfe67d2,Mariusz Wilk,exact,160,160.0,raw_integer,name_score_inline,
1255957016,2009,Zocha Jam 2009,43,6. Mateusz Janicki - 158 pkt,result_score,Mateusz Janicki,db71b1dc-51bc-54e5-9360-1d186c8f1cad,Mateusz Janicki,exact,158,158.0,raw_integer,placement_line_tail_score,
1255957016,2009,Zocha Jam 2009,43,6. Mateusz Janicki - 158 pkt,result_score,Mateusz Janicki,db71b1dc-51bc-54e5-9360-1d186c8f1cad,Mateusz Janicki,exact,158,158.0,raw_integer,name_score_inline,
1255957016,2009,Zocha Jam 2009,45,8. Maciej Niczyporuk - 113 pkt,result_score,Maciej Niczyporuk,401af1f3-a976-5403-9740-210e2849f159,Maciej Niczyporuk,exact,113,113.0,raw_integer,placement_line_tail_score,
1255957016,2009,Zocha Jam 2009,45,8. Maciej Niczyporuk - 113 pkt,result_score,Maciej Niczyporuk,401af1f3-a976-5403-9740-210e2849f159,Maciej Niczyporuk,exact,113,113.0,raw_integer,name_score_inline,
1331667371,2012,Paris Net Battle 2,86,"16-14, 15-10). This was Karim?s 4?s finals in row in Paris since June",result_score,14,,,unresolved,10,10.0,reject,placement_line_tail_score,score_classifier_reject
1473853257,2016,Malopolska Footbag Championships 2016 // Mistrzostwa Ma³opolski w Zo¶kê 2016,43,3. Maciej Pietrzycki (Request: 2 Sick3: 4 Big1: 4),result_score,Maciej Pietrzycki,94fa84c1-d2d6-52df-a224-c318a0e3771c,Maciej Pietrzycki,exact,2,2.0,golf_score,placement_line_tail_score,
1473853257,2016,Malopolska Footbag Championships 2016 // Mistrzostwa Ma³opolski w Zo¶kê 2016,43,3. Maciej Pietrzycki (Request: 2 Sick3: 4 Big1: 4),result_score,Request,,,unresolved,2,2.0,golf_score,name_score_inline,
1487797845,2017,19th Annual IFPA European Footbag Championships,24,1. Juho Marjo - 21.1,result_score,Juho Marjo,97d088ee-48f7-5920-b973-94cc1deb0b66,Juho Marjo,exact,21.1,21.1,freestyle_judging,placement_line_tail_score,
1487797845,2017,19th Annual IFPA European Footbag Championships,24,1. Juho Marjo - 21.1,result_score,Juho Marjo,97d088ee-48f7-5920-b973-94cc1deb0b66,Juho Marjo,exact,21.1,21.1,freestyle_judging,name_score_inline,
1487797845,2017,19th Annual IFPA European Footbag Championships,25,2. Alexander Trenner - 19.8,result_score,Alexander Trenner,24ffb4bb-a58e-54d8-b0d9-06b989c794cd,Alexander Trenner,exact,19.8,19.8,freestyle_judging,placement_line_tail_score,
1487797845,2017,19th Annual IFPA European Footbag Championships,25,2. Alexander Trenner - 19.8,result_score,Alexander Trenner,24ffb4bb-a58e-54d8-b0d9-06b989c794cd,Alexander Trenner,exact,19.8,19.8,freestyle_judging,name_score_inline,
1487797845,2017,19th Annual IFPA European Footbag Championships,26,3. Wiktor Debski - 19.4,result_score,Wiktor Debski,,,unresolved,19.4,19.4,freestyle_judging,placement_line_tail_score,
1487797845,2017,19th Annual IFPA European Footbag Championships,26,3. Wiktor Debski - 19.4,result_score,Wiktor Debski,,,unresolved,19.4,19.4,freestyle_judging,name_score_inline,
1487797845,2017,19th Annual IFPA European Footbag Championships,27,4. Nico Gasser - 9.4,result_score,Nico Gasser,08bad299-35e4-5311-a847-3f7d78cbeef6,Nico Gasser,exact,9.4,9.4,freestyle_judging,placement_line_tail_score,
1487797845,2017,19th Annual IFPA European Footbag Championships,27,4. Nico Gasser - 9.4,result_score,Nico Gasser,08bad299-35e4-5311-a847-3f7d78cbeef6,Nico Gasser,exact,9.4,9.4,freestyle_judging,name_score_inline,
1487797845,2017,19th Annual IFPA European Footbag Championships,28,5. Flurin Bischoff - 8.5,result_score,Flurin Bischoff,d25f994e-0337-5fc5-923d-8f1c88d4a44d,Flurin Bischoff,exact,8.5,8.5,freestyle_judging,placement_line_tail_score,
1487797845,2017,19th Annual IFPA European Footbag Championships,28,5. Flurin Bischoff - 8.5,result_score,Flurin Bischoff,d25f994e-0337-5fc5-923d-8f1c88d4a44d,Flurin Bischoff,exact,8.5,8.5,freestyle_judging,name_score_inline,
1487797845,2017,19th Annual IFPA European Footbag Championships,30,1. Pawel Nowak - 19.9,result_score,Pawel Nowak,9fccb3a3-3408-518a-aacb-43d9678fcce4,Pawel Nowak,exact,19.9,19.9,freestyle_judging,placement_line_tail_score,
1487797845,2017,19th Annual IFPA European Footbag Championships,30,1. Pawel Nowak - 19.9,result_score,Pawel Nowak,9fccb3a3-3408-518a-aacb-43d9678fcce4,Pawel Nowak,exact,19.9,19.9,freestyle_judging,name_score_inline,
1487797845,2017,19th Annual IFPA European Footbag Championships,31,2. Arkadiusz Stanek - 18.9,result_score,Arkadiusz Stanek,8859edda-82f6-5013-97d0-1057cb8bdd3b,Arkadiusz Stanek,exact,18.9,18.9,freestyle_judging,placement_line_tail_score,
1487797845,2017,19th Annual IFPA European Footbag Championships,31,2. Arkadiusz Stanek - 18.9,result_score,Arkadiusz Stanek,8859edda-82f6-5013-97d0-1057cb8bdd3b,Arkadiusz Stanek,exact,18.9,18.9,freestyle_judging,name_score_inline,
1487797845,2017,19th Annual IFPA European Footbag Championships,32,3. Arthur Ledain - 17.3,result_score,Arthur Ledain,e528ca88-e462-5870-bd7f-45fb49bfbcfc,Arthur Ledain,exact,17.3,17.3,freestyle_judging,placement_line_tail_score,
1487797845,2017,19th Annual IFPA European Footbag Championships,32,3. Arthur Ledain - 17.3,result_score,Arthur Ledain,e528ca88-e462-5870-bd7f-45fb49bfbcfc,Arthur Ledain,exact,17.3,17.3,freestyle_judging,name_score_inline,
1487797845,2017,19th Annual IFPA European Footbag Championships,33,4. Paloma Mayo - 15.8,result_score,Paloma Mayo,,,unresolved,15.8,15.8,freestyle_judging,placement_line_tail_score,
1487797845,2017,19th Annual IFPA European Footbag Championships,33,4. Paloma Mayo - 15.8,result_score,Paloma Mayo,,,unresolved,15.8,15.8,freestyle_judging,name_score_inline,
1487797845,2017,19th Annual IFPA European Footbag Championships,34,5. Nis Petersen - 12.5,result_score,Nis Petersen,a81adde6-197e-5067-872a-b05092e75cf9,Nis Petersen,exact,12.5,12.5,freestyle_judging,placement_line_tail_score,
1487797845,2017,19th Annual IFPA European Footbag Championships,34,5. Nis Petersen - 12.5,result_score,Nis Petersen,a81adde6-197e-5067-872a-b05092e75cf9,Nis Petersen,exact,12.5,12.5,freestyle_judging,name_score_inline,
1487797845,2017,19th Annual IFPA European Footbag Championships,35,6. Felix Vogelsanger - 10.0,result_score,Felix Vogelsanger,32bbbcf6-957d-5549-9658-1aa7c742aa74,Felix Vogelsanger,exact,10.0,10.0,freestyle_judging,placement_line_tail_score,
1487797845,2017,19th Annual IFPA European Footbag Championships,35,6. Felix Vogelsanger - 10.0,result_score,Felix Vogelsanger,32bbbcf6-957d-5549-9658-1aa7c742aa74,Felix Vogelsanger,exact,10.0,10.0,freestyle_judging,name_score_inline,
1487797845,2017,19th Annual IFPA European Footbag Championships,37,1. Mariusz Wilk - 16.8,result_score,Mariusz Wilk,4ad82639-801d-5c4b-aae6-f07e5dfe67d2,Mariusz Wilk,exact,16.8,16.8,freestyle_judging,placement_line_tail_score,
1487797845,2017,19th Annual IFPA European Footbag Championships,37,1. Mariusz Wilk - 16.8,result_score,Mariusz Wilk,4ad82639-801d-5c4b-aae6-f07e5dfe67d2,Mariusz Wilk,exact,16.8,16.8,freestyle_judging,name_score_inline,
1487797845,2017,19th Annual IFPA European Footbag Championships,38,2. Mikko Lepistö - 14.5,result_score,Mikko Lepistö,8e2c07e2-aeb8-5325-be31-ffcc452944ec,Mikko Lepisto,exact,14.5,14.5,freestyle_judging,placement_line_tail_score,
1487797845,2017,19th Annual IFPA European Footbag Championships,38,2. Mikko Lepistö - 14.5,result_score,Mikko Lepistö,8e2c07e2-aeb8-5325-be31-ffcc452944ec,Mikko Lepisto,exact,14.5,14.5,freestyle_judging,name_score_inline,
1487797845,2017,19th Annual IFPA European Footbag Championships,39,3. Tuomas Riisalo - 14.3,result_score,Tuomas Riisalo,171e6321-c025-5483-af9d-c92b2ee04806,Tuomas Riisalo,exact,14.3,14.3,freestyle_judging,placement_line_tail_score,
1487797845,2017,19th Annual IFPA European Footbag Championships,39,3. Tuomas Riisalo - 14.3,result_score,Tuomas Riisalo,171e6321-c025-5483-af9d-c92b2ee04806,Tuomas Riisalo,exact,14.3,14.3,freestyle_judging,name_score_inline,
1487797845,2017,19th Annual IFPA European Footbag Championships,40,4. Silwan Daouk - 8.3,result_score,Silwan Daouk,8000b520-2bfb-5767-86a7-b5c8eefc7651,Silwan Daouk,exact,8.3,8.3,freestyle_judging,placement_line_tail_score,
1487797845,2017,19th Annual IFPA European Footbag Championships,40,4. Silwan Daouk - 8.3,result_score,Silwan Daouk,8000b520-2bfb-5767-86a7-b5c8eefc7651,Silwan Daouk,exact,8.3,8.3,freestyle_judging,name_score_inline,
1487797845,2017,19th Annual IFPA European Footbag Championships,41,5. Sergio Martin - 8.1,result_score,Sergio Martin,0b0dbf15-8800-5001-81b5-bb9a2f088118,Sergio Martin,exact,8.1,8.1,freestyle_judging,placement_line_tail_score,
1487797845,2017,19th Annual IFPA European Footbag Championships,41,5. Sergio Martin - 8.1,result_score,Sergio Martin,0b0dbf15-8800-5001-81b5-bb9a2f088118,Sergio Martin,exact,8.1,8.1,freestyle_judging,name_score_inline,
1487797845,2017,19th Annual IFPA European Footbag Championships,43,1. Vasek Klouda - 21.0,result_score,Vasek Klouda,,,unresolved,21.0,21.0,freestyle_judging,placement_line_tail_score,
1487797845,2017,19th Annual IFPA European Footbag Championships,43,1. Vasek Klouda - 21.0,result_score,Vasek Klouda,,,unresolved,21.0,21.0,freestyle_judging,name_score_inline,
1487797845,2017,19th Annual IFPA European Footbag Championships,44,2. Krystof Maler - 19.1,result_score,Krystof Maler,33021da9-34aa-56fa-95f2-f31a6b2b6bca,Krystof Maler,exact,19.1,19.1,freestyle_judging,placement_line_tail_score,
1487797845,2017,19th Annual IFPA European Footbag Championships,44,2. Krystof Maler - 19.1,result_score,Krystof Maler,33021da9-34aa-56fa-95f2-f31a6b2b6bca,Krystof Maler,exact,19.1,19.1,freestyle_judging,name_score_inline,
1487797845,2017,19th Annual IFPA European Footbag Championships,45,3. Aleksi Airinen - 16.8,result_score,Aleksi Airinen,7c74c3f5-dc54-5e47-8365-e84497f4c943,Aleksi Airinen,exact,16.8,16.8,freestyle_judging,placement_line_tail_score,
1487797845,2017,19th Annual IFPA European Footbag Championships,45,3. Aleksi Airinen - 16.8,result_score,Aleksi Airinen,7c74c3f5-dc54-5e47-8365-e84497f4c943,Aleksi Airinen,exact,16.8,16.8,freestyle_judging,name_score_inline,
1487797845,2017,19th Annual IFPA European Footbag Championships,46,4. Sergio Garcia - 14.2,result_score,Sergio Garcia,0f60f82c-75c9-552f-b962-5832d5cda779,Sergio Garcia,exact,14.2,14.2,freestyle_judging,placement_line_tail_score,
1487797845,2017,19th Annual IFPA European Footbag Championships,46,4. Sergio Garcia - 14.2,result_score,Sergio Garcia,0f60f82c-75c9-552f-b962-5832d5cda779,Sergio Garcia,exact,14.2,14.2,freestyle_judging,name_score_inline,
1487797845,2017,19th Annual IFPA European Footbag Championships,47,5. Sergio Hernandez - 11.4,result_score,Sergio Hernandez,403742dd-27cb-5ebc-a0db-4382eaccfe64,Sergio Hernandez,exact,11.4,11.4,freestyle_judging,placement_line_tail_score,
1487797845,2017,19th Annual IFPA European Footbag Championships,47,5. Sergio Hernandez - 11.4,result_score,Sergio Hernandez,403742dd-27cb-5ebc-a0db-4382eaccfe64,Sergio Hernandez,exact,11.4,11.4,freestyle_judging,name_score_inline,
1487797845,2017,19th Annual IFPA European Footbag Championships,49,1. Mariusz Wilk - 25.8,result_score,Mariusz Wilk,4ad82639-801d-5c4b-aae6-f07e5dfe67d2,Mariusz Wilk,exact,25.8,25.8,freestyle_judging,placement_line_tail_score,
1487797845,2017,19th Annual IFPA European Footbag Championships,49,1. Mariusz Wilk - 25.8,result_score,Mariusz Wilk,4ad82639-801d-5c4b-aae6-f07e5dfe67d2,Mariusz Wilk,exact,25.8,25.8,freestyle_judging,name_score_inline,
1487797845,2017,19th Annual IFPA European Footbag Championships,50,2. Vasek Klouda - 24.9,result_score,Vasek Klouda,,,unresolved,24.9,24.9,freestyle_judging,placement_line_tail_score,
1487797845,2017,19th Annual IFPA European Footbag Championships,50,2. Vasek Klouda - 24.9,result_score,Vasek Klouda,,,unresolved,24.9,24.9,freestyle_judging,name_score_inline,
1487797845,2017,19th Annual IFPA European Footbag Championships,51,3. Pawel Nowak - 22.3,result_score,Pawel Nowak,9fccb3a3-3408-518a-aacb-43d9678fcce4,Pawel Nowak,exact,22.3,22.3,freestyle_judging,placement_line_tail_score,
1487797845,2017,19th Annual IFPA European Footbag Championships,51,3. Pawel Nowak - 22.3,result_score,Pawel Nowak,9fccb3a3-3408-518a-aacb-43d9678fcce4,Pawel Nowak,exact,22.3,22.3,freestyle_judging,name_score_inline,
1487797845,2017,19th Annual IFPA European Footbag Championships,52,4. Krystof Maler - 21.5,result_score,Krystof Maler,33021da9-34aa-56fa-95f2-f31a6b2b6bca,Krystof Maler,exact,21.5,21.5,freestyle_judging,placement_line_tail_score,
1487797845,2017,19th Annual IFPA European Footbag Championships,52,4. Krystof Maler - 21.5,result_score,Krystof Maler,33021da9-34aa-56fa-95f2-f31a6b2b6bca,Krystof Maler,exact,21.5,21.5,freestyle_judging,name_score_inline,
1487797845,2017,19th Annual IFPA European Footbag Championships,53,5. Arkadiusz Stanek - 20.8,result_score,Arkadiusz Stanek,8859edda-82f6-5013-97d0-1057cb8bdd3b,Arkadiusz Stanek,exact,20.8,20.8,freestyle_judging,placement_line_tail_score,
1487797845,2017,19th Annual IFPA European Footbag Championships,53,5. Arkadiusz Stanek - 20.8,result_score,Arkadiusz Stanek,8859edda-82f6-5013-97d0-1057cb8bdd3b,Arkadiusz Stanek,exact,20.8,20.8,freestyle_judging,name_score_inline,
1487797845,2017,19th Annual IFPA European Footbag Championships,54,6. Juho Marjo - 18.2,result_score,Juho Marjo,97d088ee-48f7-5920-b973-94cc1deb0b66,Juho Marjo,exact,18.2,18.2,freestyle_judging,placement_line_tail_score,
1487797845,2017,19th Annual IFPA European Footbag Championships,54,6. Juho Marjo - 18.2,result_score,Juho Marjo,97d088ee-48f7-5920-b973-94cc1deb0b66,Juho Marjo,exact,18.2,18.2,freestyle_judging,name_score_inline,
1487797845,2017,19th Annual IFPA European Footbag Championships,55,7. Mikko Lepistö - 17.6,result_score,Mikko Lepistö,8e2c07e2-aeb8-5325-be31-ffcc452944ec,Mikko Lepisto,exact,17.6,17.6,freestyle_judging,placement_line_tail_score,
1487797845,2017,19th Annual IFPA European Footbag Championships,55,7. Mikko Lepistö - 17.6,result_score,Mikko Lepistö,8e2c07e2-aeb8-5325-be31-ffcc452944ec,Mikko Lepisto,exact,17.6,17.6,freestyle_judging,name_score_inline,
1487797845,2017,19th Annual IFPA European Footbag Championships,56,8. Alexander Trenner - 15.8,result_score,Alexander Trenner,24ffb4bb-a58e-54d8-b0d9-06b989c794cd,Alexander Trenner,exact,15.8,15.8,freestyle_judging,placement_line_tail_score,
1487797845,2017,19th Annual IFPA European Footbag Championships,56,8. Alexander Trenner - 15.8,result_score,Alexander Trenner,24ffb4bb-a58e-54d8-b0d9-06b989c794cd,Alexander Trenner,exact,15.8,15.8,freestyle_judging,name_score_inline,
1487797845,2017,19th Annual IFPA European Footbag Championships,64,1. Paloma Mayo - 23.9,result_score,Paloma Mayo,,,unresolved,23.9,23.9,freestyle_judging,placement_line_tail_score,
1487797845,2017,19th Annual IFPA European Footbag Championships,64,1. Paloma Mayo - 23.9,result_score,Paloma Mayo,,,unresolved,23.9,23.9,freestyle_judging,name_score_inline,
1487797845,2017,19th Annual IFPA European Footbag Championships,65,2. Jana Sassakova - 20.4,result_score,Jana Sassakova,02095322-bd6e-52a6-9f2d-6b5a7a527eae,Jana Sassakova,exact,20.4,20.4,freestyle_judging,placement_line_tail_score,
1487797845,2017,19th Annual IFPA European Footbag Championships,65,2. Jana Sassakova - 20.4,result_score,Jana Sassakova,02095322-bd6e-52a6-9f2d-6b5a7a527eae,Jana Sassakova,exact,20.4,20.4,freestyle_judging,name_score_inline,
1487797845,2017,19th Annual IFPA European Footbag Championships,66,3. Gosia Debska - 17.9,result_score,Gosia Debska,a737859a-35f6-51c8-9cd1-d5f54f88b8dd,Gosia Debska,exact,17.9,17.9,freestyle_judging,placement_line_tail_score,
1487797845,2017,19th Annual IFPA European Footbag Championships,66,3. Gosia Debska - 17.9,result_score,Gosia Debska,a737859a-35f6-51c8-9cd1-d5f54f88b8dd,Gosia Debska,exact,17.9,17.9,freestyle_judging,name_score_inline,
1487797845,2017,19th Annual IFPA European Footbag Championships,67,4. Nina Stuppacher - 14.2,result_score,Nina Stuppacher,766b89e4-c947-5434-b6b1-d590bd9929e3,Nina Stuppacher,exact,14.2,14.2,freestyle_judging,placement_line_tail_score,
1487797845,2017,19th Annual IFPA European Footbag Championships,67,4. Nina Stuppacher - 14.2,result_score,Nina Stuppacher,766b89e4-c947-5434-b6b1-d590bd9929e3,Nina Stuppacher,exact,14.2,14.2,freestyle_judging,name_score_inline,
1487797845,2017,19th Annual IFPA European Footbag Championships,68,5. Dorota Wojtasiuk - 12.3,result_score,Dorota Wojtasiuk,7a8c8b83-9ae8-5b65-8f1f-6923058cc237,Dorota Wojtasiuk,exact,12.3,12.3,freestyle_judging,placement_line_tail_score,
1487797845,2017,19th Annual IFPA European Footbag Championships,68,5. Dorota Wojtasiuk - 12.3,result_score,Dorota Wojtasiuk,7a8c8b83-9ae8-5b65-8f1f-6923058cc237,Dorota Wojtasiuk,exact,12.3,12.3,freestyle_judging,name_score_inline,
1502929111,2017,35th Annual East Coast Footbag Championships,7,5. Dan Greer (USA)- 3 way tie; did not advance past semi-final round,result_score,Dan Greer,4e7dc073-b469-5740-821c-76e0ee26a3d1,Dan Greer,exact,3,3.0,golf_score,placement_line_tail_score,
1502997442,2018,Lake Erie Footbag Tournament & Freestyle Jam,2,1. Emmanuel Bouchard ID: 14240 / Francois Depatie Pelletier ID: 69479,result_plain,Emmanuel Bouchard ID,3ef63282-9e9c-5f57-94c5-e1b5c4fe8c3c,Emmanuel Bouchard,exact,142,142.0,raw_integer,name_score_inline,
1502997442,2018,Lake Erie Footbag Tournament & Freestyle Jam,2,1. Emmanuel Bouchard ID: 14240 / Francois Depatie Pelletier ID: 69479,result_plain,Francois Depatie Pelletier ID,87e0d502-d749-53dd-997b-f266371d1474,François Depatie,exact,694,694.0,raw_integer,name_score_inline,
1502997442,2018,Lake Erie Footbag Tournament & Freestyle Jam,3,2. Daniel Greer ID: 51574 / Christopher Siebert ID: 12722,result_plain,Daniel Greer ID,4e7dc073-b469-5740-821c-76e0ee26a3d1,Dan Greer,exact,515,515.0,raw_integer,name_score_inline,
1502997442,2018,Lake Erie Footbag Tournament & Freestyle Jam,3,2. Daniel Greer ID: 51574 / Christopher Siebert ID: 12722,result_plain,Christopher Siebert ID,bd1ac97c-6c20-5bcd-9fbd-f5279f4c22bf,Chris Seibert,exact,127,127.0,raw_integer,name_score_inline,
1502997442,2018,Lake Erie Footbag Tournament & Freestyle Jam,4,3. Luc Legault ID: 36301 / Martin Cote ID: 12260,result_plain,Luc Legault ID,c86e3f98-1abf-59a0-bd1a-2dcb61f7e241,Luc Legeault,exact,363,363.0,raw_integer,name_score_inline,
1502997442,2018,Lake Erie Footbag Tournament & Freestyle Jam,4,3. Luc Legault ID: 36301 / Martin Cote ID: 12260,result_plain,Martin Cote ID,6d50650f-7f41-5484-894f-74986085f48b,Martin Cote,exact,122,122.0,raw_integer,name_score_inline,
1502997442,2018,Lake Erie Footbag Tournament & Freestyle Jam,5,4. Luka WeyLav-Lavallee ID: 12260 / Benjamin De Bastos ID: 82444,result_plain,Luka WeyLav-Lavallee ID,,,unresolved,122,122.0,raw_integer,name_score_inline,
1502997442,2018,Lake Erie Footbag Tournament & Freestyle Jam,5,4. Luka WeyLav-Lavallee ID: 12260 / Benjamin De Bastos ID: 82444,result_plain,Benjamin De Bastos ID,,,unresolved,824,824.0,raw_integer,name_score_inline,
1502997442,2018,Lake Erie Footbag Tournament & Freestyle Jam,6,5. Jim Hogan ID: 83027 / Anthony Ritz ID: 81222,result_plain,Jim Hogan ID,d6698a89-7152-5d34-be04-8b382df640bb,Jim Hogan,exact,830,830.0,raw_integer,name_score_inline,
1502997442,2018,Lake Erie Footbag Tournament & Freestyle Jam,6,5. Jim Hogan ID: 83027 / Anthony Ritz ID: 81222,result_plain,Anthony Ritz ID,f861dfae-a8c1-5b93-9f5e-c82a3b7c76bf,Anthony Tony Ritz,exact,812,812.0,raw_integer,name_score_inline,
1502997442,2018,Lake Erie Footbag Tournament & Freestyle Jam,7,"6. Scot Hansen ID: 19148 , Cory Current ID: 12439",result_plain,Scot Hansen ID,49a112df-0c0f-5f17-bf3f-727800044f26,Scot Hansen,exact,191,191.0,raw_integer,name_score_inline,
1502997442,2018,Lake Erie Footbag Tournament & Freestyle Jam,7,"6. Scot Hansen ID: 19148 , Cory Current ID: 12439",result_plain,Cory Current ID,f1f49edd-da47-536a-b759-de441795fc2f,Cory Current,exact,124,124.0,raw_integer,name_score_inline,
1502997442,2018,Lake Erie Footbag Tournament & Freestyle Jam,8,7. Jim Hankins ID: 12880 / Jake Jo Dodd ID: 82580,result_plain,Jim Hankins ID,61656316-f92f-5235-a6fd-e3218d5601f8,Jim Hankins,exact,128,128.0,raw_integer,name_score_inline,
1502997442,2018,Lake Erie Footbag Tournament & Freestyle Jam,8,7. Jim Hankins ID: 12880 / Jake Jo Dodd ID: 82580,result_plain,Jake Jo Dodd ID,,,unresolved,825,825.0,raw_integer,name_score_inline,
1502997442,2018,Lake Erie Footbag Tournament & Freestyle Jam,9,8. Robert McCloskey ID:12506 / Jack Lentz ID: 38318,result_plain,Robert McCloskey ID,6842b20a-a927-5b6b-9501-4fae0e547a1f,Rob McCloskey,exact,125,125.0,raw_integer,name_score_inline,
1502997442,2018,Lake Erie Footbag Tournament & Freestyle Jam,9,8. Robert McCloskey ID:12506 / Jack Lentz ID: 38318,result_plain,Jack Lentz ID,57dca99e-db45-5b32-83f4-c188d1d24c50,Jack Lentz,exact,383,383.0,raw_integer,name_score_inline,
1502997442,2018,Lake Erie Footbag Tournament & Freestyle Jam,11,1. Emmanuel Bouchard ID: 14240,result_plain,Emmanuel Bouchard ID,3ef63282-9e9c-5f57-94c5-e1b5c4fe8c3c,Emmanuel Bouchard,exact,142,142.0,raw_integer,name_score_inline,
1502997442,2018,Lake Erie Footbag Tournament & Freestyle Jam,12,2. Francois Depatie Pelletier ID: 69479,result_plain,Francois Depatie Pelletier ID,87e0d502-d749-53dd-997b-f266371d1474,François Depatie,exact,694,694.0,raw_integer,name_score_inline,
1502997442,2018,Lake Erie Footbag Tournament & Freestyle Jam,13,3. Luc Legault ID: 69479,result_plain,Luc Legault ID,c86e3f98-1abf-59a0-bd1a-2dcb61f7e241,Luc Legeault,exact,694,694.0,raw_integer,name_score_inline,
1502997442,2018,Lake Erie Footbag Tournament & Freestyle Jam,14,4. Martin Cote ID: 12260,result_plain,Martin Cote ID,6d50650f-7f41-5484-894f-74986085f48b,Martin Cote,exact,122,122.0,raw_integer,name_score_inline,
1502997442,2018,Lake Erie Footbag Tournament & Freestyle Jam,15,5. Daniel Greer ID: 51574,result_plain,Daniel Greer ID,4e7dc073-b469-5740-821c-76e0ee26a3d1,Dan Greer,exact,515,515.0,raw_integer,name_score_inline,
1502997442,2018,Lake Erie Footbag Tournament & Freestyle Jam,16,6. Luka WeyLav ID: 12260,result_plain,Luka WeyLav ID,,,unresolved,122,122.0,raw_integer,name_score_inline,
1502997442,2018,Lake Erie Footbag Tournament & Freestyle Jam,17,7. Jim Hogan ID: 83027,result_plain,Jim Hogan ID,d6698a89-7152-5d34-be04-8b382df640bb,Jim Hogan,exact,830,830.0,raw_integer,name_score_inline,
1502997442,2018,Lake Erie Footbag Tournament & Freestyle Jam,18,8. Christopher Siebert ID: 12722,result_plain,Christopher Siebert ID,bd1ac97c-6c20-5bcd-9fbd-f5279f4c22bf,Chris Seibert,exact,127,127.0,raw_integer,name_score_inline,
1502997442,2018,Lake Erie Footbag Tournament & Freestyle Jam,19,9. Anthony Ritz ID: 81222,result_plain,Anthony Ritz ID,f861dfae-a8c1-5b93-9f5e-c82a3b7c76bf,Anthony Tony Ritz,exact,812,812.0,raw_integer,name_score_inline,
1502997442,2018,Lake Erie Footbag Tournament & Freestyle Jam,20,10. Ben De Bastos ID: 82444,result_plain,Ben De Bastos ID,,,unresolved,824,824.0,raw_integer,name_score_inline,
1502997442,2018,Lake Erie Footbag Tournament & Freestyle Jam,21,11. Jim Hankins ID: 12880,result_plain,Jim Hankins ID,61656316-f92f-5235-a6fd-e3218d5601f8,Jim Hankins,exact,128,128.0,raw_integer,name_score_inline,
1502997442,2018,Lake Erie Footbag Tournament & Freestyle Jam,22,12. Jake Jo Dodd ID: 82580,result_plain,Jake Jo Dodd ID,,,unresolved,825,825.0,raw_integer,name_score_inline,
1502997442,2018,Lake Erie Footbag Tournament & Freestyle Jam,23,13. Robert McCloskey ID: 12506,result_plain,Robert McCloskey ID,6842b20a-a927-5b6b-9501-4fae0e547a1f,Rob McCloskey,exact,125,125.0,raw_integer,name_score_inline,
1502997442,2018,Lake Erie Footbag Tournament & Freestyle Jam,25,1. Pat Doran ID: 83698 / Steve Richardson ID: 83113,result_plain,Pat Doran ID,ebba741d-7628-5830-8c96-e15ef18f2905,Pat Duran,exact,836,836.0,raw_integer,name_score_inline,
1502997442,2018,Lake Erie Footbag Tournament & Freestyle Jam,25,1. Pat Doran ID: 83698 / Steve Richardson ID: 83113,result_plain,Steve Richardson ID,2875a830-e340-5963-a5c7-d9a7a74d1e56,Steve Richardson,exact,831,831.0,raw_integer,name_score_inline,
1502997442,2018,Lake Erie Footbag Tournament & Freestyle Jam,27,3. Benjamin J. Babyak ID: 82615 / Brandy Nicole (No IFPA #),result_plain,Benjamin J. Babyak ID,,,unresolved,826,826.0,raw_integer,name_score_inline,
1529239199,2019,Lake Erie Footbag Tournament,4,1. Walter Houston ID: 76726 / Benjamin Alston ID: 77041,result_plain,Walter Houston ID,,,unresolved,767,767.0,raw_integer,name_score_inline,
1529239199,2019,Lake Erie Footbag Tournament,4,1. Walter Houston ID: 76726 / Benjamin Alston ID: 77041,result_plain,Benjamin Alston ID,76079f4a-40db-5e3c-97e1-99e590791839,Benjamin Alston,exact,770,770.0,raw_integer,name_score_inline,
1529239199,2019,Lake Erie Footbag Tournament,5,2. Daniel Greer ID: 51574 / Christopher Siebert ID: 12722,result_plain,Daniel Greer ID,4e7dc073-b469-5740-821c-76e0ee26a3d1,Dan Greer,exact,515,515.0,raw_integer,name_score_inline,
1529239199,2019,Lake Erie Footbag Tournament,5,2. Daniel Greer ID: 51574 / Christopher Siebert ID: 12722,result_plain,Christopher Siebert ID,bd1ac97c-6c20-5bcd-9fbd-f5279f4c22bf,Chris Seibert,exact,127,127.0,raw_integer,name_score_inline,
1529239199,2019,Lake Erie Footbag Tournament,6,3.Genevieve Bousquet ID: 40480 / Benjamin De Bastos ID: 82444,result_plain,Genevieve Bousquet ID,fea99a91-ae13-5cb1-b87f-3c352783dc2e,Genevieve Bousquet,exact,404,404.0,raw_integer,name_score_inline,
1529239199,2019,Lake Erie Footbag Tournament,6,3.Genevieve Bousquet ID: 40480 / Benjamin De Bastos ID: 82444,result_plain,Benjamin De Bastos ID,,,unresolved,824,824.0,raw_integer,name_score_inline,
1529239199,2019,Lake Erie Footbag Tournament,7,4. Jim Hogan ID: 83027 / Anthony Ritz ID: 81222,result_plain,Jim Hogan ID,d6698a89-7152-5d34-be04-8b382df640bb,Jim Hogan,exact,830,830.0,raw_integer,name_score_inline,
1529239199,2019,Lake Erie Footbag Tournament,7,4. Jim Hogan ID: 83027 / Anthony Ritz ID: 81222,result_plain,Anthony Ritz ID,f861dfae-a8c1-5b93-9f5e-c82a3b7c76bf,Anthony Tony Ritz,exact,812,812.0,raw_integer,name_score_inline,
1529239199,2019,Lake Erie Footbag Tournament,8,5. Jim Hankins ID: 12880 / Jake Dodd ID: 82580,result_plain,Jim Hankins ID,61656316-f92f-5235-a6fd-e3218d5601f8,Jim Hankins,exact,128,128.0,raw_integer,name_score_inline,
1529239199,2019,Lake Erie Footbag Tournament,8,5. Jim Hankins ID: 12880 / Jake Dodd ID: 82580,result_plain,Jake Dodd ID,178b0676-d5ac-5d2e-9696-c8908ce5b533,Jake Dodd,exact,825,825.0,raw_integer,name_score_inline,
1529239199,2019,Lake Erie Footbag Tournament,9,6. Robert McCloskey ID: 12506 / John Lentz ID: 38318,result_plain,Robert McCloskey ID,6842b20a-a927-5b6b-9501-4fae0e547a1f,Rob McCloskey,exact,125,125.0,raw_integer,name_score_inline,
1529239199,2019,Lake Erie Footbag Tournament,9,6. Robert McCloskey ID: 12506 / John Lentz ID: 38318,result_plain,John Lentz ID,,,unresolved,383,383.0,raw_integer,name_score_inline,
1529239199,2019,Lake Erie Footbag Tournament,10,7. Ted Fritch ID: 33265 / Sean Jordan 83796,result_plain,Ted Fritch ID,738cbf71-ad21-598f-a5b3-afdb8bdf543d,Theodore Fritsch,exact,332,332.0,raw_integer,name_score_inline,
1529239199,2019,Lake Erie Footbag Tournament,12,1. Walter Houston ID: 76726,result_plain,Walter Houston ID,,,unresolved,767,767.0,raw_integer,name_score_inline,
1529239199,2019,Lake Erie Footbag Tournament,13,2. Benjamin Alston ID: 77041,result_plain,Benjamin Alston ID,76079f4a-40db-5e3c-97e1-99e590791839,Benjamin Alston,exact,770,770.0,raw_integer,name_score_inline,
1529239199,2019,Lake Erie Footbag Tournament,14,3. Christopher Siebert ID: 12722,result_plain,Christopher Siebert ID,bd1ac97c-6c20-5bcd-9fbd-f5279f4c22bf,Chris Seibert,exact,127,127.0,raw_integer,name_score_inline,
1529239199,2019,Lake Erie Footbag Tournament,15,4. Daniel Greer ID: 51574,result_plain,Daniel Greer ID,4e7dc073-b469-5740-821c-76e0ee26a3d1,Dan Greer,exact,515,515.0,raw_integer,name_score_inline,
1529239199,2019,Lake Erie Footbag Tournament,16,5. Genevieve Bousquet ID: 40480,result_plain,Genevieve Bousquet ID,fea99a91-ae13-5cb1-b87f-3c352783dc2e,Genevieve Bousquet,exact,404,404.0,raw_integer,name_score_inline,
1529239199,2019,Lake Erie Footbag Tournament,17,6. Jim Hogan ID: 83027,result_plain,Jim Hogan ID,d6698a89-7152-5d34-be04-8b382df640bb,Jim Hogan,exact,830,830.0,raw_integer,name_score_inline,
1529239199,2019,Lake Erie Footbag Tournament,18,7. Benjamin De Bastos ID: 82444,result_plain,Benjamin De Bastos ID,,,unresolved,824,824.0,raw_integer,name_score_inline,
1529239199,2019,Lake Erie Footbag Tournament,19,8. Jim Hankins ID: 12880,result_plain,Jim Hankins ID,61656316-f92f-5235-a6fd-e3218d5601f8,Jim Hankins,exact,128,128.0,raw_integer,name_score_inline,
1529239199,2019,Lake Erie Footbag Tournament,20,9. Anthony Ritz ID: 81222,result_plain,Anthony Ritz ID,f861dfae-a8c1-5b93-9f5e-c82a3b7c76bf,Anthony Tony Ritz,exact,812,812.0,raw_integer,name_score_inline,
1529239199,2019,Lake Erie Footbag Tournament,21,10. Robert McCloskey ID: 12506,result_plain,Robert McCloskey ID,6842b20a-a927-5b6b-9501-4fae0e547a1f,Rob McCloskey,exact,125,125.0,raw_integer,name_score_inline,
1529239199,2019,Lake Erie Footbag Tournament,22,11. Jake Jo Dodd ID: 82580,result_plain,Jake Jo Dodd ID,,,unresolved,825,825.0,raw_integer,name_score_inline,
1529239199,2019,Lake Erie Footbag Tournament,23,12. Sean Jordan ID: 83796,result_plain,Sean Jordan ID,b2fa3076-dd14-5f09-923f-ae5e322035ea,Sean Jordan,exact,837,837.0,raw_integer,name_score_inline,
1529239199,2019,Lake Erie Footbag Tournament,28,1. Stephen R. Richardson ID: 83112,result_plain,Stephen R. Richardson ID,,,unresolved,831,831.0,raw_integer,name_score_inline,
1529239199,2019,Lake Erie Footbag Tournament,30,3. Pat Doran ID: 83698,result_plain,Pat Doran ID,ebba741d-7628-5830-8c96-e15ef18f2905,Pat Duran,exact,836,836.0,raw_integer,name_score_inline,
1529239199,2019,Lake Erie Footbag Tournament,32,1. Matt Kemmer ID: 75720,result_plain,Matt Kemmer ID,3e78df68-5425-5d48-a88a-3bf59fe2934f,Matt Kemmer,exact,757,757.0,raw_integer,name_score_inline,
1529239199,2019,Lake Erie Footbag Tournament,34,3. Christian Britting ID: 83583,result_plain,Christian Britting ID,e3d94c0b-8963-5e74-bc7c-5efb703a22b4,Christian Britting,exact,835,835.0,raw_integer,name_score_inline,
1529239199,2019,Lake Erie Footbag Tournament,36,5. Anton Britting ID: 82454,result_plain,Anton Britting ID,5153f93f-1e75-5497-82c6-bf804faf6476,Anton Britting,exact,824,824.0,raw_integer,name_score_inline,
1529239199,2019,Lake Erie Footbag Tournament,37,6. Daniel Greer ID: 51574,result_plain,Daniel Greer ID,4e7dc073-b469-5740-821c-76e0ee26a3d1,Dan Greer,exact,515,515.0,raw_integer,name_score_inline,
1529239199,2019,Lake Erie Footbag Tournament,44,1. Anthony Ritz ID: 81222,result_plain,Anthony Ritz ID,f861dfae-a8c1-5b93-9f5e-c82a3b7c76bf,Anthony Tony Ritz,exact,812,812.0,raw_integer,name_score_inline,
1529239199,2019,Lake Erie Footbag Tournament,48,5. Jim Hogan ID: 83027,result_plain,Jim Hogan ID,d6698a89-7152-5d34-be04-8b382df640bb,Jim Hogan,exact,830,830.0,raw_integer,name_score_inline,
1690897570,2023,IV.Basque Tournament of Footbag Net (Doubles),7,2-Felipe Haase (Colombia) / Unai Pérez (Basque Country) 1 victory - 13 points.,result_score,Felipe Haase,6ebe041f-1087-5d8a-92e7-0913329d4548,Felipe Haase,exact,13,13.0,golf_score,placement_line_tail_score,
857875120,1997,Western Regional Footbag Championships,58,1. Jim Fitzgerald - 56 * new course record,result_score,Jim Fitzgerald,b54020bc-1a1a-5d23-89e1-34617b3514fa,Jim Fitzgerald,exact,56,56.0,raw_integer,placement_line_tail_score,
857875120,1997,Western Regional Footbag Championships,58,1. Jim Fitzgerald - 56 * new course record,result_score,Jim Fitzgerald,b54020bc-1a1a-5d23-89e1-34617b3514fa,Jim Fitzgerald,exact,56,56.0,raw_integer,name_score_inline,
857875120,1997,Western Regional Footbag Championships,59,2. Bill Langbehn - 66,result_score,Bill Langbehn,40fa16ff-a418-5da9-914e-3a09e231f2a7,Bill Langbehn,exact,66,66.0,raw_integer,placement_line_tail_score,
857875120,1997,Western Regional Footbag Championships,59,2. Bill Langbehn - 66,result_score,Bill Langbehn,40fa16ff-a418-5da9-914e-3a09e231f2a7,Bill Langbehn,exact,66,66.0,raw_integer,name_score_inline,
857875120,1997,Western Regional Footbag Championships,60,3. Tricia George - 67,result_score,Tricia George,26349aa8-a1ff-5e6a-bff5-f93a89d20c68,Tricia George,exact,67,67.0,raw_integer,placement_line_tail_score,
857875120,1997,Western Regional Footbag Championships,60,3. Tricia George - 67,result_score,Tricia George,26349aa8-a1ff-5e6a-bff5-f93a89d20c68,Tricia George,exact,67,67.0,raw_integer,name_score_inline,
860356126,1997,14th Annual Emerald City Open Footbag Championships,45,1. Steve Dusablon - 29,result_score,Steve Dusablon,b946c187-fb73-54fb-bc77-5b2bf8209df8,Steve Dusablon,exact,29,29.0,golf_score,placement_line_tail_score,
860356126,1997,14th Annual Emerald City Open Footbag Championships,45,1. Steve Dusablon - 29,result_score,Steve Dusablon,b946c187-fb73-54fb-bc77-5b2bf8209df8,Steve Dusablon,exact,29,29.0,golf_score,name_score_inline,
860356126,1997,14th Annual Emerald City Open Footbag Championships,46,"2. Dr. Mike Stefanelli - 31 (3-Way tie, 1 hole playoff)",result_score,Dr. Mike Stefanelli,98e6bef0-c1f7-5bb2-b99c-a31a359e2540,Dr. Mike Stefanelli,exact,31,31.0,raw_integer,placement_line_tail_score,
860356126,1997,14th Annual Emerald City Open Footbag Championships,46,"2. Dr. Mike Stefanelli - 31 (3-Way tie, 1 hole playoff)",result_score,Dr. Mike Stefanelli,98e6bef0-c1f7-5bb2-b99c-a31a359e2540,Dr. Mike Stefanelli,exact,31,31.0,raw_integer,name_score_inline,
860356126,1997,14th Annual Emerald City Open Footbag Championships,47,3. Jim Cobb - 31,result_score,Jim Cobb,6a237359-73fe-5fa8-a76c-569a610a0e3f,Jim Cobb,exact,31,31.0,raw_integer,placement_line_tail_score,
860356126,1997,14th Annual Emerald City Open Footbag Championships,47,3. Jim Cobb - 31,result_score,Jim Cobb,6a237359-73fe-5fa8-a76c-569a610a0e3f,Jim Cobb,exact,31,31.0,raw_integer,name_score_inline,
860356126,1997,14th Annual Emerald City Open Footbag Championships,48,4. Scott Milne - 31,result_score,Scott Milne,53335424-f4eb-5933-8b9b-939b6f177ea2,Scott Milne,exact,31,31.0,raw_integer,placement_line_tail_score,
860356126,1997,14th Annual Emerald City Open Footbag Championships,48,4. Scott Milne - 31,result_score,Scott Milne,53335424-f4eb-5933-8b9b-939b6f177ea2,Scott Milne,exact,31,31.0,raw_integer,name_score_inline,
860356126,1997,14th Annual Emerald City Open Footbag Championships,50,1. Jon Hayduk - 36,result_score,Jon Hayduk,ceb19bce-3ebd-5c57-bebb-aa545ba79aa6,Jon Hayduk,exact,36,36.0,raw_integer,placement_line_tail_score,
860356126,1997,14th Annual Emerald City Open Footbag Championships,50,1. Jon Hayduk - 36,result_score,Jon Hayduk,ceb19bce-3ebd-5c57-bebb-aa545ba79aa6,Jon Hayduk,exact,36,36.0,raw_integer,name_score_inline,
860356126,1997,14th Annual Emerald City Open Footbag Championships,51,2. Aaron Gregg - 39,result_score,Aaron Gregg,0bf96614-8396-5c18-bdb0-501af1fa9c81,Aaron Gregg,exact,39,39.0,raw_integer,placement_line_tail_score,
860356126,1997,14th Annual Emerald City Open Footbag Championships,51,2. Aaron Gregg - 39,result_score,Aaron Gregg,0bf96614-8396-5c18-bdb0-501af1fa9c81,Aaron Gregg,exact,39,39.0,raw_integer,name_score_inline,
860356126,1997,14th Annual Emerald City Open Footbag Championships,54,1. Jason Kingsley - 46,result_score,Jason Kingsley,02439d85-0006-551d-a25b-434d61071e9c,Jason Kingsley,exact,46,46.0,raw_integer,placement_line_tail_score,
860356126,1997,14th Annual Emerald City Open Footbag Championships,54,1. Jason Kingsley - 46,result_score,Jason Kingsley,02439d85-0006-551d-a25b-434d61071e9c,Jason Kingsley,exact,46,46.0,raw_integer,name_score_inline,
860356126,1997,14th Annual Emerald City Open Footbag Championships,55,2. Darlene Goodridge - 47,result_score,Darlene Goodridge,6fbf0925-b1f2-5ca4-b314-d29ce081219b,Darlene Goodridge,exact,47,47.0,raw_integer,placement_line_tail_score,
860356126,1997,14th Annual Emerald City Open Footbag Championships,55,2. Darlene Goodridge - 47,result_score,Darlene Goodridge,6fbf0925-b1f2-5ca4-b314-d29ce081219b,Darlene Goodridge,exact,47,47.0,raw_integer,name_score_inline,
860356126,1997,14th Annual Emerald City Open Footbag Championships,56,3. Cameran Carnegie - 47,result_score,Cameran Carnegie,b99dcaef-c269-5484-adc1-790a4512adb5,Cameron Carnegie,exact,47,47.0,raw_integer,placement_line_tail_score,
860356126,1997,14th Annual Emerald City Open Footbag Championships,56,3. Cameran Carnegie - 47,result_score,Cameran Carnegie,b99dcaef-c269-5484-adc1-790a4512adb5,Cameron Carnegie,exact,47,47.0,raw_integer,name_score_inline,
860356126,1997,14th Annual Emerald City Open Footbag Championships,58,1. Evanne Lamarche - 619,result_score,Evanne Lamarche,299071d7-2781-514f-93b1-6b7a7059ab8a,Evanne Lemarche,exact,619,619.0,raw_integer,placement_line_tail_score,
860356126,1997,14th Annual Emerald City Open Footbag Championships,58,1. Evanne Lamarche - 619,result_score,Evanne Lamarche,299071d7-2781-514f-93b1-6b7a7059ab8a,Evanne Lemarche,exact,619,619.0,raw_integer,name_score_inline,
860356126,1997,14th Annual Emerald City Open Footbag Championships,59,2. Richard Cook - 606,result_score,Richard Cook,619a16fc-fe87-552c-b882-b92d96d15588,Richard Cook,exact,606,606.0,raw_integer,placement_line_tail_score,
860356126,1997,14th Annual Emerald City Open Footbag Championships,59,2. Richard Cook - 606,result_score,Richard Cook,619a16fc-fe87-552c-b882-b92d96d15588,Richard Cook,exact,606,606.0,raw_integer,name_score_inline,
860356126,1997,14th Annual Emerald City Open Footbag Championships,60,3. Mike Grueter - 459,result_score,Mike Grueter,247929d0-57bc-5f9c-bff5-c4557d471b42,Mike Grueter,exact,459,459.0,raw_integer,placement_line_tail_score,
860356126,1997,14th Annual Emerald City Open Footbag Championships,60,3. Mike Grueter - 459,result_score,Mike Grueter,247929d0-57bc-5f9c-bff5-c4557d471b42,Mike Grueter,exact,459,459.0,raw_integer,name_score_inline,
860356126,1997,14th Annual Emerald City Open Footbag Championships,61,4. Jim Derricott - 428,result_score,Jim Derricott,06f90b62-5f4a-5350-9066-047a5e66ccb1,Jim Derricott,exact,428,428.0,raw_integer,placement_line_tail_score,
860356126,1997,14th Annual Emerald City Open Footbag Championships,61,4. Jim Derricott - 428,result_score,Jim Derricott,06f90b62-5f4a-5350-9066-047a5e66ccb1,Jim Derricott,exact,428,428.0,raw_integer,name_score_inline,
860356126,1997,14th Annual Emerald City Open Footbag Championships,63,1. Rick Kom - 571,result_score,Rick Kom,b6cd9486-0b87-582f-ad50-e5c4da573a20,Rick Kom,exact,571,571.0,raw_integer,placement_line_tail_score,
860356126,1997,14th Annual Emerald City Open Footbag Championships,63,1. Rick Kom - 571,result_score,Rick Kom,b6cd9486-0b87-582f-ad50-e5c4da573a20,Rick Kom,exact,571,571.0,raw_integer,name_score_inline,
860356126,1997,14th Annual Emerald City Open Footbag Championships,64,2. Chris Eckley - 519,result_score,Chris Eckley,9c808a76-9232-5aef-9536-149543c18ba0,Chris Eckley,exact,519,519.0,raw_integer,placement_line_tail_score,
860356126,1997,14th Annual Emerald City Open Footbag Championships,64,2. Chris Eckley - 519,result_score,Chris Eckley,9c808a76-9232-5aef-9536-149543c18ba0,Chris Eckley,exact,519,519.0,raw_integer,name_score_inline,
860356126,1997,14th Annual Emerald City Open Footbag Championships,65,3. Nathan Rhoads - 511,result_score,Nathan Rhoads,9af9fa47-67ea-5376-8875-71bf24016a7a,Nathan Rhoads,exact,511,511.0,raw_integer,placement_line_tail_score,
860356126,1997,14th Annual Emerald City Open Footbag Championships,65,3. Nathan Rhoads - 511,result_score,Nathan Rhoads,9af9fa47-67ea-5376-8875-71bf24016a7a,Nathan Rhoads,exact,511,511.0,raw_integer,name_score_inline,
860356126,1997,14th Annual Emerald City Open Footbag Championships,67,1. Doug Willis - 251,result_score,Doug Willis,9ab59f0e-0eb2-5249-a60d-6583d51aa2c0,Doug Willis,exact,251,251.0,raw_integer,placement_line_tail_score,
860356126,1997,14th Annual Emerald City Open Footbag Championships,67,1. Doug Willis - 251,result_score,Doug Willis,9ab59f0e-0eb2-5249-a60d-6583d51aa2c0,Doug Willis,exact,251,251.0,raw_integer,name_score_inline,
879319107,1998,1998 Southern Regional Footbag Championships,43,1. James Roberts - 67,result_score,James Roberts,12144bd1-1a64-5e79-ba8c-2e64c2de69f9,James Roberts,exact,67,67.0,raw_integer,placement_line_tail_score,
879319107,1998,1998 Southern Regional Footbag Championships,43,1. James Roberts - 67,result_score,James Roberts,12144bd1-1a64-5e79-ba8c-2e64c2de69f9,James Roberts,exact,67,67.0,raw_integer,name_score_inline,
879319107,1998,1998 Southern Regional Footbag Championships,44,2. Eric Burgess - 70,result_score,Eric Burgess,051c1b5e-f34d-5e7b-a27c-50f94324c96d,Eric Burgess,exact,70,70.0,raw_integer,placement_line_tail_score,
879319107,1998,1998 Southern Regional Footbag Championships,44,2. Eric Burgess - 70,result_score,Eric Burgess,051c1b5e-f34d-5e7b-a27c-50f94324c96d,Eric Burgess,exact,70,70.0,raw_integer,name_score_inline,
879319107,1998,1998 Southern Regional Footbag Championships,45,3. Jeremy Keller - 71,result_score,Jeremy Keller,e0f19cce-5d6a-5f62-847a-bd05ef24b11b,Jeremy Keller Auburn,exact,71,71.0,raw_integer,placement_line_tail_score,
879319107,1998,1998 Southern Regional Footbag Championships,45,3. Jeremy Keller - 71,result_score,Jeremy Keller,e0f19cce-5d6a-5f62-847a-bd05ef24b11b,Jeremy Keller Auburn,exact,71,71.0,raw_integer,name_score_inline,
879319107,1998,1998 Southern Regional Footbag Championships,46,4. Derric Scalf - 73,result_score,Derric Scalf,b692f69a-35c0-5cdf-b786-a3ce86d7d9d6,Derric Scalf,exact,73,73.0,raw_integer,placement_line_tail_score,
879319107,1998,1998 Southern Regional Footbag Championships,46,4. Derric Scalf - 73,result_score,Derric Scalf,b692f69a-35c0-5cdf-b786-a3ce86d7d9d6,Derric Scalf,exact,73,73.0,raw_integer,name_score_inline,
888294869,1998,15th Annual Emerald City Open,43,1. Bill Langbehn - 24,result_score,Bill Langbehn,40fa16ff-a418-5da9-914e-3a09e231f2a7,Bill Langbehn,exact,24,24.0,golf_score,placement_line_tail_score,
888294869,1998,15th Annual Emerald City Open,43,1. Bill Langbehn - 24,result_score,Bill Langbehn,40fa16ff-a418-5da9-914e-3a09e231f2a7,Bill Langbehn,exact,24,24.0,golf_score,name_score_inline,
888294869,1998,15th Annual Emerald City Open,44,2. Steve Dusablon - 26,result_score,Steve Dusablon,b946c187-fb73-54fb-bc77-5b2bf8209df8,Steve Dusablon,exact,26,26.0,golf_score,placement_line_tail_score,
888294869,1998,15th Annual Emerald City Open,44,2. Steve Dusablon - 26,result_score,Steve Dusablon,b946c187-fb73-54fb-bc77-5b2bf8209df8,Steve Dusablon,exact,26,26.0,golf_score,name_score_inline,
888294869,1998,15th Annual Emerald City Open,45,3. Greg Potts - 27 (tie concession),result_score,Greg Potts,97771593-c865-5ac9-b7bf-c76ba6159476,Greg Potts,exact,27,27.0,golf_score,placement_line_tail_score,
888294869,1998,15th Annual Emerald City Open,45,3. Greg Potts - 27 (tie concession),result_score,Greg Potts,97771593-c865-5ac9-b7bf-c76ba6159476,Greg Potts,exact,27,27.0,golf_score,name_score_inline,
888294869,1998,15th Annual Emerald City Open,46,4. Greg Durrett - 27,result_score,Greg Durrett,64337714-3133-53d6-b29a-511ae9f14920,Greg Durrett,exact,27,27.0,golf_score,placement_line_tail_score,
888294869,1998,15th Annual Emerald City Open,46,4. Greg Durrett - 27,result_score,Greg Durrett,64337714-3133-53d6-b29a-511ae9f14920,Greg Durrett,exact,27,27.0,golf_score,name_score_inline,
888294869,1998,15th Annual Emerald City Open,48,1. Rick Kom - 669,result_score,Rick Kom,b6cd9486-0b87-582f-ad50-e5c4da573a20,Rick Kom,exact,669,669.0,raw_integer,placement_line_tail_score,
888294869,1998,15th Annual Emerald City Open,48,1. Rick Kom - 669,result_score,Rick Kom,b6cd9486-0b87-582f-ad50-e5c4da573a20,Rick Kom,exact,669,669.0,raw_integer,name_score_inline,
888294869,1998,15th Annual Emerald City Open,49,2. Richard Cook - 627,result_score,Richard Cook,619a16fc-fe87-552c-b882-b92d96d15588,Richard Cook,exact,627,627.0,raw_integer,placement_line_tail_score,
888294869,1998,15th Annual Emerald City Open,49,2. Richard Cook - 627,result_score,Richard Cook,619a16fc-fe87-552c-b882-b92d96d15588,Richard Cook,exact,627,627.0,raw_integer,name_score_inline,
888294869,1998,15th Annual Emerald City Open,50,3. Jim Derricott - 462,result_score,Jim Derricott,06f90b62-5f4a-5350-9066-047a5e66ccb1,Jim Derricott,exact,462,462.0,raw_integer,placement_line_tail_score,
888294869,1998,15th Annual Emerald City Open,50,3. Jim Derricott - 462,result_score,Jim Derricott,06f90b62-5f4a-5350-9066-047a5e66ccb1,Jim Derricott,exact,462,462.0,raw_integer,name_score_inline,
888294869,1998,15th Annual Emerald City Open,52,1. Jason Peppin - 499,result_score,Jason Peppin,ad1a4e9d-727b-50be-8dbb-4fbccafcc00b,Jason Peppin,exact,499,499.0,raw_integer,placement_line_tail_score,
888294869,1998,15th Annual Emerald City Open,52,1. Jason Peppin - 499,result_score,Jason Peppin,ad1a4e9d-727b-50be-8dbb-4fbccafcc00b,Jason Peppin,exact,499,499.0,raw_integer,name_score_inline,
888294869,1998,15th Annual Emerald City Open,53,2. Matthew Davis - 383,result_score,Matthew Davis,16147b02-0dc5-57ff-b625-057bce8be7cd,Matthew Davis,exact,383,383.0,raw_integer,placement_line_tail_score,
888294869,1998,15th Annual Emerald City Open,53,2. Matthew Davis - 383,result_score,Matthew Davis,16147b02-0dc5-57ff-b625-057bce8be7cd,Matthew Davis,exact,383,383.0,raw_integer,name_score_inline,
901687367,1998,13th Annual Funtastik Summer Classic Footbag Tournament,11,2 Eric Wulff- 1 drop,result_plain,Eric Wulff,e8b82661-4428-5e51-a786-29bf7a23728f,Eric Wulff,exact,1,1.0,golf_score,name_score_inline,
910551956,1999,1999 Western Regional Footbag Championships,92,1. Jim Fitzgerald - 47,result_score,Jim Fitzgerald,b54020bc-1a1a-5d23-89e1-34617b3514fa,Jim Fitzgerald,exact,47,47.0,raw_integer,placement_line_tail_score,
910551956,1999,1999 Western Regional Footbag Championships,92,1. Jim Fitzgerald - 47,result_score,Jim Fitzgerald,b54020bc-1a1a-5d23-89e1-34617b3514fa,Jim Fitzgerald,exact,47,47.0,raw_integer,name_score_inline,
910551956,1999,1999 Western Regional Footbag Championships,93,2. Dave Wedertz - 50,result_score,Dave Wedertz,e8e76f56-0e5f-5873-902d-2c5eb571ecc0,Dave Wedertz,exact,50,50.0,raw_integer,placement_line_tail_score,
910551956,1999,1999 Western Regional Footbag Championships,93,2. Dave Wedertz - 50,result_score,Dave Wedertz,e8e76f56-0e5f-5873-902d-2c5eb571ecc0,Dave Wedertz,exact,50,50.0,raw_integer,name_score_inline,
910551956,1999,1999 Western Regional Footbag Championships,94,3. Brent Allard - 53,result_score,Brent Allard,1fcbaa9b-9f74-56eb-9429-7f9d46f5c722,Brent Allard,exact,53,53.0,raw_integer,placement_line_tail_score,
910551956,1999,1999 Western Regional Footbag Championships,94,3. Brent Allard - 53,result_score,Brent Allard,1fcbaa9b-9f74-56eb-9429-7f9d46f5c722,Brent Allard,exact,53,53.0,raw_integer,name_score_inline,
910551956,1999,1999 Western Regional Footbag Championships,95,4. Greg Durrett - 57,result_score,Greg Durrett,64337714-3133-53d6-b29a-511ae9f14920,Greg Durrett,exact,57,57.0,raw_integer,placement_line_tail_score,
910551956,1999,1999 Western Regional Footbag Championships,95,4. Greg Durrett - 57,result_score,Greg Durrett,64337714-3133-53d6-b29a-511ae9f14920,Greg Durrett,exact,57,57.0,raw_integer,name_score_inline,
910551956,1999,1999 Western Regional Footbag Championships,124,1. Ben Little - 53,result_score,Ben Little,b1f1ebbc-9b2a-58f9-bb36-6c8b6d751f19,Ben Little,exact,53,53.0,raw_integer,placement_line_tail_score,
910551956,1999,1999 Western Regional Footbag Championships,124,1. Ben Little - 53,result_score,Ben Little,b1f1ebbc-9b2a-58f9-bb36-6c8b6d751f19,Ben Little,exact,53,53.0,raw_integer,name_score_inline,
910551956,1999,1999 Western Regional Footbag Championships,125,2. Hugh Harrell - 54,result_score,Hugh Harrell,2196c6c7-92a7-5243-a1b9-278c2c8f33e4,Hugh Harrell,exact,54,54.0,raw_integer,placement_line_tail_score,
910551956,1999,1999 Western Regional Footbag Championships,125,2. Hugh Harrell - 54,result_score,Hugh Harrell,2196c6c7-92a7-5243-a1b9-278c2c8f33e4,Hugh Harrell,exact,54,54.0,raw_integer,name_score_inline,
910551956,1999,1999 Western Regional Footbag Championships,126,3. Nick Jaros - 62,result_score,Nick Jaros,6a885ca2-769c-5b8e-9b4b-d94b60f94246,Nick Jaros,exact,62,62.0,raw_integer,placement_line_tail_score,
910551956,1999,1999 Western Regional Footbag Championships,126,3. Nick Jaros - 62,result_score,Nick Jaros,6a885ca2-769c-5b8e-9b4b-d94b60f94246,Nick Jaros,exact,62,62.0,raw_integer,name_score_inline,
924977661,1999,16th Annual Emerald City Open,37,1. Geoff Hand - 30,result_score,Geoff Hand,2fba2bff-d73a-5082-ad4c-b956439788bd,Geoff Hand,exact,30,30.0,raw_integer,placement_line_tail_score,
924977661,1999,16th Annual Emerald City Open,37,1. Geoff Hand - 30,result_score,Geoff Hand,2fba2bff-d73a-5082-ad4c-b956439788bd,Geoff Hand,exact,30,30.0,raw_integer,name_score_inline,
924977661,1999,16th Annual Emerald City Open,38,2. Jim Cobb - 31,result_score,Jim Cobb,6a237359-73fe-5fa8-a76c-569a610a0e3f,Jim Cobb,exact,31,31.0,raw_integer,placement_line_tail_score,
924977661,1999,16th Annual Emerald City Open,38,2. Jim Cobb - 31,result_score,Jim Cobb,6a237359-73fe-5fa8-a76c-569a610a0e3f,Jim Cobb,exact,31,31.0,raw_integer,name_score_inline,
924977661,1999,16th Annual Emerald City Open,39,3. Jim Derricott - 32 (tie concession),result_score,Jim Derricott,06f90b62-5f4a-5350-9066-047a5e66ccb1,Jim Derricott,exact,32,32.0,raw_integer,placement_line_tail_score,
924977661,1999,16th Annual Emerald City Open,39,3. Jim Derricott - 32 (tie concession),result_score,Jim Derricott,06f90b62-5f4a-5350-9066-047a5e66ccb1,Jim Derricott,exact,32,32.0,raw_integer,name_score_inline,
924977661,1999,16th Annual Emerald City Open,40,4. Greg Durrett - 32,result_score,Greg Durrett,64337714-3133-53d6-b29a-511ae9f14920,Greg Durrett,exact,32,32.0,raw_integer,placement_line_tail_score,
924977661,1999,16th Annual Emerald City Open,40,4. Greg Durrett - 32,result_score,Greg Durrett,64337714-3133-53d6-b29a-511ae9f14920,Greg Durrett,exact,32,32.0,raw_integer,name_score_inline,
924977661,1999,16th Annual Emerald City Open,42,1. François Leh - 36,result_score,François Leh,27569bfc-a9e1-58c3-845b-ba0a01f4d9d7,François Leh,exact,36,36.0,raw_integer,placement_line_tail_score,
924977661,1999,16th Annual Emerald City Open,42,1. François Leh - 36,result_score,François Leh,27569bfc-a9e1-58c3-845b-ba0a01f4d9d7,François Leh,exact,36,36.0,raw_integer,name_score_inline,
924977661,1999,16th Annual Emerald City Open,43,2. Gibson Holub - 38 (tie concession),result_score,Gibson Holub,6e298b9e-2cc2-50d3-9665-50993e5564d5,Gibson Holub,exact,38,38.0,raw_integer,placement_line_tail_score,
924977661,1999,16th Annual Emerald City Open,43,2. Gibson Holub - 38 (tie concession),result_score,Gibson Holub,6e298b9e-2cc2-50d3-9665-50993e5564d5,Gibson Holub,exact,38,38.0,raw_integer,name_score_inline,
924977661,1999,16th Annual Emerald City Open,44,3. Andre Lemaire - 38,result_score,Andre Lemaire,8cf04727-1ddc-5d6a-9680-9581a4466522,André Lemaire,exact,38,38.0,raw_integer,placement_line_tail_score,
924977661,1999,16th Annual Emerald City Open,44,3. Andre Lemaire - 38,result_score,Andre Lemaire,8cf04727-1ddc-5d6a-9680-9581a4466522,André Lemaire,exact,38,38.0,raw_integer,name_score_inline,
924977661,1999,16th Annual Emerald City Open,46,1. Tricia George - 646,result_score,Tricia George,26349aa8-a1ff-5e6a-bff5-f93a89d20c68,Tricia George,exact,646,646.0,raw_integer,placement_line_tail_score,
924977661,1999,16th Annual Emerald City Open,46,1. Tricia George - 646,result_score,Tricia George,26349aa8-a1ff-5e6a-bff5-f93a89d20c68,Tricia George,exact,646,646.0,raw_integer,name_score_inline,
924977661,1999,16th Annual Emerald City Open,47,2. Becca English-Ross - 574,result_score,Becca English,93d75393-13d7-55c0-b23e-cf0c9a077583,Becca English Ross,exact,574,574.0,raw_integer,placement_line_tail_score,
924977661,1999,16th Annual Emerald City Open,47,2. Becca English-Ross - 574,result_score,Becca English-Ross,,,unresolved,574,574.0,raw_integer,name_score_inline,
924977661,1999,16th Annual Emerald City Open,49,1. Chris Eckley - 528,result_score,Chris Eckley,9c808a76-9232-5aef-9536-149543c18ba0,Chris Eckley,exact,528,528.0,raw_integer,placement_line_tail_score,
924977661,1999,16th Annual Emerald City Open,49,1. Chris Eckley - 528,result_score,Chris Eckley,9c808a76-9232-5aef-9536-149543c18ba0,Chris Eckley,exact,528,528.0,raw_integer,name_score_inline,
924977661,1999,16th Annual Emerald City Open,50,2. Noah Wilson - 485,result_score,Noah Wilson,5176d834-f522-5281-b627-3ab2fe8cf644,Noah Wilson,exact,485,485.0,raw_integer,placement_line_tail_score,
924977661,1999,16th Annual Emerald City Open,50,2. Noah Wilson - 485,result_score,Noah Wilson,5176d834-f522-5281-b627-3ab2fe8cf644,Noah Wilson,exact,485,485.0,raw_integer,name_score_inline,
924977661,1999,16th Annual Emerald City Open,51,3. François Leh - 395,result_score,François Leh,27569bfc-a9e1-58c3-845b-ba0a01f4d9d7,François Leh,exact,395,395.0,raw_integer,placement_line_tail_score,
924977661,1999,16th Annual Emerald City Open,51,3. François Leh - 395,result_score,François Leh,27569bfc-a9e1-58c3-845b-ba0a01f4d9d7,François Leh,exact,395,395.0,raw_integer,name_score_inline,
946940201,2000,East Coast Footbag Championships,24,"1. Manu Bouchard - 6 years in a row!! (Montreal, Quebec - AQAF)",result_score,Manu Bouchard,f1e2640c-48ae-588d-99bc-7b55713191f0,Manu Bouchard,exact,6,6.0,golf_score,placement_line_tail_score,
946940201,2000,East Coast Footbag Championships,24,"1. Manu Bouchard - 6 years in a row!! (Montreal, Quebec - AQAF)",result_score,Manu Bouchard,f1e2640c-48ae-588d-99bc-7b55713191f0,Manu Bouchard,exact,6,6.0,golf_score,name_score_inline,
957240514,2000,Emerald City Open,30,1. Rick Bates - 35,result_score,Rick Bates,5812096d-611b-5ca7-a4c0-bc30d45b67f4,Rick Bates,exact,35,35.0,raw_integer,placement_line_tail_score,
957240514,2000,Emerald City Open,30,1. Rick Bates - 35,result_score,Rick Bates,5812096d-611b-5ca7-a4c0-bc30d45b67f4,Rick Bates,exact,35,35.0,raw_integer,name_score_inline,
974683678,2001,COLORADO SHRED SYMPOSIUM 2,10,7. Shannon Anderson--74,result_score,Shannon Anderson,a50d8f07-9139-5fe3-9bed-fc4723872d4e,Shannon Anderson,exact,74,74.0,raw_integer,placement_line_tail_score,
974683678,2001,COLORADO SHRED SYMPOSIUM 2,10,7. Shannon Anderson--74,result_score,Shannon Anderson,a50d8f07-9139-5fe3-9bed-fc4723872d4e,Shannon Anderson,exact,74,74.0,raw_integer,name_score_inline,
979334083,2001,WESTERN REGIONAL FOOTBAG CHAMPIONSHIPS,151,1. Ryan Mulroney - 211.41,result_score,Ryan Mulroney,4cf390be-81e9-586c-95c7-aa90dd752ba8,Ryan Mulroney,exact,211.41,211.41,raw_integer,placement_line_tail_score,
979334083,2001,WESTERN REGIONAL FOOTBAG CHAMPIONSHIPS,151,1. Ryan Mulroney - 211.41,result_score,Ryan Mulroney,4cf390be-81e9-586c-95c7-aa90dd752ba8,Ryan Mulroney,exact,211.41,211.41,raw_integer,name_score_inline,
979334083,2001,WESTERN REGIONAL FOOTBAG CHAMPIONSHIPS,152,2. Lon Smith - 180.97,result_score,Lon Smith,60860e34-935d-5bb0-b718-a430fa4a142e,Lon Smith,exact,180.97,180.97,raw_integer,placement_line_tail_score,
979334083,2001,WESTERN REGIONAL FOOTBAG CHAMPIONSHIPS,152,2. Lon Smith - 180.97,result_score,Lon Smith,60860e34-935d-5bb0-b718-a430fa4a142e,Lon Smith,exact,180.97,180.97,raw_integer,name_score_inline,
979334083,2001,WESTERN REGIONAL FOOTBAG CHAMPIONSHIPS,153,3. Eric Wulff - 173.33,result_score,Eric Wulff,e8b82661-4428-5e51-a786-29bf7a23728f,Eric Wulff,exact,173.33,173.33,raw_integer,placement_line_tail_score,
979334083,2001,WESTERN REGIONAL FOOTBAG CHAMPIONSHIPS,153,3. Eric Wulff - 173.33,result_score,Eric Wulff,e8b82661-4428-5e51-a786-29bf7a23728f,Eric Wulff,exact,173.33,173.33,raw_integer,name_score_inline,
979334083,2001,WESTERN REGIONAL FOOTBAG CHAMPIONSHIPS,154,4. Brian McKenzie - 172.13,result_score,Brian McKenzie,0c7a541a-eae6-5ffc-9b9b-3ff86bf3941c,Brian McKenzie,exact,172.13,172.13,raw_integer,placement_line_tail_score,
979334083,2001,WESTERN REGIONAL FOOTBAG CHAMPIONSHIPS,154,4. Brian McKenzie - 172.13,result_score,Brian McKenzie,0c7a541a-eae6-5ffc-9b9b-3ff86bf3941c,Brian McKenzie,exact,172.13,172.13,raw_integer,name_score_inline,
979334083,2001,WESTERN REGIONAL FOOTBAG CHAMPIONSHIPS,155,5. Daryl Genz - 155.17,result_score,Daryl Genz,bd97ebe2-5ecd-5854-9d2e-b877a27ac527,Daryl Genz,exact,155.17,155.17,raw_integer,placement_line_tail_score,
979334083,2001,WESTERN REGIONAL FOOTBAG CHAMPIONSHIPS,155,5. Daryl Genz - 155.17,result_score,Daryl Genz,bd97ebe2-5ecd-5854-9d2e-b877a27ac527,Daryl Genz,exact,155.17,155.17,raw_integer,name_score_inline,
979334083,2001,WESTERN REGIONAL FOOTBAG CHAMPIONSHIPS,156,6. Sunil Jani - 139.66,result_score,Sunil Jani,8f15594c-f3f9-53d9-bfe5-409e746b7c29,Sunil Jani,exact,139.66,139.66,raw_integer,placement_line_tail_score,
979334083,2001,WESTERN REGIONAL FOOTBAG CHAMPIONSHIPS,156,6. Sunil Jani - 139.66,result_score,Sunil Jani,8f15594c-f3f9-53d9-bfe5-409e746b7c29,Sunil Jani,exact,139.66,139.66,raw_integer,name_score_inline,
979334083,2001,WESTERN REGIONAL FOOTBAG CHAMPIONSHIPS,157,7. Forest Schrodt - 139.64,result_score,Forest Schrodt,a8489587-4463-53fe-b8d2-4717ee6ef01a,Forest Schrodt,exact,139.64,139.64,raw_integer,placement_line_tail_score,
979334083,2001,WESTERN REGIONAL FOOTBAG CHAMPIONSHIPS,157,7. Forest Schrodt - 139.64,result_score,Forest Schrodt,a8489587-4463-53fe-b8d2-4717ee6ef01a,Forest Schrodt,exact,139.64,139.64,raw_integer,name_score_inline,
979334083,2001,WESTERN REGIONAL FOOTBAG CHAMPIONSHIPS,158,8. Ahren Gehrman - 134.71,result_score,Ahren Gehrman,919f3417-97e3-574a-9f85-f0aafc57539e,Ahren Gehrman,exact,134.71,134.71,raw_integer,placement_line_tail_score,
979334083,2001,WESTERN REGIONAL FOOTBAG CHAMPIONSHIPS,158,8. Ahren Gehrman - 134.71,result_score,Ahren Gehrman,919f3417-97e3-574a-9f85-f0aafc57539e,Ahren Gehrman,exact,134.71,134.71,raw_integer,name_score_inline,
979334083,2001,WESTERN REGIONAL FOOTBAG CHAMPIONSHIPS,159,9. Toby Robinson - 130.63,result_score,Toby Robinson,6be990dc-a556-51ae-b2f1-78d9b38c1d8e,Toby Robinson,exact,130.63,130.63,raw_integer,placement_line_tail_score,
979334083,2001,WESTERN REGIONAL FOOTBAG CHAMPIONSHIPS,159,9. Toby Robinson - 130.63,result_score,Toby Robinson,6be990dc-a556-51ae-b2f1-78d9b38c1d8e,Toby Robinson,exact,130.63,130.63,raw_integer,name_score_inline,
979334083,2001,WESTERN REGIONAL FOOTBAG CHAMPIONSHIPS,160,10. Avery McCombs - 101.68,result_score,Avery McCombs,e886f2c6-2560-5f06-9077-d0dcb41614a6,Avery McCombs,exact,101.68,101.68,raw_integer,placement_line_tail_score,
979334083,2001,WESTERN REGIONAL FOOTBAG CHAMPIONSHIPS,160,10. Avery McCombs - 101.68,result_score,Avery McCombs,e886f2c6-2560-5f06-9077-d0dcb41614a6,Avery McCombs,exact,101.68,101.68,raw_integer,name_score_inline,
979334083,2001,WESTERN REGIONAL FOOTBAG CHAMPIONSHIPS,161,11. Chad Devlahovich - 99.31,result_score,Chad Devlahovich,2daa07f5-d830-521e-af6e-4a39cd094e92,Chad Devlahovich,exact,99.31,99.31,raw_integer,placement_line_tail_score,
979334083,2001,WESTERN REGIONAL FOOTBAG CHAMPIONSHIPS,161,11. Chad Devlahovich - 99.31,result_score,Chad Devlahovich,2daa07f5-d830-521e-af6e-4a39cd094e92,Chad Devlahovich,exact,99.31,99.31,raw_integer,name_score_inline,
979334083,2001,WESTERN REGIONAL FOOTBAG CHAMPIONSHIPS,162,12. Richard Abshire - 97.92,result_score,Richard Abshire,92d46e52-ae22-54a4-a848-fe8cdb118f30,Richard Abshire,exact,97.92,97.92,raw_integer,placement_line_tail_score,
979334083,2001,WESTERN REGIONAL FOOTBAG CHAMPIONSHIPS,162,12. Richard Abshire - 97.92,result_score,Richard Abshire,92d46e52-ae22-54a4-a848-fe8cdb118f30,Richard Abshire,exact,97.92,97.92,raw_integer,name_score_inline,
979334083,2001,WESTERN REGIONAL FOOTBAG CHAMPIONSHIPS,163,13. Ken Somolinos - 94.34,result_score,Ken Somolinos,d1aace44-cd92-5b85-9ed1-fe4afb2cd502,Ken Somolinos,exact,94.34,94.34,raw_integer,placement_line_tail_score,
979334083,2001,WESTERN REGIONAL FOOTBAG CHAMPIONSHIPS,163,13. Ken Somolinos - 94.34,result_score,Ken Somolinos,d1aace44-cd92-5b85-9ed1-fe4afb2cd502,Ken Somolinos,exact,94.34,94.34,raw_integer,name_score_inline,
979334083,2001,WESTERN REGIONAL FOOTBAG CHAMPIONSHIPS,164,14. Cameron Kennedy - 94.15,result_score,Cameron Kennedy,0cc59803-c375-5573-8a7c-90201837b32b,Cameron Kennedy,exact,94.15,94.15,raw_integer,placement_line_tail_score,
979334083,2001,WESTERN REGIONAL FOOTBAG CHAMPIONSHIPS,164,14. Cameron Kennedy - 94.15,result_score,Cameron Kennedy,0cc59803-c375-5573-8a7c-90201837b32b,Cameron Kennedy,exact,94.15,94.15,raw_integer,name_score_inline,
979334083,2001,WESTERN REGIONAL FOOTBAG CHAMPIONSHIPS,165,15. Melissa Schneider - 57.93,result_score,Melissa Schneider,26e40173-e0b2-5d76-99b7-61a202886550,Melissa Schneider,exact,57.93,57.93,raw_integer,placement_line_tail_score,
979334083,2001,WESTERN REGIONAL FOOTBAG CHAMPIONSHIPS,165,15. Melissa Schneider - 57.93,result_score,Melissa Schneider,26e40173-e0b2-5d76-99b7-61a202886550,Melissa Schneider,exact,57.93,57.93,raw_integer,name_score_inline,
979334083,2001,WESTERN REGIONAL FOOTBAG CHAMPIONSHIPS,166,16. Mark Husted - 55.91,result_score,Mark Husted,3eebd90a-e974-54b7-9ae7-16c7352c8e91,Mark Husted,exact,55.91,55.91,raw_integer,placement_line_tail_score,
979334083,2001,WESTERN REGIONAL FOOTBAG CHAMPIONSHIPS,166,16. Mark Husted - 55.91,result_score,Mark Husted,3eebd90a-e974-54b7-9ae7-16c7352c8e91,Mark Husted,exact,55.91,55.91,raw_integer,name_score_inline,
979334083,2001,WESTERN REGIONAL FOOTBAG CHAMPIONSHIPS,167,17. Mike Jauss - 46.25,result_score,Mike Jauss,be913bdb-7b5c-51c2-9e11-afa2c03b7297,Mike Jauss,exact,46.25,46.25,raw_integer,placement_line_tail_score,
979334083,2001,WESTERN REGIONAL FOOTBAG CHAMPIONSHIPS,167,17. Mike Jauss - 46.25,result_score,Mike Jauss,be913bdb-7b5c-51c2-9e11-afa2c03b7297,Mike Jauss,exact,46.25,46.25,raw_integer,name_score_inline,
979334083,2001,WESTERN REGIONAL FOOTBAG CHAMPIONSHIPS,168,18. Nathan Martinez - 38.16,result_score,Nathan Martinez,881eff63-e268-508d-8416-86d6979230f3,Nathan Martinez,exact,38.16,38.16,raw_integer,placement_line_tail_score,
979334083,2001,WESTERN REGIONAL FOOTBAG CHAMPIONSHIPS,168,18. Nathan Martinez - 38.16,result_score,Nathan Martinez,881eff63-e268-508d-8416-86d6979230f3,Nathan Martinez,exact,38.16,38.16,raw_integer,name_score_inline,
