event_id,year,event_name,division,source_count,canonical_count,source_max_place,canonical_max_place,is_source_partial,canonical_div_matched,match_score
1001076203,2001,3ème Open de France de Footbag,Double,7,5,5,5,False,Double,1.0
1001942070,2001,Texas State Footbag Championships,30 Second Shred - Intermediate,3,2,3,2,True,30 Second Shred ? Intermediate,0.966
1011291051,2002,Quebec City Footbag Net Championships 2002,Open Singles,17,16,15,15,False,Open Singles,1.0
1011556608,2002,FOOTJAM meets 3BORDERSCUP,Open Freestyle,3,2,3,3,False,Open Freestyle,1.0
1012638214,2002,2002 WESTERN REGIONAL FOOTBAG CHAMPIONSHIPS,Open Singles Net,15,13,15,15,False,Open Singles Net,1.0
1012638214,2002,2002 WESTERN REGIONAL FOOTBAG CHAMPIONSHIPS,Open Doubles Net,14,12,14,14,False,Open Doubles Net,1.0
1013283071,2002,23rd Annual WORLD FOOTBAG CHAMPIONSHIPS,Women's Doubles Net,6,4,6,5,False,Women's Doubles Net,1.0
1013283071,2002,23rd Annual WORLD FOOTBAG CHAMPIONSHIPS,Open Mixed Doubles Net,12,11,12,12,False,Open Mixed Doubles Net,1.0
1016457376,2002,Cinco de Mayo Footbag Fest,Novice,8,4,4,4,True,Novice,1.0
1016457376,2002,Cinco de Mayo Footbag Fest,Intermediate,10,8,5,5,True,Intermediate,1.0
1016457376,2002,Cinco de Mayo Footbag Fest,Shred 30,9,8,5,5,True,Shred 30,1.0
1018812342,2002,Czech Footbag Championships,Doubles Freestyle,5,4,5,4,True,Doubles Freestyle,1.0
1018812342,2002,Czech Footbag Championships,Girl's Freestyle,8,7,3,3,True,Girl's Freestyle,1.0
1021665982,2002,2002 East Coast Footbag Championships,Intermediate,12,10,8,8,True,Intermediate,1.0
1021665982,2002,2002 East Coast Footbag Championships,Phat Trick,3,2,2,2,True,Phat Trick,1.0
1025084282,2002,1st Queensland Footbag Challenge,Intermediate 1Min 30 Sec,6,5,6,6,False,Intermediate 1Min 30 Sec,1.0
1028233308,2002,US Open Freestyle Championships,Novice 3 Minute Consecutives,6,5,6,5,False,Novice 3 Minute Consecutives,1.0
1028800969,2002,3. Frankfurt Footbag Open,Doubles Net Open,8,4,8,4,False,Doubles Net Open,1.0
1028800969,2002,3. Frankfurt Footbag Open,Singles Net Open,9,8,9,8,False,Singles Net Open,1.0
1031334528,2003,Funtastik Summer Classic Footbag Tournament,Pro Freestyle- Single,5,4,5,5,False,Pro Freestyle- Single,1.0
1034985978,2003,2003 Canadian Open Footbag Championships,Shred 30 Champion,3,1,3,1,False,Shred 30 Champion,1.0
1035277529,2003,24th Annual WORLD FOOTBAG CHAMPIONSHIPS,Mixed Doubles Freestyle,3,6,3,3,False,Mixed Doubles Freestyle,1.0
1035277529,2003,24th Annual WORLD FOOTBAG CHAMPIONSHIPS,Open Doubles Freestyle,6,12,6,6,False,Open Doubles Freestyle,1.0
1035277529,2003,24th Annual WORLD FOOTBAG CHAMPIONSHIPS,Open Doubles Net,20,40,11,11,False,Open Doubles Net,1.0
1035277529,2003,24th Annual WORLD FOOTBAG CHAMPIONSHIPS,Mixed Doubles Net,7,14,5,5,False,Mixed Doubles Net,1.0
1035277529,2003,24th Annual WORLD FOOTBAG CHAMPIONSHIPS,Women's Open Doubles Net,4,8,4,4,False,Women's Open Doubles Net,1.0
1035277529,2003,24th Annual WORLD FOOTBAG CHAMPIONSHIPS,Intermediate Doubles Net,25,50,13,13,False,Intermediate Doubles Net,1.0
1038895913,2003,Seapa NZ Freestyle Footbag Championships,Unknown,4,3,5,3,False,Unknown,1.0
1038895913,2003,Seapa NZ Freestyle Footbag Championships,2 Minute Open Freestyle,7,6,6,6,False,2 Minute Open Freestyle,1.0
1044952105,2003,"L'Hivernal, The Windchill",Open Doubles Net,10,7,7,7,False,Open Doubles Net,1.0
1045628278,2003,Montreal Footbag Challenge 2003,Pro Shred30,3,2,3,3,False,Pro Shred30,1.0
1046985067,2003,2003 Steel City Footbag Open,Intermediate Big 3,3,2,3,3,False,Intermediate Big3,0.971
1049457912,2003,2003 East Coast Championships - The BIG 2-0,Sick 3,1,2,2,2,False,Sick 3,1.0
1050067583,2003,Turku Open,Pro Doubles,7,6,7,7,False,Pro Doubles,1.0
1050067583,2003,Turku Open,Pro Routines,3,2,3,3,False,Pro Routines,1.0
1050067583,2003,Turku Open,Pro Sick 3,3,2,3,3,False,Pro Sick 3,1.0
1050140930,2003,German Footbag Open 2003,Intermediate Freestyle,6,4,6,6,False,Intermediate Freestyle,1.0
1050140930,2003,German Footbag Open 2003,Women's Freestyle,5,4,5,5,False,Women's Freestyle,1.0
1057126024,1986,East Coast Footbag Championships - 4th Annual - 1986,Singles Consecutive,3,2,3,3,False,Singles Consecutive,1.0
1057345914,1991,East Coast Footbag Championships - 1991 - 9th Annual,Intermediate Doubles Net,3,2,3,3,False,Intermediate Doubles Net,1.0
1058378281,2003,Texas State Footbag Championships,Freestyle - 30 Second Shred,9,7,9,9,False,Freestyle ? 30 Second Shred,0.962
1058378281,2003,Texas State Footbag Championships,Freestyle - Open,12,10,12,12,False,Freestyle ? Open,0.933
1058378281,2003,Texas State Footbag Championships,Open Consecutives,3,1,3,1,False,Open Consecutives,1.0
1061453080,2003,Australian East Coast Regionals,Intermediate Sick 3,3,1,3,1,False,Intermediate Sick Trick,0.857
1061453080,2003,Australian East Coast Regionals,Open Sick Trick,1,3,1,3,False,Open Sick Three,0.8
1061453080,2003,Australian East Coast Regionals,Open Routines,4,3,3,3,False,Open Routines,1.0
1070734498,2004,TODEXON 5,Sick 3,5,3,3,3,False,Sick 3,1.0
1075781798,2004,Funtastik Summer Classic Footbag Tournament,Pro Doubles Net,4,3,4,3,False,Pro Doubles Net,1.0
1076876907,2004,Russian Open Footbag Series/ Stage 1,Open Singles Freestyle,5,4,5,5,False,Open Singles Freestyle,1.0
1076952530,2004,SOUF 2004 Southeastern Regional Footbag Championships,Shred30,6,3,3,3,False,Shred 30,0.933
1079444598,2004,German Footbag Open 2004,Intermediate Singles Net,4,1,4,1,False,Intermediate Single Net,0.979
1079444598,2004,German Footbag Open 2004,Intermediate Doubles Net,3,2,3,3,False,Intermediate Doubles Net,1.0
1079444598,2004,German Footbag Open 2004,Open Singles Net,4,1,4,3,False,Open Single Net,0.968
1079444598,2004,German Footbag Open 2004,Shred,4,2,4,4,False,Shred,1.0
1079444598,2004,German Footbag Open 2004,Sick 3,4,3,4,4,False,Sick 3,1.0
1079444598,2004,German Footbag Open 2004,Intermediate Freestyle,4,3,4,3,False,Intermediate Freestyle,1.0
1079605499,2004,6th Annual IFPA European Footbag Championships,Open Golf,9,7,10,9,False,Open Golf,1.0
1080138513,2004,RNH Contest 2004,Shred 30,10,8,10,9,False,Shred 30,1.0
1080138513,2004,RNH Contest 2004,Sick 3,11,4,8,4,False,Sick 3,1.0
1080757998,2004,Space City Freestyle Jam 2004,Open Sick 3,3,2,3,3,False,Open Sick3,0.952
1081766954,2004,Russian Open Footbag Series/ Stage 2,Open Doubles Net,4,1,4,4,False,Open Doubles Net,1.0
1089373321,2004,6e Open de France de Footbag,Golf,3,2,3,2,False,Golf,1.0
1089373321,2004,6e Open de France de Footbag,Doubles Freestyle,4,3,4,4,False,Doubles Freestyle,1.0
1092044099,2004,Russian Open Footbag Series/ Stage 4,Net Doubles,4,2,4,3,False,Net Doubles,1.0
1092073845,2004,Czech Championships 2004,Open Freestyle,8,10,8,8,False,Open Freestyle,1.0
1092073845,2004,Czech Championships 2004,Sick 3,3,14,3,15,False,Sick 3,1.0
1092073845,2004,Czech Championships 2004,Doubles Net,3,2,3,2,False,Doubles Net,1.0
1094071528,2004,1. Footbag- Net- Jam Berlin 04,Open Doubles Net,10,8,8,8,False,Open Doubles Net,1.0
1094201584,2004,Frankfurt Footbag Open 2004,Open Freestyle,8,5,8,8,False,Open Freestyle,1.0
1094201584,2004,Frankfurt Footbag Open 2004,Open Golf,4,3,3,3,False,Open Golf,1.0
1094201584,2004,Frankfurt Footbag Open 2004,Open Net Fives,4,3,4,4,False,Open Fives,0.833
1097785506,2004,Finnish Singles Net Footbag Championships 2004,Open Singles Net,16,14,16,16,False,Open Singles Net,1.0
1102227996,2005,The Green Cup Presented by Chaos,Open Doubles - For The Green Cup,10,9,10,10,False,Open Doubles - For The Green Cup,1.0
1102227996,2005,The Green Cup Presented by Chaos,Open Singles,10,9,10,10,False,Open Singles,1.0
1102788509,2005,3rd Annual Sunshred Footbag Open (LIVE),Open Freestyle Combo,3,4,3,4,False,Open Freestyle,0.824
1103297805,2005,2e Championnat de France de Footbag,Open Doubles Freestyle,2,4,2,2,False,Open Doubles Freestyle,1.0
1103297805,2005,2e Championnat de France de Footbag,Open Doubles Net,3,6,3,3,False,Open Doubles Net,1.0
1103297805,2005,2e Championnat de France de Footbag,Mixed Doubles Net,2,4,2,2,False,Mixed Doubles Net,1.0
1103297805,2005,2e Championnat de France de Footbag,Freestyle Doubles Routines,2,4,2,2,False,Freestyle Doubles Routines,1.0
1103297805,2005,2e Championnat de France de Footbag,Shred 30,8,7,8,8,False,Shred 30 Sec,0.8
1103297805,2005,2e Championnat de France de Footbag,Sick 3,7,6,5,5,False,Sick 3,1.0
1105353373,2005,5 years Frankfurt Footbag e.V.,Golf Jam,3,2,2,2,False,Golf Jam,1.0
1107290435,2005,The 2005 Montreal International Footbag Championships,Open Doubles,11,13,11,11,False,Open Doubles,1.0
1109802420,2005,6th Annual IFPA Turku Open,Open Doubles Net,10,8,10,9,False,Open Doubles Net,1.0
1117746703,2005,6th Frankfurt Footbag Open,Double Open Net,5,3,5,5,False,Double Open Net,1.0
1117746703,2005,6th Frankfurt Footbag Open,Single Net,7,6,7,7,False,Single Net,1.0
1124840254,2005,The Hackrifice Open 2005,Open Sick 1,4,3,4,3,False,Open Sick 1,1.0
1124840254,2005,The Hackrifice Open 2005,Intermediate Sick 1,1,2,1,2,False,Intermediate Sick 1,1.0
1125936037,2005,7e Open de France de Footbag,Open Doubles Freestyle,5,4,5,4,False,Open Doubles Freestyle,1.0
1125936037,2005,7e Open de France de Footbag,Open Singles Freestyle,14,17,17,17,False,Open Singles Freestyle,1.0
1134914723,2006,RNH Contest 2006,Open Singles Net,15,3,15,3,False,Women's Singles Net,0.857
1134914723,2006,RNH Contest 2006,Open Sick 3,4,6,4,6,False,Open Sick Trick,0.769
1134914723,2006,RNH Contest 2006,Mini Net,3,2,3,3,False,Mini Net,1.0
1135116604,2006,27th IFPA WORLD FOOTBAG CHAMPIONSHIPS,Open Golf,11,10,8,7,False,Open Golf,1.0
1137347261,2006,7th Annual Colorado Shred Symposium,Open Sick 3,7,1,5,1,False,Open Sick 3,1.0
1137942486,2006,8th Annual IFPA European Footbag Championships,Open Doubles Net,21,19,23,23,False,Open Doubles Net,1.0
1137942486,2006,8th Annual IFPA European Footbag Championships,Open Singles Net,17,15,31,17,False,Open Singles Net,1.0
1137942486,2006,8th Annual IFPA European Footbag Championships,Intermediate Singles Freestyle,9,8,9,9,False,Intermediate Singles Freestyle,1.0
1138601883,2006,Santa Cruz Invitational,Sick 3,2,9,2,3,False,Sick 3,1.0
1138601883,2006,Santa Cruz Invitational,Sick 1,11,12,3,3,False,Sick 1,1.0
1139778550,2006,Swedish Open Footbag Net,Double Net,8,7,8,8,False,Double Net,1.0
1143155263,2006,U. S. Open Footbag Championships,Intermediate Doubles Net,6,5,6,6,False,Intermediate Doubles Net,1.0
1143155263,2006,U. S. Open Footbag Championships,Novice Doubles Net,3,2,3,2,False,Novice Doubles Net,1.0
1143155263,2006,U. S. Open Footbag Championships,Intermediate Sick 3,3,2,3,3,False,Intermediate Sick 3,1.0
1143172220,2006,2006 Jersey Spike & Shred,Intermediate Doubles Net,3,2,3,2,False,Intermediate Doubles Net,1.0
1146789209,2006,East Coast Footbag Championships 2006,Open Doubles Net,4,3,4,4,False,Open Doubles Net,1.0
1146843672,2006,Montreal Spring Jam,Open Singles Freestyle,10,9,10,10,False,Open Singles Freestyle,1.0
1148241486,2006,2006 Steel City Shred Off,Open Sick 1,3,2,3,3,False,Open Sick 1,1.0
1148241486,2006,2006 Steel City Shred Off,Open Sick 3,1,3,2,3,False,Open Sick 3,1.0
1148241486,2006,2006 Steel City Shred Off,Intermediate Sick 1,2,3,3,3,False,Intermediate Sick 1,1.0
1148374547,2006,Championnats de France 2006,Freestyle,15,12,11,9,False,Freestyle,1.0
1148374547,2006,Championnats de France 2006,Double Net,8,7,7,7,False,Double Net,1.0
1149763452,2006,8e OPEN de France de Footbag,Sick 3,18,16,12,12,False,Sick 3,1.0
1149881200,2006,Funtastik Summer Classic Tournament and Festival,Singles Net- Novice,3,2,3,3,False,Singles Net- Novice,1.0
1155788760,2006,2006 Southeast Regionals,Net Doubles,5,4,5,5,False,Net Doubles,1.0
1157398732,2006,Danish Footbag Championships 2006,Intermediate Routines,4,3,4,3,False,Intermediate Routines,1.0
1157398732,2006,Danish Footbag Championships 2006,Sick 3,8,2,8,2,False,Sick 3,1.0
1157942368,2006,New Year's Jam 2006,Sick 3,5,3,3,3,False,Sick 3,1.0
1161167528,2006,German Footbag Championships 2006,Double Net,8,16,8,8,False,Double Net,1.0
1161888703,2006,Cornell Footbag Jam,[U]Sick One[/U],4,5,2,3,False,[U]Sick One[/U],1.0
1164845982,2007,The Green Cup 2007 - Presented By Chaos,Open Singles - Division A,12,11,12,11,False,Open Singles - Division A,1.0
1167422711,2007,'07 Southeastern Net Championships,Open Doubles Net,9,7,9,8,False,Open Doubles Net,1.0
1170456736,2007,"L'Hivernal 2007, The 2007 Windchill",Intermediate Singles,4,3,4,4,False,Intermediate Singles,1.0
1172931308,2007,Montreal Spring Jam 2,4-Square,3,2,3,2,False,4-Square,1.0
1173467292,2007,4th annual Montana Freestyle Jam,Intermediate,8,6,6,6,False,Intermediate,1.0
1173467292,2007,4th annual Montana Freestyle Jam,Open,11,8,8,8,False,Open,1.0
1176318174,2007,2007 U.S. Open Footbag Championships,Intermediate Big 3,4,3,4,4,False,Intermediate Big 3,1.0
1176650845,2007,3rd New Jersey Spike and Shred,Open Double Net,7,6,7,7,False,Open Double Net,1.0
1177512537,2007,Championnats de France de Footbag,Singles Freestyle,8,11,7,7,False,Singles Freestyle,1.0
1177512537,2007,Championnats de France de Footbag,Sick3,1,3,3,3,False,Sick3,1.0
1177512537,2007,Championnats de France de Footbag,Team Freestyle,3,2,3,3,False,Team Freestyle,1.0
1177512537,2007,Championnats de France de Footbag,Doubles Net,8,7,8,8,False,Doubles Net,1.0
1182542776,2007,Funtastik Summer Classic,Intermediate Doubles,4,2,4,4,False,Intermediate Doubles,1.0
1189345008,2007,5th Annual Wilanow Footbag Open 2007,Doubles Routines,3,6,3,3,False,Doubles Routines,1.0
1189345008,2007,5th Annual Wilanow Footbag Open 2007,Shred 30,15,18,15,15,False,Shred 30,1.0
1189345008,2007,5th Annual Wilanow Footbag Open 2007,Request Contest,3,7,3,4,False,Request Contest,1.0
1191627566,2007,Cornell Footbag Jam 2,Intermediate Circle,3,2,3,2,False,Intermediate Circle,1.0
1191627566,2007,Cornell Footbag Jam 2,Open Circle,4,3,4,3,False,Open Circle,1.0
1193783964,2008,U.S. Open Footbag Championships,Intermediate Sick 3,3,4,4,4,False,Intermediate Sick 3,1.0
1193783964,2008,U.S. Open Footbag Championships,Intermediate Singles Net,13,12,13,13,False,Intermediate Singles Net:,1.0
1193783964,2008,U.S. Open Footbag Championships,Intermediate Doubles Net,6,5,6,6,False,Intermediate Doubles Net:,1.0
1195585401,2008,The 2008 Green Cup Presented by Chaos,Open Singles,32,18,32,28,False,Open Singles,1.0
1199106237,2008,10th Annual IFPA European Footbag Championships,Open Shred30 Freestyle,16,10,10,10,False,Open Shred30 Freestyle,1.0
1203102773,2008,The 2008 Windy City Cup,Golf,2,1,2,1,False,Golf,1.0
1203604560,2008,CommALaMaison Contest 2008,Mini-Net / Foot-C,18,17,17,17,False,Mini-Net / Foot-C,1.0
1204009603,2008,The 2008 Pro Kicker Montreal Footbag Championships,Open Doubles,15,14,15,15,False,Open Doubles,1.0
1204904987,2008,RNH Contest 2008,Sick 3,1,3,4,4,False,Sick 3,1.0
1206161350,2008,Montreal Spring Jam 3,Inter Circle,4,3,4,3,False,Inter Circle,1.0
1206161350,2008,Montreal Spring Jam 3,Request Contest,8,7,4,4,False,Request Contest,1.0
1212769063,2008,24th Annual Midwest Regional Footbag Championships,Circle Contest,6,5,3,3,False,Circle Contest,1.0
1216058526,2008,Funtastik Summer Classic Footbag Tournament,Pro Freestyle- Single,8,7,8,7,False,Pro Freestyle- Single,1.0
1216058526,2008,Funtastik Summer Classic Footbag Tournament,Amateur Doubles Net - Prizes,4,3,4,4,False,Amateur Doubles Net - Prizes,1.0
1216849705,2008,Texas Statewide Tournament 2008,Freestyle Big 1,4,5,5,5,False,Freestyle Big 1,1.0
1218721346,2008,Memphicago Kick Volley Challenge 1,Open Doubles Net,8,2,8,3,False,Open Doubles Net,1.0
1222687523,2008,10e Open de France de Footbag,Sick 3,3,8,8,8,False,Sick 3,1.0
1224962900,2008,Zocha Jam 2008,Sick3,6,3,3,3,False,Sick3,1.0
1228946926,2008,Czech Footbag Championships,Open Routine,11,10,11,11,False,Open Routine,1.0
1228946926,2008,Czech Footbag Championships,Sick 3,13,11,9,9,False,Sick 3,1.0
1228946926,2008,Czech Footbag Championships,Cfa Shred,11,10,11,11,False,Cfa Shred,1.0
1231286017,2009,2009 U.S. Open Footbag Net Championships,Mixed Doubles Net: 10 Teams,10,9,10,10,False,Mixed Doubles Net: 10 Teams,1.0
1233299407,2009,2009 U.S. Open Freestyle Footbag Championships,Open Performance Routines,11,9,9,9,False,Open Performance Routines,1.0
1235653935,2009,11th Annual IFPA European Footbag Championships - Strzelin,Open Shred:30 Final,8,6,8,8,False,Open Shred:30 Final,1.0
1241031822,2009,Frisbee Footbag Fest,Routine,8,10,7,7,True,Routine,1.0
1244553505,2009,Helsinki Open 2009,Doubles Net,9,8,9,9,False,Doubles Net,1.0
1245793403,2009,Funtastik Summer Classic,Pro Doubles Net,4,3,4,4,False,Pro Doubles Net,1.0
1245793403,2009,Funtastik Summer Classic,Doubles Net- Intermediate,2,1,2,1,False,Doubles Net- Intermediate,1.0
1250478677,2009,Montreal End-of-Summer Jam 1,2-Square,8,7,8,7,False,2-Square,1.0
1252110023,2009,2009 East-Coast Footbag Championships,Singles,15,14,10,10,True,Singles,1.0
1252451527,2010,Funtastik Summer Classic,Pro Doubles Net,14,13,14,14,False,Pro Doubles Net,1.0
1252451527,2010,Funtastik Summer Classic,Doubles Net- Intermediate,4,3,4,4,False,Doubles Net- Intermediate,1.0
1255957016,2009,Zocha Jam 2009,Open Freestyle,20,25,11,11,False,Open Freestyle,1.0
1257621700,2009,German Footbag Championships 2009,Open Singles Net,18,16,18,18,False,Open Singles Net,1.0
1257621700,2009,German Footbag Championships 2009,Open Freetyle,3,2,3,2,False,Open Freetyle,1.0
1257621700,2009,German Footbag Championships 2009,Interm. Double Net,3,2,3,3,False,Interm. Double Net,1.0
1258513500,2009,IFPA South American Championships,Open Net Singles,25,24,25,25,False,Open Net Singles,1.0
1260368810,2010,Frankfurt Footbag 10th Anniversary Jam,Results Pro Image Cash Golf,24,19,14,14,False,Results Pro Image Cash Golf,1.0
1262631137,2010,Urban Komba Footbag Open Footbag Jam,Open Net Singles,4,3,4,4,False,Open Net Singles,1.0
1262691385,2010,Todexon 11,Open Singles Routines,10,9,9,9,False,Open Singles Routines,1.0
1264098849,2010,2010 Mud Island Belt Presented by Memphis Footworks,Singles,16,15,16,16,False,Singles,1.0
1267996189,2010,Footbag again in the Zara,Open Net Singles,5,4,5,5,False,Open Net Singles,1.0
1268445253,2010,2010 Green Cup Presented by Chaos,Open Doubles Net,16,1,16,4,False,Open Doubles Net,1.0
1268445253,2010,2010 Green Cup Presented by Chaos,Open Singles Net,24,1,24,4,False,Open Doubles Net,0.75
1268445253,2010,2010 Green Cup Presented by Chaos,Mixed Doubles Net,2,1,2,4,False,Open Doubles Net,0.788
1270631935,2010,RNH Contest 2010,Open Singles Net,30,29,17,17,True,Open Singles Net,1.0
1277805979,2010,French Footbag Championships 2010,Open Doubles Net,8,7,8,8,False,Open Doubles Net,1.0
1280907422,2010,10th Swiss Footbag Championships,Footbag-Net Doubles,7,6,7,7,False,Footbag-Net Doubles,1.0
1282224512,2010,12th Annual German Footbag Championships,Golf,8,7,8,8,False,Golf,1.0
1285506605,2010,2010 NYJ/Midwest Regionals Footbag Championships,Routines,11,9,5,5,True,Routines,1.0
1286381599,2010,4to Campeonato Suramericano de Footbag,Open Singles,21,20,21,20,False,Open Singles,1.0
1286381599,2010,4to Campeonato Suramericano de Footbag,Intermediate Singles,14,13,14,13,False,Intermediate Singles,1.0
1286644859,2010,Czech Footbag Championship 2010,Net Singles,5,4,5,5,False,Net Singles,1.0
1287439208,2010,Naantalin Seudun Mestaruuskilpailut,Open Doubles Net,6,4,4,4,False,Open Doubles Net,1.0
1288096032,2010,Zocha Jam 2010,Circle Contest,4,12,4,8,False,Circle Contest,1.0
1288096032,2010,Zocha Jam 2010,Request Contest,18,17,15,15,False,Request Contest,1.0
1293877917,2011,13th Annual IFPA European Footbag Championships,Open Shred 30,9,10,9,9,False,Open Shred 30,1.0
1293877917,2011,13th Annual IFPA European Footbag Championships,Open Singles Net,36,35,36,36,False,Open Singles Net,1.0
1299532552,2011,4th Annual Windy City Cup Footbag Net Championships,Intermediate Singles,9,8,9,7,False,Intermediate Singles,1.0
1301837824,2011,"The AkiSphere 2011, presented by AKIQ",Open Doubles Net,10,9,11,11,False,Open Doubles Net,1.0
1305581560,2011,French Footbag Championships 2011,Singles Net,29,28,19,19,True,Singles Net,1.0
1314229545,2011,Texas State Footbag Championships 2011,Open Doubles,6,5,6,6,False,Open Doubles,1.0
1314229545,2011,Texas State Footbag Championships 2011,Golf,9,8,9,9,False,Golf,1.0
1314328055,2011,3ra Copa Táchira de Footbag,Open Doubles Net,9,8,9,9,False,Open Doubles Net,1.0
1320803601,2012,U.S. OPEN Footbag Net Championships 2012,Unknown,12,11,12,11,False,Unknown,1.0
1320803601,2012,U.S. OPEN Footbag Net Championships 2012,Intermediate Doubles,7,6,7,6,False,Intermediate Doubles,1.0
1321869570,2012,Todexon 13,Open Singles Routines,14,12,14,14,False,Open Singles Routines,1.0
1321869570,2012,Todexon 13,Sick 3,5,8,8,8,False,Sick 3,1.0
1329132977,2012,Swiss Footbag Championships 2012,Open Doubles Net,13,14,14,14,False,Open Double Net,0.968
1329132977,2012,Swiss Footbag Championships 2012,Open Circle Contest,6,5,6,5,False,Women's Circle Contest,0.878
1337617980,2012,German Footbag Open (14th Annual German Footbag Championships),Open Singles Net,26,4,26,4,False,Womens Singles Net,0.882
1337617980,2012,German Footbag Open (14th Annual German Footbag Championships),Request,15,13,9,9,False,Request,1.0
1346948712,2012,1o Torneo Nacional de Footbag,Open Freestyle Circle,9,11,5,5,False,Open Freestyle Circle,1.0
1346948712,2012,1o Torneo Nacional de Footbag,Sick 3,4,5,5,5,False,Sick 3,1.0
1348929718,2012,4ta Copa Táchira de Footbag,Open Doubles Net,10,9,10,9,False,Open Doubles Net,1.0
1353223688,2012,Finnish Footbag Open,Open Singles Net,28,11,14,13,False,Open Singles Net,1.0
1353223688,2012,Finnish Footbag Open,Open Doubles Net,16,7,8,8,False,Open Doubles Net,1.0
1353223688,2012,Finnish Footbag Open,Open Singles Routines,6,11,6,13,False,Open Singles Net,0.811
1353380057,2013,5ta Copa X-PRO,Open Doubles Net,12,11,12,12,False,Open Doubles Net,1.0
1354752474,2013,13e Open de France de Footbag,Open Singles Net,40,31,31,31,False,Open Singles Net,1.0
1354752474,2013,13e Open de France de Footbag,Open Doubles Net,30,24,24,24,False,Open Doubles Net,1.0
1354752474,2013,13e Open de France de Footbag,Women's Singles Net,14,7,7,7,False,Women's Singles Net,1.0
1354752474,2013,13e Open de France de Footbag,Intermediate Singles Net,12,6,6,6,False,Intermediate Singles Net,1.0
1354752474,2013,13e Open de France de Footbag,Open Singles Routines,9,31,9,31,False,Open Singles Net,0.811
1354752474,2013,13e Open de France de Footbag,Women's Singles Routines,3,7,3,7,False,Women's Singles Net,0.837
1354752474,2013,13e Open de France de Footbag,Intermediate Singles Routines,3,6,3,6,False,Intermediate Singles Net,0.868
1354752474,2013,13e Open de France de Footbag,Open Shred:30,9,2,9,3,False,Shred 30,0.762
1354752474,2013,13e Open de France de Footbag,Open Circle Contest,4,3,4,3,False,Circle Contest,0.848
1357101984,2013,U.S. OPEN Footbag Net Championships 2013,Open Mixed Doubles Net,10,8,11,8,False,Open Mixed Doubles Net,1.0
1357101984,2013,U.S. OPEN Footbag Net Championships 2013,Intermediate Doubles Net,5,2,5,3,False,Intermediate Doubles Net,1.0
1361239371,2013,Copa San Sebastián,Open Doubles Net,7,6,7,6,False,Open Doubles Net,1.0
1368559562,2013,4ta Copa Venezuela,Open Doubles Net,17,14,17,14,False,Open Doubles Net,1.0
1369141018,2013,Burgas Summer Footbag Jam V,Open Doubles Net,5,3,5,5,False,Open Doubles Net,1.0
1377192359,2013,15th Annual German Footbag Championships & Open,Open Singles Net,38,19,19,19,False,Open Singles Net,1.0
1377192359,2013,15th Annual German Footbag Championships & Open,Open Doubles Net,15,19,15,19,False,Open Singles Net,0.75
1377192359,2013,15th Annual German Footbag Championships & Open,Request,3,1,3,3,False,Request,1.0
1378666423,2013,Danish Footbag Open,Routines,20,9,9,9,False,Routines,1.0
1378666423,2013,Danish Footbag Open,Circle,16,4,4,4,False,Circle,1.0
1378666423,2013,Danish Footbag Open,Request Contest,8,13,13,13,False,Request Contest,1.0
1378821205,2013,Championnat de France de Footbag 2013,Open Doubles Net,10,9,10,10,False,Open Doubles Net,1.0
1386623061,2014,U. S. Open Footbag Championships 2014,Open Sick 3,6,5,5,5,False,Open Sick Trick,0.769
1386623061,2014,U. S. Open Footbag Championships 2014,Mixed Doubles Net,6,12,6,6,False,Mixed Doubles Net,1.0
1386623061,2014,U. S. Open Footbag Championships 2014,Open Doubles Net,7,14,7,7,False,Open Doubles Net,1.0
1386623061,2014,U. S. Open Footbag Championships 2014,Open Singles Net,7,3,7,3,False,Women's Singles Net,0.857
1386623061,2014,U. S. Open Footbag Championships 2014,Intermediate Singles Net,5,2,5,2,False,Intermediate Singles Routines,0.868
1386623061,2014,U. S. Open Footbag Championships 2014,Intermediate Doubles Net,4,8,4,4,False,Intermediate Doubles Net,1.0
1389730147,2014,Todexon 15,Open Sick Trick,3,6,7,7,False,Open Sick Trick,1.0
1405875596,2014,32nd Annual East Coast Footbag Championships,Intermediate Routines,3,4,3,4,False,Intermediate Routines,1.0
1405875596,2014,32nd Annual East Coast Footbag Championships,Open Circle Contest,14,4,5,4,False,Open Circle Contest,1.0
1405875596,2014,32nd Annual East Coast Footbag Championships,Intermediate Circle Contest,8,4,6,4,False,Intermediate Circle Contest,1.0
1406219099,2014,14th Annual Polish Footbag Championships 2014,Open Doubles Net,3,6,3,3,False,Open Doubles Net,1.0
1406219099,2014,14th Annual Polish Footbag Championships 2014,Open Shred:30,5,7,5,5,False,Shred 30,0.762
1406219099,2014,14th Annual Polish Footbag Championships 2014,Open Circle Contest,4,3,4,3,False,Circle Contest,0.848
1406219099,2014,14th Annual Polish Footbag Championships 2014,Open 2-Square,8,4,4,4,False,Open 2-Square,1.0
1417735560,2015,36th IFPA WORLD FOOTBAG CHAMPIONSHIPS,Open Sick Trick,15,11,15,14,True,Open Sick Trick,1.0
1417735560,2015,36th IFPA WORLD FOOTBAG CHAMPIONSHIPS,Intermediate Sick Trick,3,2,3,3,True,Intermediate Sick Trick,1.0
1420195881,2015,17th FC Footstar anniversary,Open Mixed Doubles Net,6,5,6,5,False,Open Mixed Doubles Net,1.0
1421069713,2015,Bulgarian Open Footbag Jam,Open Doubles Net,4,3,4,3,False,Open Doubles Net,1.0
1423020874,2015,7ma Copa X-PRO,Open Doubles Net,16,15,16,15,False,Open Doubles Net,1.0
1425372477,2015,U.S. Open Footbag Championships 2015,Women's Doubles Net,2,1,2,1,False,Women's Doubles Net,1.0
1425372477,2015,U.S. Open Footbag Championships 2015,Open Mixed Doubles Net,9,5,7,7,False,Open Mixed Doubles Net,1.0
1435784719,2015,The Perpetual Flame Footbag Net Challenge,Open Singles,22,20,21,21,False,Open Singles,1.0
1435784719,2015,The Perpetual Flame Footbag Net Challenge,Open Doubles,16,14,15,15,False,Open Doubles,1.0
1449259560,2016,37th Annual IFPA WORLD FOOTBAG CHAMPIONSHIPS 2016,Open Doubles Net,27,54,27,27,True,Open Doubles Net,1.0
1449259560,2016,37th Annual IFPA WORLD FOOTBAG CHAMPIONSHIPS 2016,Women's Singles Net,13,21,12,12,True,Women's Singles Net,1.0
1449259560,2016,37th Annual IFPA WORLD FOOTBAG CHAMPIONSHIPS 2016,Women's Doubles Net,6,12,6,6,True,Women's Doubles Net,1.0
1449259560,2016,37th Annual IFPA WORLD FOOTBAG CHAMPIONSHIPS 2016,Open Mixed Doubles Net,12,24,12,12,True,Open Mixed Doubles Net,1.0
1449259560,2016,37th Annual IFPA WORLD FOOTBAG CHAMPIONSHIPS 2016,Master Doubles Net,7,14,7,7,True,Master Doubles Net,1.0
1449259560,2016,37th Annual IFPA WORLD FOOTBAG CHAMPIONSHIPS 2016,Sick 3,1,3,3,3,True,Sick 3,1.0
1449259560,2016,37th Annual IFPA WORLD FOOTBAG CHAMPIONSHIPS 2016,Footbag Golf,17,14,17,16,True,Footbag Golf,1.0
1467142686,2016,16th Annual Polish Footbag Championships,Open Circle Contest,4,10,4,7,False,Open Circle Contest,1.0
1467142686,2016,16th Annual Polish Footbag Championships,Sick 3,5,3,3,3,False,Sick 3,1.0
1473853257,2016,Malopolska Footbag Championships 2016 // Mistrzostwa Ma³opolski w Zo¶kê 2016,Footbag Golf,16,15,8,8,False,Footbag Golf,1.0
1473932659,2016,Austrian Footbag Championships 2016,Request Contest,7,6,6,6,False,Request Contest,1.0
1489248474,2017,Lake Erie Footbag Tournament,Footbag Net: Singles,7,1,8,8,False,Footbag Net: Singles,1.0
1489248474,2017,Lake Erie Footbag Tournament,Footbag Net: Doubles,4,1,4,8,False,Footbag Net: Singles,0.789
1502929111,2017,35th Annual East Coast Footbag Championships,Open Circle,6,7,5,5,False,Open Circle,1.0
1516978874,2018,RNH Contest 2018,Doubles Net,13,12,13,12,False,Doubles Net,1.0
1527557123,2018,Suramericano de Footbag Net y Freestyle,Open Doubles,6,7,3,3,False,Open Doubles,1.0
1529239199,2019,Lake Erie Footbag Tournament,Intermediate Circle,3,1,3,3,False,Intermediate Circle,1.0
1529239199,2019,Lake Erie Footbag Tournament,Open 1St & 2Nd,3,1,1,1,False,Open 1St & 2Nd,1.0
1555631351,2019,US Open Footbag Championships 2019,Intermediate Doubles Net,2,1,2,2,False,Intermediate Doubles Net,1.0
1555631351,2019,US Open Footbag Championships 2019,Intermediate Singles Net,3,2,3,3,False,Intermediate Singles Net,1.0
1564005204,2019,I. Ereaga Footbag Net Tournament (Doubles) 2019,I. Ereaga Footbag Net Tournament,4,1,4,4,False,I. Ereaga Footbag Net Tournament,1.0
1567551985,2019,XIX Polish Footbag Championships - Krakow 2019,Footbag Golf,6,3,3,3,False,Footbag Golf,1.0
1568961264,2019,RNH Footbag 20th Anniversary,Open Singles Net,20,1,20,14,False,Open Singles Net,1.0
1574365921,2019,Basque Open Footbag Net Tournament (Doubles),Footbag Net (Doubles) In April Of 2020.,4,3,4,3,False,Footbag Net (Doubles) In April Of 2020.,1.0
1593340253,2020,I.Bilbao Tournament (Doubles - Net),Open Doubles Net,5,4,4,4,False,Open Doubles Net,1.0
1624971880,2021,21st IFPA European Footbag Net Championships,Open Singles Net,24,19,24,23,False,Open Singles Net,1.0
1646387871,2022,41st IFPA WORLD FOOTBAG CHAMPIONSHIPS 2022,Freestyle Sick 3,6,8,8,8,False,Freestyle Sick 3,1.0
1653152207,2022,Akisphere 2022,Open Doubles Net,9,8,8,8,False,Open Doubles Net,1.0
1664206719,2023,2023 US Open,Open Singles Net,8,9,9,9,False,Open Singles Net,1.0
1668541701,2022,XXII Polish Footbag Championships - Warsaw 2022,Open Sick 3-Trick,9,6,9,6,False,Open Sick 3-Trick,1.0
1673723574,2023,Bulgarian Footbag Open 2023,Open Doubles Net,6,5,6,6,False,Open Doubles Net,1.0
1677937557,2023,13th Bembel Cup 2023,Open Doubles Net,11,9,11,11,False,Open Doubles Net,1.0
1678957450,2023,42nd Annual IFPA WORLD FOOTBAG CHAMPIONSHIPS 2023,Women's Doubles Net,5,10,5,5,False,Women's Doubles Net,1.0
1688144863,2023,41st Annual East Coast Footbag Championships,Open Freestyle Head To Head Battle,6,4,5,4,False,Open Freestyle Head To Head Battle,1.0
1699593640,2023,8vo Suramericano Footbag Net 2023,Open Singles Net,26,25,26,26,False,Open Singles Net,1.0
1699593640,2023,8vo Suramericano Footbag Net 2023,Intermediate Doubles Net,9,7,9,8,False,Intermediate Doubles Net,1.0
1706536250,2024,14th Bembel Cup 2024 - a jam with friends,Open Doubles Net,12,24,12,12,False,Open Doubles Net,1.0
1713276656,2024,1era Copa Footbag Net - Altos Mirandinos,Open Singles,18,17,18,18,False,Open Singles,1.0
1721817655,2024,VI. Basque Tournament of Footbag Net (Individual),Open Singles Net,8,6,11,6,False,Open Singles Net,1.0
1727756195,2024,24th Polish Footbag Championships - Krakow 2024,Open Sick3,7,9,7,7,False,Open Sick3,1.0
1739036206,2025,Bulgarian Footbag Open 2025,Singles Net,10,6,10,10,False,Singles Net,1.0
1739036206,2025,Bulgarian Footbag Open 2025,Doubles Net,6,12,6,6,False,Doubles Net,1.0
1740391168,2025,25th IFPA European Footbag Championships 2025,Sick 3,6,3,6,4,False,Sick 3,1.0
1740419380,2025,Swiss Footbag Open 2025,Open Singles Net,16,15,15,15,False,Open Singles Net,1.0
1741024635,2025,44th Annual IFPA WORLD FOOTBAG CHAMPIONSHIPS 2025,Footbag Golf,17,16,17,16,False,Footbag Golf,1.0
1741024635,2025,44th Annual IFPA WORLD FOOTBAG CHAMPIONSHIPS 2025,2-Square,17,14,10,8,False,2-Square,1.0
1746737817,2025,Akisphere 2025,Double Open - Open Doubles,8,7,8,8,False,Double Open - Open Doubles,1.0
1751568193,2025,25th Polish Footbag Championships - Jaworzno 2025,Open Double Net,5,4,5,4,False,Open Double Net,1.0
857875120,1997,Western Regional Footbag Championships,Novice Doubles Net,6,5,3,3,False,Novice Doubles Net,1.0
857879540,1997,The 15th Annual EAST COAST FOOTBAG CHAMPIONSHIPS,Singles Freestyle,4,3,4,3,True,Singles Freestyle,1.0
857879540,1997,The 15th Annual EAST COAST FOOTBAG CHAMPIONSHIPS,Doubles Net,8,7,3,3,True,Doubles Net,1.0
857880964,1997,13th Annual MIDWEST REGIONAL FOOTBAG CHAMPIONSHIPS,Pro Doubles Net Listing,5,4,4,4,False,Pro Doubles Net Listing,1.0
857880964,1997,13th Annual MIDWEST REGIONAL FOOTBAG CHAMPIONSHIPS,Novice Freestyle,6,5,6,6,False,Novice Freestyle,1.0
857881898,1997,Funtastik Summer Classic,Amateur Freestyle,5,4,5,5,False,Amateur Freestyle,1.0
859787898,1997,HEART OF FOOTBAG Freestyle Tournament,Shred Skills Contest,7,8,8,8,False,Shred Skills Contest,1.0
859923755,1997,California State Footbag Championships,Open Doubles Net,13,12,12,12,False,Open Doubles Net,1.0
859923755,1997,California State Footbag Championships,Mixed Doubles Net,6,5,5,5,False,Mixed Doubles Net,1.0
859923755,1997,California State Footbag Championships,Intermediate Doubles,9,7,8,8,False,Intermediate Doubles,1.0
859923755,1997,California State Footbag Championships,Novice Doubles,4,3,3,3,False,Novice Doubles,1.0
876336655,1998,Air-A-Zona 2nd Annual Footbag Net Championships,Intermediate Singles,5,4,5,4,False,Intermediate Singles,1.0
876336655,1998,Air-A-Zona 2nd Annual Footbag Net Championships,Novice Singles,4,2,4,4,False,Novice Singles,1.0
876591529,1998,1998 WORLD FOOTBAG CHAMPIONSHIPS,Men's Open Doubles Footbag Net,3,2,3,2,False,Men's Open Doubles Footbag Net,1.0
876591529,1998,1998 WORLD FOOTBAG CHAMPIONSHIPS,Open Mixed Doubles Footbag Net,3,2,3,3,False,Open Mixed Doubles Footbag Net,1.0
876591529,1998,1998 WORLD FOOTBAG CHAMPIONSHIPS,Open Doubles Freestyle,3,1,3,2,False,Open Doubles Freestyle,1.0
876591529,1998,1998 WORLD FOOTBAG CHAMPIONSHIPS,Open Mixed Doubles Freestyle,3,1,3,1,False,Open Mixed Doubles Freestyle,1.0
876591529,1998,1998 WORLD FOOTBAG CHAMPIONSHIPS,Open Doubles Distance One-Pass,3,1,3,1,False,Open Doubles Distance One-Pass,1.0
876591529,1998,1998 WORLD FOOTBAG CHAMPIONSHIPS,Intermediate Doubles Footbag Net,3,1,3,1,False,Intermediate Doubles Footbag Net,1.0
877061793,1998,U. S. Open Footbag Net Championships,Beginner Doubles Net (Sunday) 6 Teams,4,3,4,3,False,Beginner Doubles Net (Sunday) 6 Teams,1.0
877848852,1997,Auburn U.F.O. Fall Festival,Intermediate 5-Min Timed Consecutives,3,2,3,3,False,Intermediate 5-Min Timed Consecutives,1.0
886044392,1998,12th Annual Vancouver Open Footbag Net Tournament,Open Doubles Net,3,1,3,2,False,Open Doubles Net,1.0
886044392,1998,12th Annual Vancouver Open Footbag Net Tournament,Mixed Doubles Net,3,1,3,2,False,Mixed Doubles Net,1.0
892446131,1998,Kansas Footbag Open,Intermediate,9,3,3,1,False,Intermediate,1.0
899077904,1998,Northern Illinois Footbag Open,Intermediate Footbag Golf,3,2,3,2,False,Intermediate Footbag Golf,1.0
903632480,1999,3rd Annual Air-A-Zona Footbag Net Championships,Intermediate Doubles,6,5,6,6,False,Intermediate Doubles,1.0
912467534,1999,12th Annual U.S. Open Footbag Net Championships,Novice Doubles Footbag Net,4,3,4,4,False,Novice Doubles Footbag Net,1.0
915561090,1999,WORLD FOOTBAG CHAMPIONSHIPS,Women's Doubles Net,4,8,4,4,False,Women's Doubles Net,1.0
915561090,1999,WORLD FOOTBAG CHAMPIONSHIPS,Open Doubles Net,27,54,27,27,False,Open Doubles Net,1.0
915561090,1999,WORLD FOOTBAG CHAMPIONSHIPS,Open Singles Freestyle,21,20,17,17,False,Open Singles Freestyle,1.0
915561090,1999,WORLD FOOTBAG CHAMPIONSHIPS,Mixed Doubles Net,12,24,7,7,False,Mixed Doubles Net,1.0
915561090,1999,WORLD FOOTBAG CHAMPIONSHIPS,Open Doubles Freestyle,5,10,5,5,False,Open Doubles Freestyle,1.0
915561090,1999,WORLD FOOTBAG CHAMPIONSHIPS,Mixed Doubles Freestyle,2,4,2,2,False,Mixed Doubles Freestyle,1.0
915561090,1999,WORLD FOOTBAG CHAMPIONSHIPS,Open Doubles Distance One-Pass,8,16,8,8,False,Open Doubles Distance One-Pass,1.0
915561090,1999,WORLD FOOTBAG CHAMPIONSHIPS,Women's Doubles Distance One-Pass,4,8,4,4,False,Women's Doubles Distance One-Pass,1.0
915561090,1999,WORLD FOOTBAG CHAMPIONSHIPS,Intermediate Doubles Net,6,12,6,6,False,Intermediate Doubles Net,1.0
917278465,1999,EUROPEAN FOOTBAG OPEN,Open Singles Freestyle,8,7,8,8,False,Open Singles Freestyle,1.0
931840905,1999,1st Annual Montana Invitational,Novice Overall,12,11,12,12,False,Novice Overall,1.0
933115858,2000,Colorado Shred Symposium,Intermediate,5,4,5,5,False,Intermediate,1.0
937727262,1999,California State Footbag Championships,Grand Masters Division: :-),7,6,5,4,True,Grand Masters Division: :-),1.0
942013549,1999,German Footbag Freestyle Battle 99,Open Singles Freestyle,8,7,8,8,False,Open Singles Freestyle,1.0
946940201,2000,East Coast Footbag Championships,Novice Freestyle,2,1,2,2,False,Novice Freestyle,1.0
946940201,2000,East Coast Footbag Championships,Open Freestyle,3,2,3,3,False,Open Freestyle,1.0
946940201,2000,East Coast Footbag Championships,Intermediate Golf,2,1,2,2,False,Intermediate Golf,1.0
946940201,2000,East Coast Footbag Championships,Open Golf,3,1,3,1,False,Open Golf,1.0
948943299,2000,First Annual Arica Open,Doubles Net,7,3,4,3,False,Doubles Net,1.0
949991621,2000,6th Annual Southern California Footbag Championships,Open Freestyle Shred,5,4,4,3,False,Open Freestyle Shred,1.0
952906680,2000,Montreal International Footbag Championships,Open Freestyle,4,2,4,4,False,Open Freestyle,1.0
952906680,2000,Montreal International Footbag Championships,Intermédiaire Freestyle,6,3,6,3,False,Intermédiaire - Simple,0.791
953918475,2000,Funtastik Summer Classic Footbag Tournament,Pro Singles Net,6,5,5,5,False,Pro Singles Net,1.0
967817818,2000,Texas State Footbag Championships,Novice Golf,3,2,3,3,False,Novice Golf,1.0
972427576,2001,L'Hivernal (The Windchill) Footbag Tournament,Routines Intermediate Freestyle,10,9,12,12,False,Routines Intermediate Freestyle,1.0
972427576,2001,L'Hivernal (The Windchill) Footbag Tournament,Shred Contest,15,14,15,15,False,Shred Contest,1.0
973573676,2001,2nd Annual New Zealand Footbag Championships,Mens Open Freestyle,2,1,2,1,False,Mens Open Freestyle,1.0
974683678,2001,COLORADO SHRED SYMPOSIUM 2,Intermediate Shred,26,14,13,13,False,Intermediate Shred,1.0
979089216,2001,First Annual Eugene Freestyle Freekout!!!,45 Second Shred,9,4,5,4,False,Open 45 Second Shred,0.857
979089216,2001,First Annual Eugene Freestyle Freekout!!!,Sick 10 Trick,8,4,4,4,False,Open Sick 10 Trick,0.839
979334083,2001,WESTERN REGIONAL FOOTBAG CHAMPIONSHIPS,Open Singles Freestyle,11,4,11,11,False,Open Singles Freestyle,1.0
979334083,2001,WESTERN REGIONAL FOOTBAG CHAMPIONSHIPS,Women's Singles Net,7,6,7,7,False,Women's Singles Net,1.0
979334083,2001,WESTERN REGIONAL FOOTBAG CHAMPIONSHIPS,Open Mixed Doubles Net,8,7,8,7,False,Open Mixed Doubles Net,1.0
979334083,2001,WESTERN REGIONAL FOOTBAG CHAMPIONSHIPS,Women's Doubles Net,4,3,4,3,False,Women's Doubles Net,1.0
979334083,2001,WESTERN REGIONAL FOOTBAG CHAMPIONSHIPS,Intermediate Singles Freestyle,7,2,7,7,False,Intermediate Singles Freestyle,1.0
979334083,2001,WESTERN REGIONAL FOOTBAG CHAMPIONSHIPS,Intermediate Doubles Net,3,2,3,2,False,Intermediate Doubles Net,1.0
981129410,2001,East Coast Footbag Championships,Novice Doubles Net,3,2,3,3,False,Novice Doubles Net,1.0
989875090,2001,Chicago Inner Circle Museum of Science and Industry Jam,30 Second Shred,6,5,3,3,False,30 Second Shred,1.0
990626988,2001,Polish Footbag Competition,Results Freestyle Man,7,1,6,1,False,Results Freestyle Man,1.0
990905420,2001,Vancouver Open Footbag Tournament,Open Doubles,12,4,12,4,False,Open Doubles,1.0
991285803,2001,Montreal International Footbag Net Championships 2001,Open Doubles,14,15,14,14,False,Open Doubles,1.0
991757909,2001,Funtastik Summer Classic Footbag Tournament,Team Freestyle,3,2,3,2,False,Team Freestyle,1.0
991757909,2001,Funtastik Summer Classic Footbag Tournament,Novice Dbl Net,3,2,3,2,False,Novice Dbl Net,1.0
991757909,2001,Funtastik Summer Classic Footbag Tournament,Amateur Freestyle,6,5,6,6,False,Amateur Freestyle,1.0
996293200,2001,Australian Footbag Championships,Singles 5 Minute Timed Kicking,3,2,3,3,True,Singles 5 Minute Timed Kicking,1.0
